# Vanguard-class cruiser, generated by generate_ship.py
o vanguard
v 0.06000 0.00000 -2.40000
v 0.05938 0.00639 -2.40000
v 0.05754 0.01127 -2.40000
v 0.05450 0.01554 -2.40000
v 0.05029 0.01927 -2.40000
v 0.04495 0.02247 -2.40000
v 0.03853 0.02514 -2.40000
v 0.03107 0.02725 -2.40000
v 0.02255 0.02877 -2.40000
v 0.01279 0.02969 -2.40000
v 0.00000 0.03000 -2.40000
v -0.01279 0.02969 -2.40000
v -0.02255 0.02877 -2.40000
v -0.03107 0.02725 -2.40000
v -0.03853 0.02514 -2.40000
v -0.04495 0.02247 -2.40000
v -0.05029 0.01927 -2.40000
v -0.05450 0.01554 -2.40000
v -0.05754 0.01127 -2.40000
v -0.05938 0.00639 -2.40000
v -0.06000 0.00000 -2.40000
v -0.05938 -0.00639 -2.40000
v -0.05754 -0.01127 -2.40000
v -0.05450 -0.01554 -2.40000
v -0.05029 -0.01927 -2.40000
v -0.04495 -0.02247 -2.40000
v -0.03853 -0.02514 -2.40000
v -0.03107 -0.02725 -2.40000
v -0.02255 -0.02877 -2.40000
v -0.01279 -0.02969 -2.40000
v -0.00000 -0.03000 -2.40000
v 0.01279 -0.02969 -2.40000
v 0.02255 -0.02877 -2.40000
v 0.03107 -0.02725 -2.40000
v 0.03853 -0.02514 -2.40000
v 0.04495 -0.02247 -2.40000
v 0.05029 -0.01927 -2.40000
v 0.05450 -0.01554 -2.40000
v 0.05754 -0.01127 -2.40000
v 0.05938 -0.00639 -2.40000
v 0.09864 0.00232 -2.24815
v 0.09763 0.01232 -2.24815
v 0.09460 0.01995 -2.24815
v 0.08960 0.02661 -2.24815
v 0.08267 0.03244 -2.24815
v 0.07390 0.03745 -2.24815
v 0.06335 0.04162 -2.24815
v 0.05108 0.04492 -2.24815
v 0.03707 0.04729 -2.24815
v 0.02102 0.04873 -2.24815
v 0.00000 0.04921 -2.24815
v -0.02102 0.04873 -2.24815
v -0.03707 0.04729 -2.24815
v -0.05108 0.04492 -2.24815
v -0.06335 0.04162 -2.24815
v -0.07390 0.03745 -2.24815
v -0.08267 0.03244 -2.24815
v -0.08960 0.02661 -2.24815
v -0.09460 0.01995 -2.24815
v -0.09763 0.01232 -2.24815
v -0.09864 0.00232 -2.24815
v -0.09763 -0.00767 -2.24815
v -0.09460 -0.01530 -2.24815
v -0.08960 -0.02196 -2.24815
v -0.08267 -0.02779 -2.24815
v -0.07390 -0.03281 -2.24815
v -0.06335 -0.03698 -2.24815
v -0.05108 -0.04027 -2.24815
v -0.03707 -0.04265 -2.24815
v -0.02102 -0.04409 -2.24815
v -0.00000 -0.04457 -2.24815
v 0.02102 -0.04409 -2.24815
v 0.03707 -0.04265 -2.24815
v 0.05108 -0.04027 -2.24815
v 0.06335 -0.03698 -2.24815
v 0.07390 -0.03281 -2.24815
v 0.08267 -0.02779 -2.24815
v 0.08960 -0.02196 -2.24815
v 0.09460 -0.01530 -2.24815
v 0.09763 -0.00767 -2.24815
v 0.13683 0.00461 -2.09630
v 0.13543 0.01817 -2.09630
v 0.13123 0.02851 -2.09630
v 0.12429 0.03755 -2.09630
v 0.11468 0.04546 -2.09630
v 0.10251 0.05226 -2.09630
v 0.08788 0.05791 -2.09630
v 0.07086 0.06238 -2.09630
v 0.05142 0.06560 -2.09630
v 0.02916 0.06756 -2.09630
v 0.00000 0.06821 -2.09630
v -0.02916 0.06756 -2.09630
v -0.05142 0.06560 -2.09630
v -0.07086 0.06238 -2.09630
v -0.08788 0.05791 -2.09630
v -0.10251 0.05226 -2.09630
v -0.11468 0.04546 -2.09630
v -0.12429 0.03755 -2.09630
v -0.13123 0.02851 -2.09630
v -0.13543 0.01817 -2.09630
v -0.13683 0.00461 -2.09630
v -0.13543 -0.00894 -2.09630
v -0.13123 -0.01929 -2.09630
v -0.12429 -0.02832 -2.09630
v -0.11468 -0.03623 -2.09630
v -0.10251 -0.04303 -2.09630
v -0.08788 -0.04869 -2.09630
v -0.07086 -0.05315 -2.09630
v -0.05142 -0.05638 -2.09630
v -0.02916 -0.05833 -2.09630
v -0.00000 -0.05898 -2.09630
v 0.02916 -0.05833 -2.09630
v 0.05142 -0.05638 -2.09630
v 0.07086 -0.05315 -2.09630
v 0.08788 -0.04869 -2.09630
v 0.10251 -0.04303 -2.09630
v 0.11468 -0.03623 -2.09630
v 0.12429 -0.02832 -2.09630
v 0.13123 -0.01929 -2.09630
v 0.13543 -0.00894 -2.09630
v 0.17413 0.00684 -1.94444
v 0.17234 0.02387 -1.94444
v 0.16700 0.03688 -1.94444
v 0.15817 0.04823 -1.94444
v 0.14594 0.05817 -1.94444
v 0.13045 0.06672 -1.94444
v 0.11183 0.07383 -1.94444
v 0.09017 0.07944 -1.94444
v 0.06544 0.08349 -1.94444
v 0.03711 0.08594 -1.94444
v 0.00000 0.08677 -1.94444
v -0.03711 0.08594 -1.94444
v -0.06544 0.08349 -1.94444
v -0.09017 0.07944 -1.94444
v -0.11183 0.07383 -1.94444
v -0.13045 0.06672 -1.94444
v -0.14594 0.05817 -1.94444
v -0.15817 0.04823 -1.94444
v -0.16700 0.03688 -1.94444
v -0.17234 0.02387 -1.94444
v -0.17413 0.00684 -1.94444
v -0.17234 -0.01019 -1.94444
v -0.16700 -0.02320 -1.94444
v -0.15817 -0.03455 -1.94444
v -0.14594 -0.04449 -1.94444
v -0.13045 -0.05304 -1.94444
v -0.11183 -0.06015 -1.94444
v -0.09017 -0.06576 -1.94444
v -0.06544 -0.06981 -1.94444
v -0.03711 -0.07226 -1.94444
v -0.00000 -0.07308 -1.94444
v 0.03711 -0.07226 -1.94444
v 0.06544 -0.06981 -1.94444
v 0.09017 -0.06576 -1.94444
v 0.11183 -0.06015 -1.94444
v 0.13045 -0.05304 -1.94444
v 0.14594 -0.04449 -1.94444
v 0.15817 -0.03455 -1.94444
v 0.16700 -0.02320 -1.94444
v 0.17234 -0.01019 -1.94444
v 0.21011 0.00898 -1.79259
v 0.20795 0.02937 -1.79259
v 0.20150 0.04494 -1.79259
v 0.19084 0.05853 -1.79259
v 0.17609 0.07043 -1.79259
v 0.15740 0.08067 -1.79259
v 0.13493 0.08918 -1.79259
v 0.10880 0.09590 -1.79259
v 0.07896 0.10075 -1.79259
v 0.04478 0.10369 -1.79259
v 0.00000 0.10467 -1.79259
v -0.04478 0.10369 -1.79259
v -0.07896 0.10075 -1.79259
v -0.10880 0.09590 -1.79259
v -0.13493 0.08918 -1.79259
v -0.15740 0.08067 -1.79259
v -0.17609 0.07043 -1.79259
v -0.19084 0.05853 -1.79259
v -0.20150 0.04494 -1.79259
v -0.20795 0.02937 -1.79259
v -0.21011 0.00898 -1.79259
v -0.20795 -0.01142 -1.79259
v -0.20150 -0.02699 -1.79259
v -0.19084 -0.04058 -1.79259
v -0.17609 -0.05248 -1.79259
v -0.15740 -0.06271 -1.79259
v -0.13493 -0.07123 -1.79259
v -0.10880 -0.07795 -1.79259
v -0.07896 -0.08280 -1.79259
v -0.04478 -0.08574 -1.79259
v -0.00000 -0.08672 -1.79259
v 0.04478 -0.08574 -1.79259
v 0.07896 -0.08280 -1.79259
v 0.10880 -0.07795 -1.79259
v 0.13493 -0.07123 -1.79259
v 0.15740 -0.06271 -1.79259
v 0.17609 -0.05248 -1.79259
v 0.19084 -0.04058 -1.79259
v 0.20150 -0.02699 -1.79259
v 0.20795 -0.01142 -1.79259
v 0.24434 0.01099 -1.64074
v 0.24183 0.03459 -1.64074
v 0.23434 0.05261 -1.64074
v 0.22194 0.06833 -1.64074
v 0.20478 0.08210 -1.64074
v 0.18305 0.09395 -1.64074
v 0.15692 0.10379 -1.64074
v 0.12653 0.11157 -1.64074
v 0.09183 0.11719 -1.64074
v 0.05207 0.12058 -1.64074
v 0.00000 0.12172 -1.64074
v -0.05207 0.12058 -1.64074
v -0.09183 0.11719 -1.64074
v -0.12653 0.11157 -1.64074
v -0.15692 0.10379 -1.64074
v -0.18305 0.09395 -1.64074
v -0.20478 0.08210 -1.64074
v -0.22194 0.06833 -1.64074
v -0.23434 0.05261 -1.64074
v -0.24183 0.03459 -1.64074
v -0.24434 0.01099 -1.64074
v -0.24183 -0.01261 -1.64074
v -0.23434 -0.03063 -1.64074
v -0.22194 -0.04635 -1.64074
v -0.20478 -0.06012 -1.64074
v -0.18305 -0.07196 -1.64074
v -0.15692 -0.08181 -1.64074
v -0.12653 -0.08959 -1.64074
v -0.09183 -0.09521 -1.64074
v -0.05207 -0.09860 -1.64074
v -0.00000 -0.09974 -1.64074
v 0.05207 -0.09860 -1.64074
v 0.09183 -0.09521 -1.64074
v 0.12653 -0.08959 -1.64074
v 0.15692 -0.08181 -1.64074
v 0.18305 -0.07196 -1.64074
v 0.20478 -0.06012 -1.64074
v 0.22194 -0.04635 -1.64074
v 0.23434 -0.03063 -1.64074
v 0.24183 -0.01261 -1.64074
v 0.27644 0.01286 -1.48889
v 0.27360 0.03947 -1.48889
v 0.26512 0.05978 -1.48889
v 0.25109 0.07752 -1.48889
v 0.23169 0.09305 -1.48889
v 0.20710 0.10640 -1.48889
v 0.17753 0.11751 -1.48889
v 0.14315 0.12627 -1.48889
v 0.10389 0.13261 -1.48889
v 0.05891 0.13644 -1.48889
v 0.00000 0.13772 -1.48889
v -0.05891 0.13644 -1.48889
v -0.10389 0.13261 -1.48889
v -0.14315 0.12627 -1.48889
v -0.17753 0.11751 -1.48889
v -0.20710 0.10640 -1.48889
v -0.23169 0.09305 -1.48889
v -0.25109 0.07752 -1.48889
v -0.26512 0.05978 -1.48889
v -0.27360 0.03947 -1.48889
v -0.27644 0.01286 -1.48889
v -0.27360 -0.01375 -1.48889
v -0.26512 -0.03407 -1.48889
v -0.25109 -0.05181 -1.48889
v -0.23169 -0.06733 -1.48889
v -0.20710 -0.08069 -1.48889
v -0.17753 -0.09179 -1.48889
v -0.14315 -0.10056 -1.48889
v -0.10389 -0.10690 -1.48889
v -0.05891 -0.11073 -1.48889
v -0.00000 -0.11201 -1.48889
v 0.05891 -0.11073 -1.48889
v 0.10389 -0.10690 -1.48889
v 0.14315 -0.10056 -1.48889
v 0.17753 -0.09179 -1.48889
v 0.20710 -0.08069 -1.48889
v 0.23169 -0.06733 -1.48889
v 0.25109 -0.05181 -1.48889
v 0.26512 -0.03407 -1.48889
v 0.27360 -0.01375 -1.48889
v 0.30603 0.01455 -1.33704
v 0.30288 0.04394 -1.33704
v 0.29349 0.06639 -1.33704
v 0.27797 0.08598 -1.33704
v 0.25648 0.10313 -1.33704
v 0.22926 0.11788 -1.33704
v 0.19654 0.13015 -1.33704
v 0.15848 0.13984 -1.33704
v 0.11501 0.14684 -1.33704
v 0.06522 0.15107 -1.33704
v 0.00000 0.15249 -1.33704
v -0.06522 0.15107 -1.33704
v -0.11501 0.14684 -1.33704
v -0.15848 0.13984 -1.33704
v -0.19654 0.13015 -1.33704
v -0.22926 0.11788 -1.33704
v -0.25648 0.10313 -1.33704
v -0.27797 0.08598 -1.33704
v -0.29349 0.06639 -1.33704
v -0.30288 0.04394 -1.33704
v -0.30603 0.01455 -1.33704
v -0.30288 -0.01485 -1.33704
v -0.29349 -0.03729 -1.33704
v -0.27797 -0.05688 -1.33704
v -0.25648 -0.07404 -1.33704
v -0.22926 -0.08879 -1.33704
v -0.19654 -0.10106 -1.33704
v -0.15848 -0.11074 -1.33704
v -0.11501 -0.11774 -1.33704
v -0.06522 -0.12197 -1.33704
v -0.00000 -0.12339 -1.33704
v 0.06522 -0.12197 -1.33704
v 0.11501 -0.11774 -1.33704
v 0.15848 -0.11074 -1.33704
v 0.19654 -0.10106 -1.33704
v 0.22926 -0.08879 -1.33704
v 0.25648 -0.07404 -1.33704
v 0.27797 -0.05688 -1.33704
v 0.29349 -0.03729 -1.33704
v 0.30288 -0.01485 -1.33704
v 0.33276 0.01604 -1.18519
v 0.32934 0.04797 -1.18519
v 0.31913 0.07234 -1.18519
v 0.30225 0.09362 -1.18519
v 0.27889 0.11225 -1.18519
v 0.24929 0.12827 -1.18519
v 0.21371 0.14159 -1.18519
v 0.17232 0.15211 -1.18519
v 0.12506 0.15971 -1.18519
v 0.07092 0.16431 -1.18519
v 0.00000 0.16585 -1.18519
v -0.07092 0.16431 -1.18519
v -0.12506 0.15971 -1.18519
v -0.17232 0.15211 -1.18519
v -0.21371 0.14159 -1.18519
v -0.24929 0.12827 -1.18519
v -0.27889 0.11225 -1.18519
v -0.30225 0.09362 -1.18519
v -0.31913 0.07234 -1.18519
v -0.32934 0.04797 -1.18519
v -0.33276 0.01604 -1.18519
v -0.32934 -0.01588 -1.18519
v -0.31913 -0.04026 -1.18519
v -0.30225 -0.06153 -1.18519
v -0.27889 -0.08016 -1.18519
v -0.24929 -0.09618 -1.18519
v -0.21371 -0.10951 -1.18519
v -0.17232 -0.12003 -1.18519
v -0.12506 -0.12763 -1.18519
v -0.07092 -0.13222 -1.18519
v -0.00000 -0.13376 -1.18519
v 0.07092 -0.13222 -1.18519
v 0.12506 -0.12763 -1.18519
v 0.17232 -0.12003 -1.18519
v 0.21371 -0.10951 -1.18519
v 0.24929 -0.09618 -1.18519
v 0.27889 -0.08016 -1.18519
v 0.30225 -0.06153 -1.18519
v 0.31913 -0.04026 -1.18519
v 0.32934 -0.01588 -1.18519
v 0.35633 0.01732 -1.03333
v 0.35267 0.05149 -1.03333
v 0.34174 0.07758 -1.03333
v 0.32366 0.10035 -1.03333
v 0.29865 0.12029 -1.03333
v 0.26695 0.13743 -1.03333
v 0.22884 0.15170 -1.03333
v 0.18453 0.16295 -1.03333
v 0.13392 0.17109 -1.03333
v 0.07594 0.17601 -1.03333
v 0.00000 0.17765 -1.03333
v -0.07594 0.17601 -1.03333
v -0.13392 0.17109 -1.03333
v -0.18453 0.16295 -1.03333
v -0.22884 0.15170 -1.03333
v -0.26695 0.13743 -1.03333
v -0.29865 0.12029 -1.03333
v -0.32366 0.10035 -1.03333
v -0.34174 0.07758 -1.03333
v -0.35267 0.05149 -1.03333
v -0.35633 0.01732 -1.03333
v -0.35267 -0.01685 -1.03333
v -0.34174 -0.04294 -1.03333
v -0.32366 -0.06571 -1.03333
v -0.29865 -0.08565 -1.03333
v -0.26695 -0.10279 -1.03333
v -0.22884 -0.11705 -1.03333
v -0.18453 -0.12831 -1.03333
v -0.13392 -0.13645 -1.03333
v -0.07594 -0.14136 -1.03333
v -0.00000 -0.14301 -1.03333
v 0.07594 -0.14136 -1.03333
v 0.13392 -0.13645 -1.03333
v 0.18453 -0.12831 -1.03333
v 0.22884 -0.11705 -1.03333
v 0.26695 -0.10279 -1.03333
v 0.29865 -0.08565 -1.03333
v 0.32366 -0.06571 -1.03333
v 0.34174 -0.04294 -1.03333
v 0.35267 -0.01685 -1.03333
v 0.37647 0.01836 -0.88148
v 0.37261 0.05447 -0.88148
v 0.36105 0.08203 -0.88148
v 0.34195 0.10609 -0.88148
v 0.31552 0.12716 -0.88148
v 0.28204 0.14527 -0.88148
v 0.24178 0.16034 -0.88148
v 0.19496 0.17223 -0.88148
v 0.14149 0.18083 -0.88148
v 0.08023 0.18603 -0.88148
v 0.00000 0.18777 -0.88148
v -0.08023 0.18603 -0.88148
v -0.14149 0.18083 -0.88148
v -0.19496 0.17223 -0.88148
v -0.24178 0.16034 -0.88148
v -0.28204 0.14527 -0.88148
v -0.31552 0.12716 -0.88148
v -0.34195 0.10609 -0.88148
v -0.36105 0.08203 -0.88148
v -0.37261 0.05447 -0.88148
v -0.37647 0.01836 -0.88148
v -0.37261 -0.01774 -0.88148
v -0.36105 -0.04530 -0.88148
v -0.34195 -0.06936 -0.88148
v -0.31552 -0.09043 -0.88148
v -0.28204 -0.10854 -0.88148
v -0.24178 -0.12361 -0.88148
v -0.19496 -0.13551 -0.88148
v -0.14149 -0.14410 -0.88148
v -0.08023 -0.14930 -0.88148
v -0.00000 -0.15104 -0.88148
v 0.08023 -0.14930 -0.88148
v 0.14149 -0.14410 -0.88148
v 0.19496 -0.13551 -0.88148
v 0.24178 -0.12361 -0.88148
v 0.28204 -0.10854 -0.88148
v 0.31552 -0.09043 -0.88148
v 0.34195 -0.06936 -0.88148
v 0.36105 -0.04530 -0.88148
v 0.37261 -0.01774 -0.88148
v 0.39294 0.01916 -0.72963
v 0.38891 0.05686 -0.72963
v 0.37685 0.08565 -0.72963
v 0.35692 0.11078 -0.72963
v 0.32933 0.13278 -0.72963
v 0.29438 0.15170 -0.72963
v 0.25236 0.16743 -0.72963
v 0.20349 0.17985 -0.72963
v 0.14768 0.18883 -0.72963
v 0.08374 0.19426 -0.72963
v 0.00000 0.19607 -0.72963
v -0.08374 0.19426 -0.72963
v -0.14768 0.18883 -0.72963
v -0.20349 0.17985 -0.72963
v -0.25236 0.16743 -0.72963
v -0.29438 0.15170 -0.72963
v -0.32933 0.13278 -0.72963
v -0.35692 0.11078 -0.72963
v -0.37685 0.08565 -0.72963
v -0.38891 0.05686 -0.72963
v -0.39294 0.01916 -0.72963
v -0.38891 -0.01854 -0.72963
v -0.37685 -0.04733 -0.72963
v -0.35692 -0.07246 -0.72963
v -0.32933 -0.09446 -0.72963
v -0.29438 -0.11338 -0.72963
v -0.25236 -0.12911 -0.72963
v -0.20349 -0.14153 -0.72963
v -0.14768 -0.15051 -0.72963
v -0.08374 -0.15594 -0.72963
v -0.00000 -0.15775 -0.72963
v 0.08374 -0.15594 -0.72963
v 0.14768 -0.15051 -0.72963
v 0.20349 -0.14153 -0.72963
v 0.25236 -0.12911 -0.72963
v 0.29438 -0.11338 -0.72963
v 0.32933 -0.09446 -0.72963
v 0.35692 -0.07246 -0.72963
v 0.37685 -0.04733 -0.72963
v 0.38891 -0.01854 -0.72963
v 0.40556 0.01970 -0.57778
v 0.40139 0.05865 -0.57778
v 0.38895 0.08839 -0.57778
v 0.36837 0.11435 -0.57778
v 0.33990 0.13708 -0.57778
v 0.30383 0.15663 -0.57778
v 0.26046 0.17289 -0.57778
v 0.21002 0.18572 -0.57778
v 0.15242 0.19499 -0.57778
v 0.08643 0.20060 -0.57778
v 0.00000 0.20248 -0.57778
v -0.08643 0.20060 -0.57778
v -0.15242 0.19499 -0.57778
v -0.21002 0.18572 -0.57778
v -0.26046 0.17289 -0.57778
v -0.30383 0.15663 -0.57778
v -0.33990 0.13708 -0.57778
v -0.36837 0.11435 -0.57778
v -0.38895 0.08839 -0.57778
v -0.40139 0.05865 -0.57778
v -0.40556 0.01970 -0.57778
v -0.40139 -0.01926 -0.57778
v -0.38895 -0.04900 -0.57778
v -0.36837 -0.07496 -0.57778
v -0.33990 -0.09769 -0.57778
v -0.30383 -0.11724 -0.57778
v -0.26046 -0.13350 -0.57778
v -0.21002 -0.14633 -0.57778
v -0.15242 -0.15560 -0.57778
v -0.08643 -0.16121 -0.57778
v -0.00000 -0.16309 -0.57778
v 0.08643 -0.16121 -0.57778
v 0.15242 -0.15560 -0.57778
v 0.21002 -0.14633 -0.57778
v 0.26046 -0.13350 -0.57778
v 0.30383 -0.11724 -0.57778
v 0.33990 -0.09769 -0.57778
v 0.36837 -0.07496 -0.57778
v 0.38895 -0.04900 -0.57778
v 0.40139 -0.01926 -0.57778
v 0.41417 0.01997 -0.42593
v 0.40992 0.05981 -0.42593
v 0.39721 0.09023 -0.42593
v 0.37620 0.11678 -0.42593
v 0.34712 0.14003 -0.42593
v 0.31028 0.16002 -0.42593
v 0.26599 0.17665 -0.42593
v 0.21448 0.18977 -0.42593
v 0.15566 0.19926 -0.42593
v 0.08827 0.20499 -0.42593
v 0.00000 0.20691 -0.42593
v -0.08827 0.20499 -0.42593
v -0.15566 0.19926 -0.42593
v -0.21448 0.18977 -0.42593
v -0.26599 0.17665 -0.42593
v -0.31028 0.16002 -0.42593
v -0.34712 0.14003 -0.42593
v -0.37620 0.11678 -0.42593
v -0.39721 0.09023 -0.42593
v -0.40992 0.05981 -0.42593
v -0.41417 0.01997 -0.42593
v -0.40992 -0.01987 -0.42593
v -0.39721 -0.05029 -0.42593
v -0.37620 -0.07684 -0.42593
v -0.34712 -0.10009 -0.42593
v -0.31028 -0.12009 -0.42593
v -0.26599 -0.13671 -0.42593
v -0.21448 -0.14984 -0.42593
v -0.15566 -0.15932 -0.42593
v -0.08827 -0.16506 -0.42593
v -0.00000 -0.16698 -0.42593
v 0.08827 -0.16506 -0.42593
v 0.15566 -0.15932 -0.42593
v 0.21448 -0.14984 -0.42593
v 0.26599 -0.13671 -0.42593
v 0.31028 -0.12009 -0.42593
v 0.34712 -0.10009 -0.42593
v 0.37620 -0.07684 -0.42593
v 0.39721 -0.05029 -0.42593
v 0.40992 -0.01987 -0.42593
v 0.41869 0.01997 -0.27407
v 0.41439 0.06032 -0.27407
v 0.40154 0.09113 -0.27407
v 0.38030 0.11802 -0.27407
v 0.35090 0.14157 -0.27407
v 0.31366 0.16182 -0.27407
v 0.26889 0.17866 -0.27407
v 0.21682 0.19196 -0.27407
v 0.15735 0.20156 -0.27407
v 0.08923 0.20738 -0.27407
v 0.00000 0.20932 -0.27407
v -0.08923 0.20738 -0.27407
v -0.15735 0.20156 -0.27407
v -0.21682 0.19196 -0.27407
v -0.26889 0.17866 -0.27407
v -0.31366 0.16182 -0.27407
v -0.35090 0.14157 -0.27407
v -0.38030 0.11802 -0.27407
v -0.40154 0.09113 -0.27407
v -0.41439 0.06032 -0.27407
v -0.41869 0.01997 -0.27407
v -0.41439 -0.02039 -0.27407
v -0.40154 -0.05120 -0.27407
v -0.38030 -0.07809 -0.27407
v -0.35090 -0.10164 -0.27407
v -0.31366 -0.12189 -0.27407
v -0.26889 -0.13873 -0.27407
v -0.21682 -0.15203 -0.27407
v -0.15735 -0.16163 -0.27407
v -0.08923 -0.16744 -0.27407
v -0.00000 -0.16939 -0.27407
v 0.08923 -0.16744 -0.27407
v 0.15735 -0.16163 -0.27407
v 0.21682 -0.15203 -0.27407
v 0.26889 -0.13873 -0.27407
v 0.31366 -0.12189 -0.27407
v 0.35090 -0.10164 -0.27407
v 0.38030 -0.07809 -0.27407
v 0.40154 -0.05120 -0.27407
v 0.41439 -0.02039 -0.27407
v 0.41909 0.01970 -0.12222
v 0.41478 0.06019 -0.12222
v 0.40192 0.09110 -0.12222
v 0.38066 0.11809 -0.12222
v 0.35124 0.14172 -0.12222
v 0.31396 0.16204 -0.12222
v 0.26915 0.17894 -0.12222
v 0.21703 0.19228 -0.12222
v 0.15750 0.20191 -0.12222
v 0.08931 0.20774 -0.12222
v 0.00000 0.20970 -0.12222
v -0.08931 0.20774 -0.12222
v -0.15750 0.20191 -0.12222
v -0.21703 0.19228 -0.12222
v -0.26915 0.17894 -0.12222
v -0.31396 0.16204 -0.12222
v -0.35124 0.14172 -0.12222
v -0.38066 0.11809 -0.12222
v -0.40192 0.09110 -0.12222
v -0.41478 0.06019 -0.12222
v -0.41909 0.01970 -0.12222
v -0.41478 -0.02080 -0.12222
v -0.40192 -0.05171 -0.12222
v -0.38066 -0.07870 -0.12222
v -0.35124 -0.10233 -0.12222
v -0.31396 -0.12264 -0.12222
v -0.26915 -0.13954 -0.12222
v -0.21703 -0.15288 -0.12222
v -0.15750 -0.16252 -0.12222
v -0.08931 -0.16835 -0.12222
v -0.00000 -0.17030 -0.12222
v 0.08931 -0.16835 -0.12222
v 0.15750 -0.16252 -0.12222
v 0.21703 -0.15288 -0.12222
v 0.26915 -0.13954 -0.12222
v 0.31396 -0.12264 -0.12222
v 0.35124 -0.10233 -0.12222
v 0.38066 -0.07870 -0.12222
v 0.40192 -0.05171 -0.12222
v 0.41478 -0.02080 -0.12222
v 0.41748 0.01916 0.02963
v 0.41319 0.05965 0.02963
v 0.40038 0.09057 0.02963
v 0.37920 0.11755 0.02963
v 0.34989 0.14118 0.02963
v 0.31276 0.16150 0.02963
v 0.26811 0.17840 0.02963
v 0.21619 0.19174 0.02963
v 0.15690 0.20138 0.02963
v 0.08897 0.20721 0.02963
v 0.00000 0.20916 0.02963
v -0.08897 0.20721 0.02963
v -0.15690 0.20138 0.02963
v -0.21619 0.19174 0.02963
v -0.26811 0.17840 0.02963
v -0.31276 0.16150 0.02963
v -0.34989 0.14118 0.02963
v -0.37920 0.11755 0.02963
v -0.40038 0.09057 0.02963
v -0.41319 0.05965 0.02963
v -0.41748 0.01916 0.02963
v -0.41319 -0.02133 0.02963
v -0.40038 -0.05225 0.02963
v -0.37920 -0.07923 0.02963
v -0.34989 -0.10286 0.02963
v -0.31276 -0.12318 0.02963
v -0.26811 -0.14008 0.02963
v -0.21619 -0.15342 0.02963
v -0.15690 -0.16306 0.02963
v -0.08897 -0.16889 0.02963
v -0.00000 -0.17084 0.02963
v 0.08897 -0.16889 0.02963
v 0.15690 -0.16306 0.02963
v 0.21619 -0.15342 0.02963
v 0.26811 -0.14008 0.02963
v 0.31276 -0.12318 0.02963
v 0.34989 -0.10286 0.02963
v 0.37920 -0.07923 0.02963
v 0.40038 -0.05225 0.02963
v 0.41319 -0.02133 0.02963
v 0.41509 0.01836 0.18148
v 0.41083 0.05886 0.18148
v 0.39809 0.08977 0.18148
v 0.37703 0.11676 0.18148
v 0.34789 0.14039 0.18148
v 0.31097 0.16070 0.18148
v 0.26658 0.17760 0.18148
v 0.21496 0.19094 0.18148
v 0.15600 0.20058 0.18148
v 0.08846 0.20641 0.18148
v 0.00000 0.20836 0.18148
v -0.08846 0.20641 0.18148
v -0.15600 0.20058 0.18148
v -0.21496 0.19094 0.18148
v -0.26658 0.17760 0.18148
v -0.31097 0.16070 0.18148
v -0.34789 0.14039 0.18148
v -0.37703 0.11676 0.18148
v -0.39809 0.08977 0.18148
v -0.41083 0.05886 0.18148
v -0.41509 0.01836 0.18148
v -0.41083 -0.02213 0.18148
v -0.39809 -0.05304 0.18148
v -0.37703 -0.08003 0.18148
v -0.34789 -0.10366 0.18148
v -0.31097 -0.12397 0.18148
v -0.26658 -0.14088 0.18148
v -0.21496 -0.15421 0.18148
v -0.15600 -0.16385 0.18148
v -0.08846 -0.16968 0.18148
v -0.00000 -0.17164 0.18148
v 0.08846 -0.16968 0.18148
v 0.15600 -0.16385 0.18148
v 0.21496 -0.15421 0.18148
v 0.26658 -0.14088 0.18148
v 0.31097 -0.12397 0.18148
v 0.34789 -0.10366 0.18148
v 0.37703 -0.08003 0.18148
v 0.39809 -0.05304 0.18148
v 0.41083 -0.02213 0.18148
v 0.41196 0.01732 0.33333
v 0.40773 0.05781 0.33333
v 0.39509 0.08873 0.33333
v 0.37419 0.11571 0.33333
v 0.34527 0.13934 0.33333
v 0.30862 0.15966 0.33333
v 0.26457 0.17656 0.33333
v 0.21334 0.18990 0.33333
v 0.15483 0.19954 0.33333
v 0.08779 0.20537 0.33333
v 0.00000 0.20732 0.33333
v -0.08779 0.20537 0.33333
v -0.15483 0.19954 0.33333
v -0.21334 0.18990 0.33333
v -0.26457 0.17656 0.33333
v -0.30862 0.15966 0.33333
v -0.34527 0.13934 0.33333
v -0.37419 0.11571 0.33333
v -0.39509 0.08873 0.33333
v -0.40773 0.05781 0.33333
v -0.41196 0.01732 0.33333
v -0.40773 -0.02317 0.33333
v -0.39509 -0.05409 0.33333
v -0.37419 -0.08107 0.33333
v -0.34527 -0.10470 0.33333
v -0.30862 -0.12502 0.33333
v -0.26457 -0.14192 0.33333
v -0.21334 -0.15526 0.33333
v -0.15483 -0.16490 0.33333
v -0.08779 -0.17073 0.33333
v -0.00000 -0.17268 0.33333
v 0.08779 -0.17073 0.33333
v 0.15483 -0.16490 0.33333
v 0.21334 -0.15526 0.33333
v 0.26457 -0.14192 0.33333
v 0.30862 -0.12502 0.33333
v 0.34527 -0.10470 0.33333
v 0.37419 -0.08107 0.33333
v 0.39509 -0.05409 0.33333
v 0.40773 -0.02317 0.33333
v 0.40813 0.01604 0.48519
v 0.40394 0.05653 0.48519
v 0.39141 0.08745 0.48519
v 0.37071 0.11443 0.48519
v 0.34205 0.13806 0.48519
v 0.30575 0.15838 0.48519
v 0.26211 0.17528 0.48519
v 0.21135 0.18862 0.48519
v 0.15338 0.19826 0.48519
v 0.08698 0.20409 0.48519
v 0.00000 0.20604 0.48519
v -0.08698 0.20409 0.48519
v -0.15338 0.19826 0.48519
v -0.21135 0.18862 0.48519
v -0.26211 0.17528 0.48519
v -0.30575 0.15838 0.48519
v -0.34205 0.13806 0.48519
v -0.37071 0.11443 0.48519
v -0.39141 0.08745 0.48519
v -0.40394 0.05653 0.48519
v -0.40813 0.01604 0.48519
v -0.40394 -0.02445 0.48519
v -0.39141 -0.05536 0.48519
v -0.37071 -0.08235 0.48519
v -0.34205 -0.10598 0.48519
v -0.30575 -0.12630 0.48519
v -0.26211 -0.14320 0.48519
v -0.21135 -0.15654 0.48519
v -0.15338 -0.16618 0.48519
v -0.08698 -0.17201 0.48519
v -0.00000 -0.17396 0.48519
v 0.08698 -0.17201 0.48519
v 0.15338 -0.16618 0.48519
v 0.21135 -0.15654 0.48519
v 0.26211 -0.14320 0.48519
v 0.30575 -0.12630 0.48519
v 0.34205 -0.10598 0.48519
v 0.37071 -0.08235 0.48519
v 0.39141 -0.05536 0.48519
v 0.40394 -0.02445 0.48519
v 0.40364 0.01455 0.63704
v 0.39950 0.05504 0.63704
v 0.38711 0.08595 0.63704
v 0.36663 0.11294 0.63704
v 0.33829 0.13657 0.63704
v 0.30239 0.15689 0.63704
v 0.25923 0.17379 0.63704
v 0.20903 0.18713 0.63704
v 0.15170 0.19677 0.63704
v 0.08602 0.20260 0.63704
v 0.00000 0.20455 0.63704
v -0.08602 0.20260 0.63704
v -0.15170 0.19677 0.63704
v -0.20903 0.18713 0.63704
v -0.25923 0.17379 0.63704
v -0.30239 0.15689 0.63704
v -0.33829 0.13657 0.63704
v -0.36663 0.11294 0.63704
v -0.38711 0.08595 0.63704
v -0.39950 0.05504 0.63704
v -0.40364 0.01455 0.63704
v -0.39950 -0.02594 0.63704
v -0.38711 -0.05686 0.63704
v -0.36663 -0.08384 0.63704
v -0.33829 -0.10747 0.63704
v -0.30239 -0.12779 0.63704
v -0.25923 -0.14469 0.63704
v -0.20903 -0.15803 0.63704
v -0.15170 -0.16767 0.63704
v -0.08602 -0.17350 0.63704
v -0.00000 -0.17545 0.63704
v 0.08602 -0.17350 0.63704
v 0.15170 -0.16767 0.63704
v 0.20903 -0.15803 0.63704
v 0.25923 -0.14469 0.63704
v 0.30239 -0.12779 0.63704
v 0.33829 -0.10747 0.63704
v 0.36663 -0.08384 0.63704
v 0.38711 -0.05686 0.63704
v 0.39950 -0.02594 0.63704
v 0.39857 0.01286 0.78889
v 0.39447 0.05335 0.78889
v 0.38224 0.08426 0.78889
v 0.36202 0.11125 0.78889
v 0.33404 0.13488 0.78889
v 0.29859 0.15519 0.78889
v 0.25597 0.17210 0.78889
v 0.20640 0.18543 0.78889
v 0.14979 0.19507 0.78889
v 0.08494 0.20090 0.78889
v 0.00000 0.20286 0.78889
v -0.08494 0.20090 0.78889
v -0.14979 0.19507 0.78889
v -0.20640 0.18543 0.78889
v -0.25597 0.17210 0.78889
v -0.29859 0.15519 0.78889
v -0.33404 0.13488 0.78889
v -0.36202 0.11125 0.78889
v -0.38224 0.08426 0.78889
v -0.39447 0.05335 0.78889
v -0.39857 0.01286 0.78889
v -0.39447 -0.02764 0.78889
v -0.38224 -0.05855 0.78889
v -0.36202 -0.08554 0.78889
v -0.33404 -0.10917 0.78889
v -0.29859 -0.12948 0.78889
v -0.25597 -0.14638 0.78889
v -0.20640 -0.15972 0.78889
v -0.14979 -0.16936 0.78889
v -0.08494 -0.17519 0.78889
v -0.00000 -0.17714 0.78889
v 0.08494 -0.17519 0.78889
v 0.14979 -0.16936 0.78889
v 0.20640 -0.15972 0.78889
v 0.25597 -0.14638 0.78889
v 0.29859 -0.12948 0.78889
v 0.33404 -0.10917 0.78889
v 0.36202 -0.08554 0.78889
v 0.38224 -0.05855 0.78889
v 0.39447 -0.02764 0.78889
v 0.39297 0.01099 0.94074
v 0.38893 0.05148 0.94074
v 0.37688 0.08240 0.94074
v 0.35694 0.10938 0.94074
v 0.32935 0.13301 0.94074
v 0.29440 0.15333 0.94074
v 0.25237 0.17023 0.94074
v 0.20350 0.18357 0.94074
v 0.14769 0.19321 0.94074
v 0.08375 0.19904 0.94074
v 0.00000 0.20099 0.94074
v -0.08375 0.19904 0.94074
v -0.14769 0.19321 0.94074
v -0.20350 0.18357 0.94074
v -0.25237 0.17023 0.94074
v -0.29440 0.15333 0.94074
v -0.32935 0.13301 0.94074
v -0.35694 0.10938 0.94074
v -0.37688 0.08240 0.94074
v -0.38893 0.05148 0.94074
v -0.39297 0.01099 0.94074
v -0.38893 -0.02950 0.94074
v -0.37688 -0.06042 0.94074
v -0.35694 -0.08740 0.94074
v -0.32935 -0.11103 0.94074
v -0.29440 -0.13135 0.94074
v -0.25237 -0.14825 0.94074
v -0.20350 -0.16159 0.94074
v -0.14769 -0.17123 0.94074
v -0.08375 -0.17706 0.94074
v -0.00000 -0.17901 0.94074
v 0.08375 -0.17706 0.94074
v 0.14769 -0.17123 0.94074
v 0.20350 -0.16159 0.94074
v 0.25237 -0.14825 0.94074
v 0.29440 -0.13135 0.94074
v 0.32935 -0.11103 0.94074
v 0.35694 -0.08740 0.94074
v 0.37688 -0.06042 0.94074
v 0.38893 -0.02950 0.94074
v 0.38693 0.00898 1.09259
v 0.38295 0.04939 1.09259
v 0.37108 0.08024 1.09259
v 0.35145 0.10718 1.09259
v 0.32429 0.13076 1.09259
v 0.28987 0.15104 1.09259
v 0.24849 0.16791 1.09259
v 0.20037 0.18122 1.09259
v 0.14542 0.19084 1.09259
v 0.08246 0.19666 1.09259
v 0.00000 0.19861 1.09259
v -0.08246 0.19666 1.09259
v -0.14542 0.19084 1.09259
v -0.20037 0.18122 1.09259
v -0.24849 0.16791 1.09259
v -0.28987 0.15104 1.09259
v -0.32429 0.13076 1.09259
v -0.35145 0.10718 1.09259
v -0.37108 0.08024 1.09259
v -0.38295 0.04939 1.09259
v -0.38693 0.00898 1.09259
v -0.38295 -0.03144 1.09259
v -0.37108 -0.06229 1.09259
v -0.35145 -0.08922 1.09259
v -0.32429 -0.11281 1.09259
v -0.28987 -0.13309 1.09259
v -0.24849 -0.14995 1.09259
v -0.20037 -0.16327 1.09259
v -0.14542 -0.17289 1.09259
v -0.08246 -0.17871 1.09259
v -0.00000 -0.18065 1.09259
v 0.08246 -0.17871 1.09259
v 0.14542 -0.17289 1.09259
v 0.20037 -0.16327 1.09259
v 0.24849 -0.14995 1.09259
v 0.28987 -0.13309 1.09259
v 0.32429 -0.11281 1.09259
v 0.35145 -0.08922 1.09259
v 0.37108 -0.06229 1.09259
v 0.38295 -0.03144 1.09259
v 0.37545 0.00684 1.24444
v 0.37159 0.04567 1.24444
v 0.36007 0.07532 1.24444
v 0.34102 0.10120 1.24444
v 0.31466 0.12387 1.24444
v 0.28127 0.14335 1.24444
v 0.24112 0.15956 1.24444
v 0.19443 0.17235 1.24444
v 0.14110 0.18160 1.24444
v 0.08001 0.18719 1.24444
v 0.00000 0.18906 1.24444
v -0.08001 0.18719 1.24444
v -0.14110 0.18160 1.24444
v -0.19443 0.17235 1.24444
v -0.24112 0.15956 1.24444
v -0.28127 0.14335 1.24444
v -0.31466 0.12387 1.24444
v -0.34102 0.10120 1.24444
v -0.36007 0.07532 1.24444
v -0.37159 0.04567 1.24444
v -0.37545 0.00684 1.24444
v -0.37159 -0.03199 1.24444
v -0.36007 -0.06164 1.24444
v -0.34102 -0.08752 1.24444
v -0.31466 -0.11019 1.24444
v -0.28127 -0.12967 1.24444
v -0.24112 -0.14588 1.24444
v -0.19443 -0.15867 1.24444
v -0.14110 -0.16792 1.24444
v -0.08001 -0.17351 1.24444
v -0.00000 -0.17538 1.24444
v 0.08001 -0.17351 1.24444
v 0.14110 -0.16792 1.24444
v 0.19443 -0.15867 1.24444
v 0.24112 -0.14588 1.24444
v 0.28127 -0.12967 1.24444
v 0.31466 -0.11019 1.24444
v 0.34102 -0.08752 1.24444
v 0.36007 -0.06164 1.24444
v 0.37159 -0.03199 1.24444
v 0.34808 0.00461 1.39630
v 0.34451 0.04187 1.39630
v 0.33383 0.07031 1.39630
v 0.31617 0.09514 1.39630
v 0.29173 0.11688 1.39630
v 0.26077 0.13558 1.39630
v 0.22355 0.15113 1.39630
v 0.18026 0.16340 1.39630
v 0.13082 0.17227 1.39630
v 0.07418 0.17763 1.39630
v 0.00000 0.17943 1.39630
v -0.07418 0.17763 1.39630
v -0.13082 0.17227 1.39630
v -0.18026 0.16340 1.39630
v -0.22355 0.15113 1.39630
v -0.26077 0.13558 1.39630
v -0.29173 0.11688 1.39630
v -0.31617 0.09514 1.39630
v -0.33383 0.07031 1.39630
v -0.34451 0.04187 1.39630
v -0.34808 0.00461 1.39630
v -0.34451 -0.03264 1.39630
v -0.33383 -0.06109 1.39630
v -0.31617 -0.08592 1.39630
v -0.29173 -0.10766 1.39630
v -0.26077 -0.12635 1.39630
v -0.22355 -0.14190 1.39630
v -0.18026 -0.15417 1.39630
v -0.13082 -0.16304 1.39630
v -0.07418 -0.16841 1.39630
v -0.00000 -0.17020 1.39630
v 0.07418 -0.16841 1.39630
v 0.13082 -0.16304 1.39630
v 0.18026 -0.15417 1.39630
v 0.22355 -0.14190 1.39630
v 0.26077 -0.12635 1.39630
v 0.29173 -0.10766 1.39630
v 0.31617 -0.08592 1.39630
v 0.33383 -0.06109 1.39630
v 0.34451 -0.03264 1.39630
v 0.32130 0.00232 1.54815
v 0.31800 0.03800 1.54815
v 0.30814 0.06524 1.54815
v 0.29184 0.08901 1.54815
v 0.26928 0.10983 1.54815
v 0.24070 0.12774 1.54815
v 0.20634 0.14263 1.54815
v 0.16639 0.15438 1.54815
v 0.12075 0.16287 1.54815
v 0.06847 0.16801 1.54815
v 0.00000 0.16973 1.54815
v -0.06847 0.16801 1.54815
v -0.12075 0.16287 1.54815
v -0.16639 0.15438 1.54815
v -0.20634 0.14263 1.54815
v -0.24070 0.12774 1.54815
v -0.26928 0.10983 1.54815
v -0.29184 0.08901 1.54815
v -0.30814 0.06524 1.54815
v -0.31800 0.03800 1.54815
v -0.32130 0.00232 1.54815
v -0.31800 -0.03335 1.54815
v -0.30814 -0.06059 1.54815
v -0.29184 -0.08437 1.54815
v -0.26928 -0.10519 1.54815
v -0.24070 -0.12309 1.54815
v -0.20634 -0.13798 1.54815
v -0.16639 -0.14974 1.54815
v -0.12075 -0.15823 1.54815
v -0.06847 -0.16337 1.54815
v -0.00000 -0.16509 1.54815
v 0.06847 -0.16337 1.54815
v 0.12075 -0.15823 1.54815
v 0.16639 -0.14974 1.54815
v 0.20634 -0.13798 1.54815
v 0.24070 -0.12309 1.54815
v 0.26928 -0.10519 1.54815
v 0.29184 -0.08437 1.54815
v 0.30814 -0.06059 1.54815
v 0.31800 -0.03335 1.54815
v 0.29520 0.00000 1.70000
v 0.29217 0.03410 1.70000
v 0.28311 0.06013 1.70000
v 0.26813 0.08286 1.70000
v 0.24741 0.10275 1.70000
v 0.22115 0.11986 1.70000
v 0.18958 0.13410 1.70000
v 0.15287 0.14533 1.70000
v 0.11094 0.15345 1.70000
v 0.06291 0.15836 1.70000
v 0.00000 0.16000 1.70000
v -0.06291 0.15836 1.70000
v -0.11094 0.15345 1.70000
v -0.15287 0.14533 1.70000
v -0.18958 0.13410 1.70000
v -0.22115 0.11986 1.70000
v -0.24741 0.10275 1.70000
v -0.26813 0.08286 1.70000
v -0.28311 0.06013 1.70000
v -0.29217 0.03410 1.70000
v -0.29520 0.00000 1.70000
v -0.29217 -0.03410 1.70000
v -0.28311 -0.06013 1.70000
v -0.26813 -0.08286 1.70000
v -0.24741 -0.10275 1.70000
v -0.22115 -0.11986 1.70000
v -0.18958 -0.13410 1.70000
v -0.15287 -0.14533 1.70000
v -0.11094 -0.15345 1.70000
v -0.06291 -0.15836 1.70000
v -0.00000 -0.16000 1.70000
v 0.06291 -0.15836 1.70000
v 0.11094 -0.15345 1.70000
v 0.15287 -0.14533 1.70000
v 0.18958 -0.13410 1.70000
v 0.22115 -0.11986 1.70000
v 0.24741 -0.10275 1.70000
v 0.26813 -0.08286 1.70000
v 0.28311 -0.06013 1.70000
v 0.29217 -0.03410 1.70000
v 0.00000 0.00000 1.70000
v 0.29520 0.00000 1.70000
v 0.29217 0.03410 1.70000
v 0.28311 0.06013 1.70000
v 0.26813 0.08286 1.70000
v 0.24741 0.10275 1.70000
v 0.22115 0.11986 1.70000
v 0.18958 0.13410 1.70000
v 0.15287 0.14533 1.70000
v 0.11094 0.15345 1.70000
v 0.06291 0.15836 1.70000
v 0.00000 0.16000 1.70000
v -0.06291 0.15836 1.70000
v -0.11094 0.15345 1.70000
v -0.15287 0.14533 1.70000
v -0.18958 0.13410 1.70000
v -0.22115 0.11986 1.70000
v -0.24741 0.10275 1.70000
v -0.26813 0.08286 1.70000
v -0.28311 0.06013 1.70000
v -0.29217 0.03410 1.70000
v -0.29520 0.00000 1.70000
v -0.29217 -0.03410 1.70000
v -0.28311 -0.06013 1.70000
v -0.26813 -0.08286 1.70000
v -0.24741 -0.10275 1.70000
v -0.22115 -0.11986 1.70000
v -0.18958 -0.13410 1.70000
v -0.15287 -0.14533 1.70000
v -0.11094 -0.15345 1.70000
v -0.06291 -0.15836 1.70000
v -0.00000 -0.16000 1.70000
v 0.06291 -0.15836 1.70000
v 0.11094 -0.15345 1.70000
v 0.15287 -0.14533 1.70000
v 0.18958 -0.13410 1.70000
v 0.22115 -0.11986 1.70000
v 0.24741 -0.10275 1.70000
v 0.26813 -0.08286 1.70000
v 0.28311 -0.06013 1.70000
v 0.29217 -0.03410 1.70000
v 0.03000 0.17000 -0.55000
v 0.02907 0.17585 -0.55000
v 0.02632 0.18065 -0.55000
v 0.02189 0.18459 -0.55000
v 0.01598 0.18755 -0.55000
v 0.00878 0.18938 -0.55000
v 0.00000 0.19000 -0.55000
v -0.00878 0.18938 -0.55000
v -0.01598 0.18755 -0.55000
v -0.02189 0.18459 -0.55000
v -0.02632 0.18065 -0.55000
v -0.02907 0.17585 -0.55000
v -0.03000 0.17000 -0.55000
v -0.02907 0.16415 -0.55000
v -0.02632 0.15935 -0.55000
v -0.02189 0.15541 -0.55000
v -0.01598 0.15245 -0.55000
v -0.00878 0.15062 -0.55000
v -0.00000 0.15000 -0.55000
v 0.00878 0.15062 -0.55000
v 0.01598 0.15245 -0.55000
v 0.02189 0.15541 -0.55000
v 0.02632 0.15935 -0.55000
v 0.02907 0.16415 -0.55000
v 0.09079 0.17000 -0.44545
v 0.08798 0.18817 -0.44545
v 0.07966 0.20306 -0.44545
v 0.06625 0.21531 -0.44545
v 0.04835 0.22448 -0.44545
v 0.02657 0.23016 -0.44545
v 0.00000 0.23209 -0.44545
v -0.02657 0.23016 -0.44545
v -0.04835 0.22448 -0.44545
v -0.06625 0.21531 -0.44545
v -0.07966 0.20306 -0.44545
v -0.08798 0.18817 -0.44545
v -0.09079 0.17000 -0.44545
v -0.08798 0.15183 -0.44545
v -0.07966 0.13694 -0.44545
v -0.06625 0.12469 -0.44545
v -0.04835 0.11552 -0.44545
v -0.02657 0.10984 -0.44545
v -0.00000 0.10791 -0.44545
v 0.02657 0.10984 -0.44545
v 0.04835 0.11552 -0.44545
v 0.06625 0.12469 -0.44545
v 0.07966 0.13694 -0.44545
v 0.08798 0.15183 -0.44545
v 0.11989 0.17000 -0.34091
v 0.11617 0.19406 -0.34091
v 0.10519 0.21379 -0.34091
v 0.08749 0.23001 -0.34091
v 0.06384 0.24215 -0.34091
v 0.03509 0.24968 -0.34091
v 0.00000 0.25223 -0.34091
v -0.03509 0.24968 -0.34091
v -0.06384 0.24215 -0.34091
v -0.08749 0.23001 -0.34091
v -0.10519 0.21379 -0.34091
v -0.11617 0.19406 -0.34091
v -0.11989 0.17000 -0.34091
v -0.11617 0.14594 -0.34091
v -0.10519 0.12621 -0.34091
v -0.08749 0.10999 -0.34091
v -0.06384 0.09785 -0.34091
v -0.03509 0.09032 -0.34091
v -0.00000 0.08777 -0.34091
v 0.03509 0.09032 -0.34091
v 0.06384 0.09785 -0.34091
v 0.08749 0.10999 -0.34091
v 0.10519 0.12621 -0.34091
v 0.11617 0.14594 -0.34091
v 0.13989 0.17000 -0.23636
v 0.13555 0.19812 -0.23636
v 0.12275 0.22116 -0.23636
v 0.10209 0.24011 -0.23636
v 0.07450 0.25430 -0.23636
v 0.04094 0.26310 -0.23636
v 0.00000 0.26608 -0.23636
v -0.04094 0.26310 -0.23636
v -0.07450 0.25430 -0.23636
v -0.10209 0.24011 -0.23636
v -0.12275 0.22116 -0.23636
v -0.13555 0.19812 -0.23636
v -0.13989 0.17000 -0.23636
v -0.13555 0.14188 -0.23636
v -0.12275 0.11884 -0.23636
v -0.10209 0.09989 -0.23636
v -0.07450 0.08570 -0.23636
v -0.04094 0.07690 -0.23636
v -0.00000 0.07392 -0.23636
v 0.04094 0.07690 -0.23636
v 0.07450 0.08570 -0.23636
v 0.10209 0.09989 -0.23636
v 0.12275 0.11884 -0.23636
v 0.13555 0.14188 -0.23636
v 0.15282 0.17000 -0.13182
v 0.14808 0.20074 -0.13182
v 0.13409 0.22593 -0.13182
v 0.11152 0.24664 -0.13182
v 0.08138 0.26215 -0.13182
v 0.04472 0.27177 -0.13182
v 0.00000 0.27503 -0.13182
v -0.04472 0.27177 -0.13182
v -0.08138 0.26215 -0.13182
v -0.11152 0.24664 -0.13182
v -0.13409 0.22593 -0.13182
v -0.14808 0.20074 -0.13182
v -0.15282 0.17000 -0.13182
v -0.14808 0.13926 -0.13182
v -0.13409 0.11407 -0.13182
v -0.11152 0.09336 -0.13182
v -0.08138 0.07785 -0.13182
v -0.04472 0.06823 -0.13182
v -0.00000 0.06497 -0.13182
v 0.04472 0.06823 -0.13182
v 0.08138 0.07785 -0.13182
v 0.11152 0.09336 -0.13182
v 0.13409 0.11407 -0.13182
v 0.14808 0.13926 -0.13182
v 0.15920 0.17000 -0.02727
v 0.15427 0.20203 -0.02727
v 0.13969 0.22828 -0.02727
v 0.11618 0.24987 -0.02727
v 0.08478 0.26603 -0.02727
v 0.04659 0.27605 -0.02727
v 0.00000 0.27945 -0.02727
v -0.04659 0.27605 -0.02727
v -0.08478 0.26603 -0.02727
v -0.11618 0.24987 -0.02727
v -0.13969 0.22828 -0.02727
v -0.15427 0.20203 -0.02727
v -0.15920 0.17000 -0.02727
v -0.15427 0.13797 -0.02727
v -0.13969 0.11172 -0.02727
v -0.11618 0.09013 -0.02727
v -0.08478 0.07397 -0.02727
v -0.04659 0.06395 -0.02727
v -0.00000 0.06055 -0.02727
v 0.04659 0.06395 -0.02727
v 0.08478 0.07397 -0.02727
v 0.11618 0.09013 -0.02727
v 0.13969 0.11172 -0.02727
v 0.15427 0.13797 -0.02727
v 0.15920 0.17000 0.07727
v 0.15427 0.20203 0.07727
v 0.13969 0.22828 0.07727
v 0.11618 0.24987 0.07727
v 0.08478 0.26603 0.07727
v 0.04659 0.27605 0.07727
v 0.00000 0.27945 0.07727
v -0.04659 0.27605 0.07727
v -0.08478 0.26603 0.07727
v -0.11618 0.24987 0.07727
v -0.13969 0.22828 0.07727
v -0.15427 0.20203 0.07727
v -0.15920 0.17000 0.07727
v -0.15427 0.13797 0.07727
v -0.13969 0.11172 0.07727
v -0.11618 0.09013 0.07727
v -0.08478 0.07397 0.07727
v -0.04659 0.06395 0.07727
v -0.00000 0.06055 0.07727
v 0.04659 0.06395 0.07727
v 0.08478 0.07397 0.07727
v 0.11618 0.09013 0.07727
v 0.13969 0.11172 0.07727
v 0.15427 0.13797 0.07727
v 0.15282 0.17000 0.18182
v 0.14808 0.20074 0.18182
v 0.13409 0.22593 0.18182
v 0.11152 0.24664 0.18182
v 0.08138 0.26215 0.18182
v 0.04472 0.27177 0.18182
v 0.00000 0.27503 0.18182
v -0.04472 0.27177 0.18182
v -0.08138 0.26215 0.18182
v -0.11152 0.24664 0.18182
v -0.13409 0.22593 0.18182
v -0.14808 0.20074 0.18182
v -0.15282 0.17000 0.18182
v -0.14808 0.13926 0.18182
v -0.13409 0.11407 0.18182
v -0.11152 0.09336 0.18182
v -0.08138 0.07785 0.18182
v -0.04472 0.06823 0.18182
v -0.00000 0.06497 0.18182
v 0.04472 0.06823 0.18182
v 0.08138 0.07785 0.18182
v 0.11152 0.09336 0.18182
v 0.13409 0.11407 0.18182
v 0.14808 0.13926 0.18182
v 0.13989 0.17000 0.28636
v 0.13555 0.19812 0.28636
v 0.12275 0.22116 0.28636
v 0.10209 0.24011 0.28636
v 0.07450 0.25430 0.28636
v 0.04094 0.26310 0.28636
v 0.00000 0.26608 0.28636
v -0.04094 0.26310 0.28636
v -0.07450 0.25430 0.28636
v -0.10209 0.24011 0.28636
v -0.12275 0.22116 0.28636
v -0.13555 0.19812 0.28636
v -0.13989 0.17000 0.28636
v -0.13555 0.14188 0.28636
v -0.12275 0.11884 0.28636
v -0.10209 0.09989 0.28636
v -0.07450 0.08570 0.28636
v -0.04094 0.07690 0.28636
v -0.00000 0.07392 0.28636
v 0.04094 0.07690 0.28636
v 0.07450 0.08570 0.28636
v 0.10209 0.09989 0.28636
v 0.12275 0.11884 0.28636
v 0.13555 0.14188 0.28636
v 0.11989 0.17000 0.39091
v 0.11617 0.19406 0.39091
v 0.10519 0.21379 0.39091
v 0.08749 0.23001 0.39091
v 0.06384 0.24215 0.39091
v 0.03509 0.24968 0.39091
v 0.00000 0.25223 0.39091
v -0.03509 0.24968 0.39091
v -0.06384 0.24215 0.39091
v -0.08749 0.23001 0.39091
v -0.10519 0.21379 0.39091
v -0.11617 0.19406 0.39091
v -0.11989 0.17000 0.39091
v -0.11617 0.14594 0.39091
v -0.10519 0.12621 0.39091
v -0.08749 0.10999 0.39091
v -0.06384 0.09785 0.39091
v -0.03509 0.09032 0.39091
v -0.00000 0.08777 0.39091
v 0.03509 0.09032 0.39091
v 0.06384 0.09785 0.39091
v 0.08749 0.10999 0.39091
v 0.10519 0.12621 0.39091
v 0.11617 0.14594 0.39091
v 0.09079 0.17000 0.49545
v 0.08798 0.18817 0.49545
v 0.07966 0.20306 0.49545
v 0.06625 0.21531 0.49545
v 0.04835 0.22448 0.49545
v 0.02657 0.23016 0.49545
v 0.00000 0.23209 0.49545
v -0.02657 0.23016 0.49545
v -0.04835 0.22448 0.49545
v -0.06625 0.21531 0.49545
v -0.07966 0.20306 0.49545
v -0.08798 0.18817 0.49545
v -0.09079 0.17000 0.49545
v -0.08798 0.15183 0.49545
v -0.07966 0.13694 0.49545
v -0.06625 0.12469 0.49545
v -0.04835 0.11552 0.49545
v -0.02657 0.10984 0.49545
v -0.00000 0.10791 0.49545
v 0.02657 0.10984 0.49545
v 0.04835 0.11552 0.49545
v 0.06625 0.12469 0.49545
v 0.07966 0.13694 0.49545
v 0.08798 0.15183 0.49545
v 0.03000 0.17000 0.60000
v 0.02907 0.17585 0.60000
v 0.02632 0.18065 0.60000
v 0.02189 0.18459 0.60000
v 0.01598 0.18755 0.60000
v 0.00878 0.18938 0.60000
v 0.00000 0.19000 0.60000
v -0.00878 0.18938 0.60000
v -0.01598 0.18755 0.60000
v -0.02189 0.18459 0.60000
v -0.02632 0.18065 0.60000
v -0.02907 0.17585 0.60000
v -0.03000 0.17000 0.60000
v -0.02907 0.16415 0.60000
v -0.02632 0.15935 0.60000
v -0.02189 0.15541 0.60000
v -0.01598 0.15245 0.60000
v -0.00878 0.15062 0.60000
v -0.00000 0.15000 0.60000
v 0.00878 0.15062 0.60000
v 0.01598 0.15245 0.60000
v 0.02189 0.15541 0.60000
v 0.02632 0.15935 0.60000
v 0.02907 0.16415 0.60000
v 0.02000 0.20000 -0.42000
v 0.01932 0.20518 -0.42000
v 0.01732 0.21000 -0.42000
v 0.01414 0.21414 -0.42000
v 0.01000 0.21732 -0.42000
v 0.00518 0.21932 -0.42000
v 0.00000 0.22000 -0.42000
v -0.00518 0.21932 -0.42000
v -0.01000 0.21732 -0.42000
v -0.01414 0.21414 -0.42000
v -0.01732 0.21000 -0.42000
v -0.01932 0.20518 -0.42000
v -0.02000 0.20000 -0.42000
v -0.01932 0.19482 -0.42000
v -0.01732 0.19000 -0.42000
v -0.01414 0.18586 -0.42000
v -0.01000 0.18268 -0.42000
v -0.00518 0.18068 -0.42000
v -0.00000 0.18000 -0.42000
v 0.00518 0.18068 -0.42000
v 0.01000 0.18268 -0.42000
v 0.01414 0.18586 -0.42000
v 0.01732 0.19000 -0.42000
v 0.01932 0.19482 -0.42000
v 0.08916 0.20000 -0.37714
v 0.08613 0.21541 -0.37714
v 0.07722 0.22976 -0.37714
v 0.06305 0.24209 -0.37714
v 0.04458 0.25155 -0.37714
v 0.02308 0.25749 -0.37714
v 0.00000 0.25952 -0.37714
v -0.02308 0.25749 -0.37714
v -0.04458 0.25155 -0.37714
v -0.06305 0.24209 -0.37714
v -0.07722 0.22976 -0.37714
v -0.08613 0.21541 -0.37714
v -0.08916 0.20000 -0.37714
v -0.08613 0.18459 -0.37714
v -0.07722 0.17024 -0.37714
v -0.06305 0.15791 -0.37714
v -0.04458 0.14845 -0.37714
v -0.02308 0.14251 -0.37714
v -0.00000 0.14048 -0.37714
v 0.02308 0.14251 -0.37714
v 0.04458 0.14845 -0.37714
v 0.06305 0.15791 -0.37714
v 0.07722 0.17024 -0.37714
v 0.08613 0.18459 -0.37714
v 0.11284 0.20000 -0.33429
v 0.10900 0.21891 -0.33429
v 0.09772 0.23653 -0.33429
v 0.07979 0.25166 -0.33429
v 0.05642 0.26327 -0.33429
v 0.02921 0.27056 -0.33429
v 0.00000 0.27305 -0.33429
v -0.02921 0.27056 -0.33429
v -0.05642 0.26327 -0.33429
v -0.07979 0.25166 -0.33429
v -0.09772 0.23653 -0.33429
v -0.10900 0.21891 -0.33429
v -0.11284 0.20000 -0.33429
v -0.10900 0.18109 -0.33429
v -0.09772 0.16347 -0.33429
v -0.07979 0.14834 -0.33429
v -0.05642 0.13673 -0.33429
v -0.02921 0.12944 -0.33429
v -0.00000 0.12695 -0.33429
v 0.02921 0.12944 -0.33429
v 0.05642 0.13673 -0.33429
v 0.07979 0.14834 -0.33429
v 0.09772 0.16347 -0.33429
v 0.10900 0.18109 -0.33429
v 0.12368 0.20000 -0.29143
v 0.11946 0.22051 -0.29143
v 0.10711 0.23962 -0.29143
v 0.08745 0.25603 -0.29143
v 0.06184 0.26863 -0.29143
v 0.03201 0.27654 -0.29143
v 0.00000 0.27924 -0.29143
v -0.03201 0.27654 -0.29143
v -0.06184 0.26863 -0.29143
v -0.08745 0.25603 -0.29143
v -0.10711 0.23962 -0.29143
v -0.11946 0.22051 -0.29143
v -0.12368 0.20000 -0.29143
v -0.11946 0.17949 -0.29143
v -0.10711 0.16038 -0.29143
v -0.08745 0.14397 -0.29143
v -0.06184 0.13137 -0.29143
v -0.03201 0.12346 -0.29143
v -0.00000 0.12076 -0.29143
v 0.03201 0.12346 -0.29143
v 0.06184 0.13137 -0.29143
v 0.08745 0.14397 -0.29143
v 0.10711 0.16038 -0.29143
v 0.11946 0.17949 -0.29143
v 0.12368 0.20000 -0.24857
v 0.11946 0.22051 -0.24857
v 0.10711 0.23962 -0.24857
v 0.08745 0.25603 -0.24857
v 0.06184 0.26863 -0.24857
v 0.03201 0.27654 -0.24857
v 0.00000 0.27924 -0.24857
v -0.03201 0.27654 -0.24857
v -0.06184 0.26863 -0.24857
v -0.08745 0.25603 -0.24857
v -0.10711 0.23962 -0.24857
v -0.11946 0.22051 -0.24857
v -0.12368 0.20000 -0.24857
v -0.11946 0.17949 -0.24857
v -0.10711 0.16038 -0.24857
v -0.08745 0.14397 -0.24857
v -0.06184 0.13137 -0.24857
v -0.03201 0.12346 -0.24857
v -0.00000 0.12076 -0.24857
v 0.03201 0.12346 -0.24857
v 0.06184 0.13137 -0.24857
v 0.08745 0.14397 -0.24857
v 0.10711 0.16038 -0.24857
v 0.11946 0.17949 -0.24857
v 0.11284 0.20000 -0.20571
v 0.10900 0.21891 -0.20571
v 0.09772 0.23653 -0.20571
v 0.07979 0.25166 -0.20571
v 0.05642 0.26327 -0.20571
v 0.02921 0.27056 -0.20571
v 0.00000 0.27305 -0.20571
v -0.02921 0.27056 -0.20571
v -0.05642 0.26327 -0.20571
v -0.07979 0.25166 -0.20571
v -0.09772 0.23653 -0.20571
v -0.10900 0.21891 -0.20571
v -0.11284 0.20000 -0.20571
v -0.10900 0.18109 -0.20571
v -0.09772 0.16347 -0.20571
v -0.07979 0.14834 -0.20571
v -0.05642 0.13673 -0.20571
v -0.02921 0.12944 -0.20571
v -0.00000 0.12695 -0.20571
v 0.02921 0.12944 -0.20571
v 0.05642 0.13673 -0.20571
v 0.07979 0.14834 -0.20571
v 0.09772 0.16347 -0.20571
v 0.10900 0.18109 -0.20571
v 0.08916 0.20000 -0.16286
v 0.08613 0.21541 -0.16286
v 0.07722 0.22976 -0.16286
v 0.06305 0.24209 -0.16286
v 0.04458 0.25155 -0.16286
v 0.02308 0.25749 -0.16286
v 0.00000 0.25952 -0.16286
v -0.02308 0.25749 -0.16286
v -0.04458 0.25155 -0.16286
v -0.06305 0.24209 -0.16286
v -0.07722 0.22976 -0.16286
v -0.08613 0.21541 -0.16286
v -0.08916 0.20000 -0.16286
v -0.08613 0.18459 -0.16286
v -0.07722 0.17024 -0.16286
v -0.06305 0.15791 -0.16286
v -0.04458 0.14845 -0.16286
v -0.02308 0.14251 -0.16286
v -0.00000 0.14048 -0.16286
v 0.02308 0.14251 -0.16286
v 0.04458 0.14845 -0.16286
v 0.06305 0.15791 -0.16286
v 0.07722 0.17024 -0.16286
v 0.08613 0.18459 -0.16286
v 0.02000 0.20000 -0.12000
v 0.01932 0.20518 -0.12000
v 0.01732 0.21000 -0.12000
v 0.01414 0.21414 -0.12000
v 0.01000 0.21732 -0.12000
v 0.00518 0.21932 -0.12000
v 0.00000 0.22000 -0.12000
v -0.00518 0.21932 -0.12000
v -0.01000 0.21732 -0.12000
v -0.01414 0.21414 -0.12000
v -0.01732 0.21000 -0.12000
v -0.01932 0.20518 -0.12000
v -0.02000 0.20000 -0.12000
v -0.01932 0.19482 -0.12000
v -0.01732 0.19000 -0.12000
v -0.01414 0.18586 -0.12000
v -0.01000 0.18268 -0.12000
v -0.00518 0.18068 -0.12000
v -0.00000 0.18000 -0.12000
v 0.00518 0.18068 -0.12000
v 0.01000 0.18268 -0.12000
v 0.01414 0.18586 -0.12000
v 0.01732 0.19000 -0.12000
v 0.01932 0.19482 -0.12000
v -1.21000 -0.30000 0.25000
v -1.21100 -0.29110 0.25000
v -1.21396 -0.28264 0.25000
v -1.21873 -0.27506 0.25000
v -1.22506 -0.26873 0.25000
v -1.23264 -0.26396 0.25000
v -1.24110 -0.26100 0.25000
v -1.25000 -0.26000 0.25000
v -1.25890 -0.26100 0.25000
v -1.26736 -0.26396 0.25000
v -1.27494 -0.26873 0.25000
v -1.28127 -0.27506 0.25000
v -1.28604 -0.28264 0.25000
v -1.28900 -0.29110 0.25000
v -1.29000 -0.30000 0.25000
v -1.28900 -0.30890 0.25000
v -1.28604 -0.31736 0.25000
v -1.28127 -0.32494 0.25000
v -1.27494 -0.33127 0.25000
v -1.26736 -0.33604 0.25000
v -1.25890 -0.33900 0.25000
v -1.25000 -0.34000 0.25000
v -1.24110 -0.33900 0.25000
v -1.23264 -0.33604 0.25000
v -1.22506 -0.33127 0.25000
v -1.21873 -0.32494 0.25000
v -1.21396 -0.31736 0.25000
v -1.21100 -0.30890 0.25000
v -1.16559 -0.30000 0.32857
v -1.16771 -0.28212 0.32857
v -1.17395 -0.26513 0.32857
v -1.18401 -0.24989 0.32857
v -1.19737 -0.23716 0.32857
v -1.21338 -0.22759 0.32857
v -1.23122 -0.22165 0.32857
v -1.25000 -0.21963 0.32857
v -1.26878 -0.22165 0.32857
v -1.28662 -0.22759 0.32857
v -1.30263 -0.23716 0.32857
v -1.31599 -0.24989 0.32857
v -1.32605 -0.26513 0.32857
v -1.33229 -0.28212 0.32857
v -1.33441 -0.30000 0.32857
v -1.33229 -0.31788 0.32857
v -1.32605 -0.33487 0.32857
v -1.31599 -0.35011 0.32857
v -1.30263 -0.36284 0.32857
v -1.28662 -0.37241 0.32857
v -1.26878 -0.37835 0.32857
v -1.25000 -0.38037 0.32857
v -1.23122 -0.37835 0.32857
v -1.21338 -0.37241 0.32857
v -1.19737 -0.36284 0.32857
v -1.18401 -0.35011 0.32857
v -1.17395 -0.33487 0.32857
v -1.16771 -0.31788 0.32857
v -1.12875 -0.30000 0.40714
v -1.13179 -0.27466 0.40714
v -1.14075 -0.25059 0.40714
v -1.15520 -0.22900 0.40714
v -1.17440 -0.21097 0.40714
v -1.19739 -0.19741 0.40714
v -1.22302 -0.18899 0.40714
v -1.25000 -0.18613 0.40714
v -1.27698 -0.18899 0.40714
v -1.30261 -0.19741 0.40714
v -1.32560 -0.21097 0.40714
v -1.34480 -0.22900 0.40714
v -1.35925 -0.25059 0.40714
v -1.36821 -0.27466 0.40714
v -1.37125 -0.30000 0.40714
v -1.36821 -0.32534 0.40714
v -1.35925 -0.34941 0.40714
v -1.34480 -0.37100 0.40714
v -1.32560 -0.38903 0.40714
v -1.30261 -0.40259 0.40714
v -1.27698 -0.41101 0.40714
v -1.25000 -0.41387 0.40714
v -1.22302 -0.41101 0.40714
v -1.19739 -0.40259 0.40714
v -1.17440 -0.38903 0.40714
v -1.15520 -0.37100 0.40714
v -1.14075 -0.34941 0.40714
v -1.13179 -0.32534 0.40714
v -1.10573 -0.30000 0.48571
v -1.10935 -0.27001 0.48571
v -1.12002 -0.24152 0.48571
v -1.13720 -0.21596 0.48571
v -1.16005 -0.19461 0.48571
v -1.18740 -0.17856 0.48571
v -1.21790 -0.16859 0.48571
v -1.25000 -0.16521 0.48571
v -1.28210 -0.16859 0.48571
v -1.31260 -0.17856 0.48571
v -1.33995 -0.19461 0.48571
v -1.36280 -0.21596 0.48571
v -1.37998 -0.24152 0.48571
v -1.39065 -0.27001 0.48571
v -1.39427 -0.30000 0.48571
v -1.39065 -0.32999 0.48571
v -1.37998 -0.35848 0.48571
v -1.36280 -0.38404 0.48571
v -1.33995 -0.40539 0.48571
v -1.31260 -0.42144 0.48571
v -1.28210 -0.43141 0.48571
v -1.25000 -0.43479 0.48571
v -1.21790 -0.43141 0.48571
v -1.18740 -0.42144 0.48571
v -1.16005 -0.40539 0.48571
v -1.13720 -0.38404 0.48571
v -1.12002 -0.35848 0.48571
v -1.10935 -0.32999 0.48571
v -1.10000 -0.30000 0.56429
v -1.10376 -0.26885 0.56429
v -1.11485 -0.23926 0.56429
v -1.13273 -0.21271 0.56429
v -1.15648 -0.19054 0.56429
v -1.18492 -0.17386 0.56429
v -1.21662 -0.16351 0.56429
v -1.25000 -0.16000 0.56429
v -1.28338 -0.16351 0.56429
v -1.31508 -0.17386 0.56429
v -1.34352 -0.19054 0.56429
v -1.36727 -0.21271 0.56429
v -1.38515 -0.23926 0.56429
v -1.39624 -0.26885 0.56429
v -1.40000 -0.30000 0.56429
v -1.39624 -0.33115 0.56429
v -1.38515 -0.36074 0.56429
v -1.36727 -0.38729 0.56429
v -1.34352 -0.40946 0.56429
v -1.31508 -0.42614 0.56429
v -1.28338 -0.43649 0.56429
v -1.25000 -0.44000 0.56429
v -1.21662 -0.43649 0.56429
v -1.18492 -0.42614 0.56429
v -1.15648 -0.40946 0.56429
v -1.13273 -0.38729 0.56429
v -1.11485 -0.36074 0.56429
v -1.10376 -0.33115 0.56429
v -1.10000 -0.30000 0.64286
v -1.10376 -0.26885 0.64286
v -1.11485 -0.23926 0.64286
v -1.13273 -0.21271 0.64286
v -1.15648 -0.19054 0.64286
v -1.18492 -0.17386 0.64286
v -1.21662 -0.16351 0.64286
v -1.25000 -0.16000 0.64286
v -1.28338 -0.16351 0.64286
v -1.31508 -0.17386 0.64286
v -1.34352 -0.19054 0.64286
v -1.36727 -0.21271 0.64286
v -1.38515 -0.23926 0.64286
v -1.39624 -0.26885 0.64286
v -1.40000 -0.30000 0.64286
v -1.39624 -0.33115 0.64286
v -1.38515 -0.36074 0.64286
v -1.36727 -0.38729 0.64286
v -1.34352 -0.40946 0.64286
v -1.31508 -0.42614 0.64286
v -1.28338 -0.43649 0.64286
v -1.25000 -0.44000 0.64286
v -1.21662 -0.43649 0.64286
v -1.18492 -0.42614 0.64286
v -1.15648 -0.40946 0.64286
v -1.13273 -0.38729 0.64286
v -1.11485 -0.36074 0.64286
v -1.10376 -0.33115 0.64286
v -1.10000 -0.30000 0.72143
v -1.10376 -0.26885 0.72143
v -1.11485 -0.23926 0.72143
v -1.13273 -0.21271 0.72143
v -1.15648 -0.19054 0.72143
v -1.18492 -0.17386 0.72143
v -1.21662 -0.16351 0.72143
v -1.25000 -0.16000 0.72143
v -1.28338 -0.16351 0.72143
v -1.31508 -0.17386 0.72143
v -1.34352 -0.19054 0.72143
v -1.36727 -0.21271 0.72143
v -1.38515 -0.23926 0.72143
v -1.39624 -0.26885 0.72143
v -1.40000 -0.30000 0.72143
v -1.39624 -0.33115 0.72143
v -1.38515 -0.36074 0.72143
v -1.36727 -0.38729 0.72143
v -1.34352 -0.40946 0.72143
v -1.31508 -0.42614 0.72143
v -1.28338 -0.43649 0.72143
v -1.25000 -0.44000 0.72143
v -1.21662 -0.43649 0.72143
v -1.18492 -0.42614 0.72143
v -1.15648 -0.40946 0.72143
v -1.13273 -0.38729 0.72143
v -1.11485 -0.36074 0.72143
v -1.10376 -0.33115 0.72143
v -1.10000 -0.30000 0.80000
v -1.10376 -0.26885 0.80000
v -1.11485 -0.23926 0.80000
v -1.13273 -0.21271 0.80000
v -1.15648 -0.19054 0.80000
v -1.18492 -0.17386 0.80000
v -1.21662 -0.16351 0.80000
v -1.25000 -0.16000 0.80000
v -1.28338 -0.16351 0.80000
v -1.31508 -0.17386 0.80000
v -1.34352 -0.19054 0.80000
v -1.36727 -0.21271 0.80000
v -1.38515 -0.23926 0.80000
v -1.39624 -0.26885 0.80000
v -1.40000 -0.30000 0.80000
v -1.39624 -0.33115 0.80000
v -1.38515 -0.36074 0.80000
v -1.36727 -0.38729 0.80000
v -1.34352 -0.40946 0.80000
v -1.31508 -0.42614 0.80000
v -1.28338 -0.43649 0.80000
v -1.25000 -0.44000 0.80000
v -1.21662 -0.43649 0.80000
v -1.18492 -0.42614 0.80000
v -1.15648 -0.40946 0.80000
v -1.13273 -0.38729 0.80000
v -1.11485 -0.36074 0.80000
v -1.10376 -0.33115 0.80000
v -1.10000 -0.30000 0.87857
v -1.10376 -0.26885 0.87857
v -1.11485 -0.23926 0.87857
v -1.13273 -0.21271 0.87857
v -1.15648 -0.19054 0.87857
v -1.18492 -0.17386 0.87857
v -1.21662 -0.16351 0.87857
v -1.25000 -0.16000 0.87857
v -1.28338 -0.16351 0.87857
v -1.31508 -0.17386 0.87857
v -1.34352 -0.19054 0.87857
v -1.36727 -0.21271 0.87857
v -1.38515 -0.23926 0.87857
v -1.39624 -0.26885 0.87857
v -1.40000 -0.30000 0.87857
v -1.39624 -0.33115 0.87857
v -1.38515 -0.36074 0.87857
v -1.36727 -0.38729 0.87857
v -1.34352 -0.40946 0.87857
v -1.31508 -0.42614 0.87857
v -1.28338 -0.43649 0.87857
v -1.25000 -0.44000 0.87857
v -1.21662 -0.43649 0.87857
v -1.18492 -0.42614 0.87857
v -1.15648 -0.40946 0.87857
v -1.13273 -0.38729 0.87857
v -1.11485 -0.36074 0.87857
v -1.10376 -0.33115 0.87857
v -1.10000 -0.30000 0.95714
v -1.10376 -0.26885 0.95714
v -1.11485 -0.23926 0.95714
v -1.13273 -0.21271 0.95714
v -1.15648 -0.19054 0.95714
v -1.18492 -0.17386 0.95714
v -1.21662 -0.16351 0.95714
v -1.25000 -0.16000 0.95714
v -1.28338 -0.16351 0.95714
v -1.31508 -0.17386 0.95714
v -1.34352 -0.19054 0.95714
v -1.36727 -0.21271 0.95714
v -1.38515 -0.23926 0.95714
v -1.39624 -0.26885 0.95714
v -1.40000 -0.30000 0.95714
v -1.39624 -0.33115 0.95714
v -1.38515 -0.36074 0.95714
v -1.36727 -0.38729 0.95714
v -1.34352 -0.40946 0.95714
v -1.31508 -0.42614 0.95714
v -1.28338 -0.43649 0.95714
v -1.25000 -0.44000 0.95714
v -1.21662 -0.43649 0.95714
v -1.18492 -0.42614 0.95714
v -1.15648 -0.40946 0.95714
v -1.13273 -0.38729 0.95714
v -1.11485 -0.36074 0.95714
v -1.10376 -0.33115 0.95714
v -1.10000 -0.30000 1.03571
v -1.10376 -0.26885 1.03571
v -1.11485 -0.23926 1.03571
v -1.13273 -0.21271 1.03571
v -1.15648 -0.19054 1.03571
v -1.18492 -0.17386 1.03571
v -1.21662 -0.16351 1.03571
v -1.25000 -0.16000 1.03571
v -1.28338 -0.16351 1.03571
v -1.31508 -0.17386 1.03571
v -1.34352 -0.19054 1.03571
v -1.36727 -0.21271 1.03571
v -1.38515 -0.23926 1.03571
v -1.39624 -0.26885 1.03571
v -1.40000 -0.30000 1.03571
v -1.39624 -0.33115 1.03571
v -1.38515 -0.36074 1.03571
v -1.36727 -0.38729 1.03571
v -1.34352 -0.40946 1.03571
v -1.31508 -0.42614 1.03571
v -1.28338 -0.43649 1.03571
v -1.25000 -0.44000 1.03571
v -1.21662 -0.43649 1.03571
v -1.18492 -0.42614 1.03571
v -1.15648 -0.40946 1.03571
v -1.13273 -0.38729 1.03571
v -1.11485 -0.36074 1.03571
v -1.10376 -0.33115 1.03571
v -1.10000 -0.30000 1.11429
v -1.10376 -0.26885 1.11429
v -1.11485 -0.23926 1.11429
v -1.13273 -0.21271 1.11429
v -1.15648 -0.19054 1.11429
v -1.18492 -0.17386 1.11429
v -1.21662 -0.16351 1.11429
v -1.25000 -0.16000 1.11429
v -1.28338 -0.16351 1.11429
v -1.31508 -0.17386 1.11429
v -1.34352 -0.19054 1.11429
v -1.36727 -0.21271 1.11429
v -1.38515 -0.23926 1.11429
v -1.39624 -0.26885 1.11429
v -1.40000 -0.30000 1.11429
v -1.39624 -0.33115 1.11429
v -1.38515 -0.36074 1.11429
v -1.36727 -0.38729 1.11429
v -1.34352 -0.40946 1.11429
v -1.31508 -0.42614 1.11429
v -1.28338 -0.43649 1.11429
v -1.25000 -0.44000 1.11429
v -1.21662 -0.43649 1.11429
v -1.18492 -0.42614 1.11429
v -1.15648 -0.40946 1.11429
v -1.13273 -0.38729 1.11429
v -1.11485 -0.36074 1.11429
v -1.10376 -0.33115 1.11429
v -1.10000 -0.30000 1.19286
v -1.10376 -0.26885 1.19286
v -1.11485 -0.23926 1.19286
v -1.13273 -0.21271 1.19286
v -1.15648 -0.19054 1.19286
v -1.18492 -0.17386 1.19286
v -1.21662 -0.16351 1.19286
v -1.25000 -0.16000 1.19286
v -1.28338 -0.16351 1.19286
v -1.31508 -0.17386 1.19286
v -1.34352 -0.19054 1.19286
v -1.36727 -0.21271 1.19286
v -1.38515 -0.23926 1.19286
v -1.39624 -0.26885 1.19286
v -1.40000 -0.30000 1.19286
v -1.39624 -0.33115 1.19286
v -1.38515 -0.36074 1.19286
v -1.36727 -0.38729 1.19286
v -1.34352 -0.40946 1.19286
v -1.31508 -0.42614 1.19286
v -1.28338 -0.43649 1.19286
v -1.25000 -0.44000 1.19286
v -1.21662 -0.43649 1.19286
v -1.18492 -0.42614 1.19286
v -1.15648 -0.40946 1.19286
v -1.13273 -0.38729 1.19286
v -1.11485 -0.36074 1.19286
v -1.10376 -0.33115 1.19286
v -1.10000 -0.30000 1.27143
v -1.10376 -0.26885 1.27143
v -1.11485 -0.23926 1.27143
v -1.13273 -0.21271 1.27143
v -1.15648 -0.19054 1.27143
v -1.18492 -0.17386 1.27143
v -1.21662 -0.16351 1.27143
v -1.25000 -0.16000 1.27143
v -1.28338 -0.16351 1.27143
v -1.31508 -0.17386 1.27143
v -1.34352 -0.19054 1.27143
v -1.36727 -0.21271 1.27143
v -1.38515 -0.23926 1.27143
v -1.39624 -0.26885 1.27143
v -1.40000 -0.30000 1.27143
v -1.39624 -0.33115 1.27143
v -1.38515 -0.36074 1.27143
v -1.36727 -0.38729 1.27143
v -1.34352 -0.40946 1.27143
v -1.31508 -0.42614 1.27143
v -1.28338 -0.43649 1.27143
v -1.25000 -0.44000 1.27143
v -1.21662 -0.43649 1.27143
v -1.18492 -0.42614 1.27143
v -1.15648 -0.40946 1.27143
v -1.13273 -0.38729 1.27143
v -1.11485 -0.36074 1.27143
v -1.10376 -0.33115 1.27143
v -1.10000 -0.30000 1.35000
v -1.10376 -0.26885 1.35000
v -1.11485 -0.23926 1.35000
v -1.13273 -0.21271 1.35000
v -1.15648 -0.19054 1.35000
v -1.18492 -0.17386 1.35000
v -1.21662 -0.16351 1.35000
v -1.25000 -0.16000 1.35000
v -1.28338 -0.16351 1.35000
v -1.31508 -0.17386 1.35000
v -1.34352 -0.19054 1.35000
v -1.36727 -0.21271 1.35000
v -1.38515 -0.23926 1.35000
v -1.39624 -0.26885 1.35000
v -1.40000 -0.30000 1.35000
v -1.39624 -0.33115 1.35000
v -1.38515 -0.36074 1.35000
v -1.36727 -0.38729 1.35000
v -1.34352 -0.40946 1.35000
v -1.31508 -0.42614 1.35000
v -1.28338 -0.43649 1.35000
v -1.25000 -0.44000 1.35000
v -1.21662 -0.43649 1.35000
v -1.18492 -0.42614 1.35000
v -1.15648 -0.40946 1.35000
v -1.13273 -0.38729 1.35000
v -1.11485 -0.36074 1.35000
v -1.10376 -0.33115 1.35000
v -1.10000 -0.30000 1.42857
v -1.10376 -0.26885 1.42857
v -1.11485 -0.23926 1.42857
v -1.13273 -0.21271 1.42857
v -1.15648 -0.19054 1.42857
v -1.18492 -0.17386 1.42857
v -1.21662 -0.16351 1.42857
v -1.25000 -0.16000 1.42857
v -1.28338 -0.16351 1.42857
v -1.31508 -0.17386 1.42857
v -1.34352 -0.19054 1.42857
v -1.36727 -0.21271 1.42857
v -1.38515 -0.23926 1.42857
v -1.39624 -0.26885 1.42857
v -1.40000 -0.30000 1.42857
v -1.39624 -0.33115 1.42857
v -1.38515 -0.36074 1.42857
v -1.36727 -0.38729 1.42857
v -1.34352 -0.40946 1.42857
v -1.31508 -0.42614 1.42857
v -1.28338 -0.43649 1.42857
v -1.25000 -0.44000 1.42857
v -1.21662 -0.43649 1.42857
v -1.18492 -0.42614 1.42857
v -1.15648 -0.40946 1.42857
v -1.13273 -0.38729 1.42857
v -1.11485 -0.36074 1.42857
v -1.10376 -0.33115 1.42857
v -1.10000 -0.30000 1.50714
v -1.10376 -0.26885 1.50714
v -1.11485 -0.23926 1.50714
v -1.13273 -0.21271 1.50714
v -1.15648 -0.19054 1.50714
v -1.18492 -0.17386 1.50714
v -1.21662 -0.16351 1.50714
v -1.25000 -0.16000 1.50714
v -1.28338 -0.16351 1.50714
v -1.31508 -0.17386 1.50714
v -1.34352 -0.19054 1.50714
v -1.36727 -0.21271 1.50714
v -1.38515 -0.23926 1.50714
v -1.39624 -0.26885 1.50714
v -1.40000 -0.30000 1.50714
v -1.39624 -0.33115 1.50714
v -1.38515 -0.36074 1.50714
v -1.36727 -0.38729 1.50714
v -1.34352 -0.40946 1.50714
v -1.31508 -0.42614 1.50714
v -1.28338 -0.43649 1.50714
v -1.25000 -0.44000 1.50714
v -1.21662 -0.43649 1.50714
v -1.18492 -0.42614 1.50714
v -1.15648 -0.40946 1.50714
v -1.13273 -0.38729 1.50714
v -1.11485 -0.36074 1.50714
v -1.10376 -0.33115 1.50714
v -1.10000 -0.30000 1.58571
v -1.10376 -0.26885 1.58571
v -1.11485 -0.23926 1.58571
v -1.13273 -0.21271 1.58571
v -1.15648 -0.19054 1.58571
v -1.18492 -0.17386 1.58571
v -1.21662 -0.16351 1.58571
v -1.25000 -0.16000 1.58571
v -1.28338 -0.16351 1.58571
v -1.31508 -0.17386 1.58571
v -1.34352 -0.19054 1.58571
v -1.36727 -0.21271 1.58571
v -1.38515 -0.23926 1.58571
v -1.39624 -0.26885 1.58571
v -1.40000 -0.30000 1.58571
v -1.39624 -0.33115 1.58571
v -1.38515 -0.36074 1.58571
v -1.36727 -0.38729 1.58571
v -1.34352 -0.40946 1.58571
v -1.31508 -0.42614 1.58571
v -1.28338 -0.43649 1.58571
v -1.25000 -0.44000 1.58571
v -1.21662 -0.43649 1.58571
v -1.18492 -0.42614 1.58571
v -1.15648 -0.40946 1.58571
v -1.13273 -0.38729 1.58571
v -1.11485 -0.36074 1.58571
v -1.10376 -0.33115 1.58571
v -1.10000 -0.30000 1.66429
v -1.10376 -0.26885 1.66429
v -1.11485 -0.23926 1.66429
v -1.13273 -0.21271 1.66429
v -1.15648 -0.19054 1.66429
v -1.18492 -0.17386 1.66429
v -1.21662 -0.16351 1.66429
v -1.25000 -0.16000 1.66429
v -1.28338 -0.16351 1.66429
v -1.31508 -0.17386 1.66429
v -1.34352 -0.19054 1.66429
v -1.36727 -0.21271 1.66429
v -1.38515 -0.23926 1.66429
v -1.39624 -0.26885 1.66429
v -1.40000 -0.30000 1.66429
v -1.39624 -0.33115 1.66429
v -1.38515 -0.36074 1.66429
v -1.36727 -0.38729 1.66429
v -1.34352 -0.40946 1.66429
v -1.31508 -0.42614 1.66429
v -1.28338 -0.43649 1.66429
v -1.25000 -0.44000 1.66429
v -1.21662 -0.43649 1.66429
v -1.18492 -0.42614 1.66429
v -1.15648 -0.40946 1.66429
v -1.13273 -0.38729 1.66429
v -1.11485 -0.36074 1.66429
v -1.10376 -0.33115 1.66429
v -1.10179 -0.30000 1.74286
v -1.10550 -0.26922 1.74286
v -1.11646 -0.23998 1.74286
v -1.13412 -0.21375 1.74286
v -1.15759 -0.19185 1.74286
v -1.18569 -0.17537 1.74286
v -1.21702 -0.16513 1.74286
v -1.25000 -0.16167 1.74286
v -1.28298 -0.16513 1.74286
v -1.31431 -0.17537 1.74286
v -1.34241 -0.19185 1.74286
v -1.36588 -0.21375 1.74286
v -1.38354 -0.23998 1.74286
v -1.39450 -0.26922 1.74286
v -1.39821 -0.30000 1.74286
v -1.39450 -0.33078 1.74286
v -1.38354 -0.36002 1.74286
v -1.36588 -0.38625 1.74286
v -1.34241 -0.40815 1.74286
v -1.31431 -0.42463 1.74286
v -1.28298 -0.43487 1.74286
v -1.25000 -0.43833 1.74286
v -1.21702 -0.43487 1.74286
v -1.18569 -0.42463 1.74286
v -1.15759 -0.40815 1.74286
v -1.13412 -0.38625 1.74286
v -1.11646 -0.36002 1.74286
v -1.10550 -0.33078 1.74286
v -1.11964 -0.30000 1.82143
v -1.12291 -0.27293 1.82143
v -1.13255 -0.24721 1.82143
v -1.14808 -0.22414 1.82143
v -1.16872 -0.20488 1.82143
v -1.19344 -0.19038 1.82143
v -1.22099 -0.18138 1.82143
v -1.25000 -0.17833 1.82143
v -1.27901 -0.18138 1.82143
v -1.30656 -0.19038 1.82143
v -1.33128 -0.20488 1.82143
v -1.35192 -0.22414 1.82143
v -1.36745 -0.24721 1.82143
v -1.37709 -0.27293 1.82143
v -1.38036 -0.30000 1.82143
v -1.37709 -0.32707 1.82143
v -1.36745 -0.35279 1.82143
v -1.35192 -0.37586 1.82143
v -1.33128 -0.39512 1.82143
v -1.30656 -0.40962 1.82143
v -1.27901 -0.41862 1.82143
v -1.25000 -0.42167 1.82143
v -1.22099 -0.41862 1.82143
v -1.19344 -0.40962 1.82143
v -1.16872 -0.39512 1.82143
v -1.14808 -0.37586 1.82143
v -1.13255 -0.35279 1.82143
v -1.12291 -0.32707 1.82143
v -1.13750 -0.30000 1.90000
v -1.14032 -0.27664 1.90000
v -1.14864 -0.25444 1.90000
v -1.16204 -0.23453 1.90000
v -1.17986 -0.21791 1.90000
v -1.20119 -0.20540 1.90000
v -1.22497 -0.19763 1.90000
v -1.25000 -0.19500 1.90000
v -1.27503 -0.19763 1.90000
v -1.29881 -0.20540 1.90000
v -1.32014 -0.21791 1.90000
v -1.33796 -0.23453 1.90000
v -1.35136 -0.25444 1.90000
v -1.35968 -0.27664 1.90000
v -1.36250 -0.30000 1.90000
v -1.35968 -0.32336 1.90000
v -1.35136 -0.34556 1.90000
v -1.33796 -0.36547 1.90000
v -1.32014 -0.38209 1.90000
v -1.29881 -0.39460 1.90000
v -1.27503 -0.40237 1.90000
v -1.25000 -0.40500 1.90000
v -1.22497 -0.40237 1.90000
v -1.20119 -0.39460 1.90000
v -1.17986 -0.38209 1.90000
v -1.16204 -0.36547 1.90000
v -1.14864 -0.34556 1.90000
v -1.14032 -0.32336 1.90000
v -1.25000 -0.30000 1.90000
v -1.13750 -0.30000 1.90000
v -1.14032 -0.27664 1.90000
v -1.14864 -0.25444 1.90000
v -1.16204 -0.23453 1.90000
v -1.17986 -0.21791 1.90000
v -1.20119 -0.20540 1.90000
v -1.22497 -0.19763 1.90000
v -1.25000 -0.19500 1.90000
v -1.27503 -0.19763 1.90000
v -1.29881 -0.20540 1.90000
v -1.32014 -0.21791 1.90000
v -1.33796 -0.23453 1.90000
v -1.35136 -0.25444 1.90000
v -1.35968 -0.27664 1.90000
v -1.36250 -0.30000 1.90000
v -1.35968 -0.32336 1.90000
v -1.35136 -0.34556 1.90000
v -1.33796 -0.36547 1.90000
v -1.32014 -0.38209 1.90000
v -1.29881 -0.39460 1.90000
v -1.27503 -0.40237 1.90000
v -1.25000 -0.40500 1.90000
v -1.22497 -0.40237 1.90000
v -1.20119 -0.39460 1.90000
v -1.17986 -0.38209 1.90000
v -1.16204 -0.36547 1.90000
v -1.14864 -0.34556 1.90000
v -1.14032 -0.32336 1.90000
v -1.12500 -0.30000 0.45000
v -1.12969 -0.24250 0.45000
v -1.14250 -0.20041 0.45000
v -1.16000 -0.18500 0.45000
v -1.17750 -0.20041 0.45000
v -1.19031 -0.24250 0.45000
v -1.19500 -0.30000 0.45000
v -1.19031 -0.35750 0.45000
v -1.17750 -0.39959 0.45000
v -1.16000 -0.41500 0.45000
v -1.14250 -0.39959 0.45000
v -1.12969 -0.35750 0.45000
v -1.12500 -0.30000 0.53667
v -1.12969 -0.24250 0.53667
v -1.14250 -0.20041 0.53667
v -1.16000 -0.18500 0.53667
v -1.17750 -0.20041 0.53667
v -1.19031 -0.24250 0.53667
v -1.19500 -0.30000 0.53667
v -1.19031 -0.35750 0.53667
v -1.17750 -0.39959 0.53667
v -1.16000 -0.41500 0.53667
v -1.14250 -0.39959 0.53667
v -1.12969 -0.35750 0.53667
v -1.12500 -0.30000 0.62333
v -1.12969 -0.24250 0.62333
v -1.14250 -0.20041 0.62333
v -1.16000 -0.18500 0.62333
v -1.17750 -0.20041 0.62333
v -1.19031 -0.24250 0.62333
v -1.19500 -0.30000 0.62333
v -1.19031 -0.35750 0.62333
v -1.17750 -0.39959 0.62333
v -1.16000 -0.41500 0.62333
v -1.14250 -0.39959 0.62333
v -1.12969 -0.35750 0.62333
v -1.12500 -0.30000 0.71000
v -1.12969 -0.24250 0.71000
v -1.14250 -0.20041 0.71000
v -1.16000 -0.18500 0.71000
v -1.17750 -0.20041 0.71000
v -1.19031 -0.24250 0.71000
v -1.19500 -0.30000 0.71000
v -1.19031 -0.35750 0.71000
v -1.17750 -0.39959 0.71000
v -1.16000 -0.41500 0.71000
v -1.14250 -0.39959 0.71000
v -1.12969 -0.35750 0.71000
v -1.12500 -0.30000 0.79667
v -1.12969 -0.24250 0.79667
v -1.14250 -0.20041 0.79667
v -1.16000 -0.18500 0.79667
v -1.17750 -0.20041 0.79667
v -1.19031 -0.24250 0.79667
v -1.19500 -0.30000 0.79667
v -1.19031 -0.35750 0.79667
v -1.17750 -0.39959 0.79667
v -1.16000 -0.41500 0.79667
v -1.14250 -0.39959 0.79667
v -1.12969 -0.35750 0.79667
v -1.12500 -0.30000 0.88333
v -1.12969 -0.24250 0.88333
v -1.14250 -0.20041 0.88333
v -1.16000 -0.18500 0.88333
v -1.17750 -0.20041 0.88333
v -1.19031 -0.24250 0.88333
v -1.19500 -0.30000 0.88333
v -1.19031 -0.35750 0.88333
v -1.17750 -0.39959 0.88333
v -1.16000 -0.41500 0.88333
v -1.14250 -0.39959 0.88333
v -1.12969 -0.35750 0.88333
v -1.12500 -0.30000 0.97000
v -1.12969 -0.24250 0.97000
v -1.14250 -0.20041 0.97000
v -1.16000 -0.18500 0.97000
v -1.17750 -0.20041 0.97000
v -1.19031 -0.24250 0.97000
v -1.19500 -0.30000 0.97000
v -1.19031 -0.35750 0.97000
v -1.17750 -0.39959 0.97000
v -1.16000 -0.41500 0.97000
v -1.14250 -0.39959 0.97000
v -1.12969 -0.35750 0.97000
v -1.12500 -0.30000 1.05667
v -1.12969 -0.24250 1.05667
v -1.14250 -0.20041 1.05667
v -1.16000 -0.18500 1.05667
v -1.17750 -0.20041 1.05667
v -1.19031 -0.24250 1.05667
v -1.19500 -0.30000 1.05667
v -1.19031 -0.35750 1.05667
v -1.17750 -0.39959 1.05667
v -1.16000 -0.41500 1.05667
v -1.14250 -0.39959 1.05667
v -1.12969 -0.35750 1.05667
v -1.12500 -0.30000 1.14333
v -1.12969 -0.24250 1.14333
v -1.14250 -0.20041 1.14333
v -1.16000 -0.18500 1.14333
v -1.17750 -0.20041 1.14333
v -1.19031 -0.24250 1.14333
v -1.19500 -0.30000 1.14333
v -1.19031 -0.35750 1.14333
v -1.17750 -0.39959 1.14333
v -1.16000 -0.41500 1.14333
v -1.14250 -0.39959 1.14333
v -1.12969 -0.35750 1.14333
v -1.12500 -0.30000 1.23000
v -1.12969 -0.24250 1.23000
v -1.14250 -0.20041 1.23000
v -1.16000 -0.18500 1.23000
v -1.17750 -0.20041 1.23000
v -1.19031 -0.24250 1.23000
v -1.19500 -0.30000 1.23000
v -1.19031 -0.35750 1.23000
v -1.17750 -0.39959 1.23000
v -1.16000 -0.41500 1.23000
v -1.14250 -0.39959 1.23000
v -1.12969 -0.35750 1.23000
v -1.12500 -0.30000 1.31667
v -1.12969 -0.24250 1.31667
v -1.14250 -0.20041 1.31667
v -1.16000 -0.18500 1.31667
v -1.17750 -0.20041 1.31667
v -1.19031 -0.24250 1.31667
v -1.19500 -0.30000 1.31667
v -1.19031 -0.35750 1.31667
v -1.17750 -0.39959 1.31667
v -1.16000 -0.41500 1.31667
v -1.14250 -0.39959 1.31667
v -1.12969 -0.35750 1.31667
v -1.12500 -0.30000 1.40333
v -1.12969 -0.24250 1.40333
v -1.14250 -0.20041 1.40333
v -1.16000 -0.18500 1.40333
v -1.17750 -0.20041 1.40333
v -1.19031 -0.24250 1.40333
v -1.19500 -0.30000 1.40333
v -1.19031 -0.35750 1.40333
v -1.17750 -0.39959 1.40333
v -1.16000 -0.41500 1.40333
v -1.14250 -0.39959 1.40333
v -1.12969 -0.35750 1.40333
v -1.12500 -0.30000 1.49000
v -1.12969 -0.24250 1.49000
v -1.14250 -0.20041 1.49000
v -1.16000 -0.18500 1.49000
v -1.17750 -0.20041 1.49000
v -1.19031 -0.24250 1.49000
v -1.19500 -0.30000 1.49000
v -1.19031 -0.35750 1.49000
v -1.17750 -0.39959 1.49000
v -1.16000 -0.41500 1.49000
v -1.14250 -0.39959 1.49000
v -1.12969 -0.35750 1.49000
v -1.12500 -0.30000 1.57667
v -1.12969 -0.24250 1.57667
v -1.14250 -0.20041 1.57667
v -1.16000 -0.18500 1.57667
v -1.17750 -0.20041 1.57667
v -1.19031 -0.24250 1.57667
v -1.19500 -0.30000 1.57667
v -1.19031 -0.35750 1.57667
v -1.17750 -0.39959 1.57667
v -1.16000 -0.41500 1.57667
v -1.14250 -0.39959 1.57667
v -1.12969 -0.35750 1.57667
v -1.12500 -0.30000 1.66333
v -1.12969 -0.24250 1.66333
v -1.14250 -0.20041 1.66333
v -1.16000 -0.18500 1.66333
v -1.17750 -0.20041 1.66333
v -1.19031 -0.24250 1.66333
v -1.19500 -0.30000 1.66333
v -1.19031 -0.35750 1.66333
v -1.17750 -0.39959 1.66333
v -1.16000 -0.41500 1.66333
v -1.14250 -0.39959 1.66333
v -1.12969 -0.35750 1.66333
v -1.12500 -0.30000 1.75000
v -1.12969 -0.24250 1.75000
v -1.14250 -0.20041 1.75000
v -1.16000 -0.18500 1.75000
v -1.17750 -0.20041 1.75000
v -1.19031 -0.24250 1.75000
v -1.19500 -0.30000 1.75000
v -1.19031 -0.35750 1.75000
v -1.17750 -0.39959 1.75000
v -1.16000 -0.41500 1.75000
v -1.14250 -0.39959 1.75000
v -1.12969 -0.35750 1.75000
v -1.23000 -0.34000 0.75000
v -1.23000 -0.20000 0.75000
v -1.23000 -0.20000 1.35000
v -1.23000 -0.34000 1.35000
v -1.27000 -0.34000 1.35000
v -1.27000 -0.20000 1.35000
v -1.27000 -0.20000 0.75000
v -1.27000 -0.34000 0.75000
v -1.27000 -0.20000 0.75000
v -1.27000 -0.20000 1.35000
v -1.23000 -0.20000 1.35000
v -1.23000 -0.20000 0.75000
v -1.27000 -0.34000 1.35000
v -1.27000 -0.34000 0.75000
v -1.23000 -0.34000 0.75000
v -1.23000 -0.34000 1.35000
v -1.23000 -0.34000 1.35000
v -1.23000 -0.20000 1.35000
v -1.27000 -0.20000 1.35000
v -1.27000 -0.34000 1.35000
v -1.27000 -0.34000 0.75000
v -1.27000 -0.20000 0.75000
v -1.23000 -0.20000 0.75000
v -1.23000 -0.34000 0.75000
v -0.28000 0.01500 -0.05000
v -1.20000 -0.24500 0.55000
v -1.20000 -0.24500 1.15000
v -0.28000 0.01500 1.05000
v -0.28000 -0.05500 -0.05000
v -1.20000 -0.31500 0.55000
v -1.20000 -0.31500 1.15000
v -0.28000 -0.05500 1.05000
v -0.28000 0.01500 -0.05000
v -0.28000 -0.05500 -0.05000
v -1.20000 -0.31500 0.55000
v -1.20000 -0.24500 0.55000
v -1.20000 -0.24500 0.55000
v -1.20000 -0.31500 0.55000
v -1.20000 -0.31500 1.15000
v -1.20000 -0.24500 1.15000
v -1.20000 -0.24500 1.15000
v -1.20000 -0.31500 1.15000
v -0.28000 -0.05500 1.05000
v -0.28000 0.01500 1.05000
v -0.28000 0.01500 1.05000
v -0.28000 -0.05500 1.05000
v -0.28000 -0.05500 -0.05000
v -0.28000 0.01500 -0.05000
v 1.29000 -0.30000 0.25000
v 1.28900 -0.29110 0.25000
v 1.28604 -0.28264 0.25000
v 1.28127 -0.27506 0.25000
v 1.27494 -0.26873 0.25000
v 1.26736 -0.26396 0.25000
v 1.25890 -0.26100 0.25000
v 1.25000 -0.26000 0.25000
v 1.24110 -0.26100 0.25000
v 1.23264 -0.26396 0.25000
v 1.22506 -0.26873 0.25000
v 1.21873 -0.27506 0.25000
v 1.21396 -0.28264 0.25000
v 1.21100 -0.29110 0.25000
v 1.21000 -0.30000 0.25000
v 1.21100 -0.30890 0.25000
v 1.21396 -0.31736 0.25000
v 1.21873 -0.32494 0.25000
v 1.22506 -0.33127 0.25000
v 1.23264 -0.33604 0.25000
v 1.24110 -0.33900 0.25000
v 1.25000 -0.34000 0.25000
v 1.25890 -0.33900 0.25000
v 1.26736 -0.33604 0.25000
v 1.27494 -0.33127 0.25000
v 1.28127 -0.32494 0.25000
v 1.28604 -0.31736 0.25000
v 1.28900 -0.30890 0.25000
v 1.33441 -0.30000 0.32857
v 1.33229 -0.28212 0.32857
v 1.32605 -0.26513 0.32857
v 1.31599 -0.24989 0.32857
v 1.30263 -0.23716 0.32857
v 1.28662 -0.22759 0.32857
v 1.26878 -0.22165 0.32857
v 1.25000 -0.21963 0.32857
v 1.23122 -0.22165 0.32857
v 1.21338 -0.22759 0.32857
v 1.19737 -0.23716 0.32857
v 1.18401 -0.24989 0.32857
v 1.17395 -0.26513 0.32857
v 1.16771 -0.28212 0.32857
v 1.16559 -0.30000 0.32857
v 1.16771 -0.31788 0.32857
v 1.17395 -0.33487 0.32857
v 1.18401 -0.35011 0.32857
v 1.19737 -0.36284 0.32857
v 1.21338 -0.37241 0.32857
v 1.23122 -0.37835 0.32857
v 1.25000 -0.38037 0.32857
v 1.26878 -0.37835 0.32857
v 1.28662 -0.37241 0.32857
v 1.30263 -0.36284 0.32857
v 1.31599 -0.35011 0.32857
v 1.32605 -0.33487 0.32857
v 1.33229 -0.31788 0.32857
v 1.37125 -0.30000 0.40714
v 1.36821 -0.27466 0.40714
v 1.35925 -0.25059 0.40714
v 1.34480 -0.22900 0.40714
v 1.32560 -0.21097 0.40714
v 1.30261 -0.19741 0.40714
v 1.27698 -0.18899 0.40714
v 1.25000 -0.18613 0.40714
v 1.22302 -0.18899 0.40714
v 1.19739 -0.19741 0.40714
v 1.17440 -0.21097 0.40714
v 1.15520 -0.22900 0.40714
v 1.14075 -0.25059 0.40714
v 1.13179 -0.27466 0.40714
v 1.12875 -0.30000 0.40714
v 1.13179 -0.32534 0.40714
v 1.14075 -0.34941 0.40714
v 1.15520 -0.37100 0.40714
v 1.17440 -0.38903 0.40714
v 1.19739 -0.40259 0.40714
v 1.22302 -0.41101 0.40714
v 1.25000 -0.41387 0.40714
v 1.27698 -0.41101 0.40714
v 1.30261 -0.40259 0.40714
v 1.32560 -0.38903 0.40714
v 1.34480 -0.37100 0.40714
v 1.35925 -0.34941 0.40714
v 1.36821 -0.32534 0.40714
v 1.39427 -0.30000 0.48571
v 1.39065 -0.27001 0.48571
v 1.37998 -0.24152 0.48571
v 1.36280 -0.21596 0.48571
v 1.33995 -0.19461 0.48571
v 1.31260 -0.17856 0.48571
v 1.28210 -0.16859 0.48571
v 1.25000 -0.16521 0.48571
v 1.21790 -0.16859 0.48571
v 1.18740 -0.17856 0.48571
v 1.16005 -0.19461 0.48571
v 1.13720 -0.21596 0.48571
v 1.12002 -0.24152 0.48571
v 1.10935 -0.27001 0.48571
v 1.10573 -0.30000 0.48571
v 1.10935 -0.32999 0.48571
v 1.12002 -0.35848 0.48571
v 1.13720 -0.38404 0.48571
v 1.16005 -0.40539 0.48571
v 1.18740 -0.42144 0.48571
v 1.21790 -0.43141 0.48571
v 1.25000 -0.43479 0.48571
v 1.28210 -0.43141 0.48571
v 1.31260 -0.42144 0.48571
v 1.33995 -0.40539 0.48571
v 1.36280 -0.38404 0.48571
v 1.37998 -0.35848 0.48571
v 1.39065 -0.32999 0.48571
v 1.40000 -0.30000 0.56429
v 1.39624 -0.26885 0.56429
v 1.38515 -0.23926 0.56429
v 1.36727 -0.21271 0.56429
v 1.34352 -0.19054 0.56429
v 1.31508 -0.17386 0.56429
v 1.28338 -0.16351 0.56429
v 1.25000 -0.16000 0.56429
v 1.21662 -0.16351 0.56429
v 1.18492 -0.17386 0.56429
v 1.15648 -0.19054 0.56429
v 1.13273 -0.21271 0.56429
v 1.11485 -0.23926 0.56429
v 1.10376 -0.26885 0.56429
v 1.10000 -0.30000 0.56429
v 1.10376 -0.33115 0.56429
v 1.11485 -0.36074 0.56429
v 1.13273 -0.38729 0.56429
v 1.15648 -0.40946 0.56429
v 1.18492 -0.42614 0.56429
v 1.21662 -0.43649 0.56429
v 1.25000 -0.44000 0.56429
v 1.28338 -0.43649 0.56429
v 1.31508 -0.42614 0.56429
v 1.34352 -0.40946 0.56429
v 1.36727 -0.38729 0.56429
v 1.38515 -0.36074 0.56429
v 1.39624 -0.33115 0.56429
v 1.40000 -0.30000 0.64286
v 1.39624 -0.26885 0.64286
v 1.38515 -0.23926 0.64286
v 1.36727 -0.21271 0.64286
v 1.34352 -0.19054 0.64286
v 1.31508 -0.17386 0.64286
v 1.28338 -0.16351 0.64286
v 1.25000 -0.16000 0.64286
v 1.21662 -0.16351 0.64286
v 1.18492 -0.17386 0.64286
v 1.15648 -0.19054 0.64286
v 1.13273 -0.21271 0.64286
v 1.11485 -0.23926 0.64286
v 1.10376 -0.26885 0.64286
v 1.10000 -0.30000 0.64286
v 1.10376 -0.33115 0.64286
v 1.11485 -0.36074 0.64286
v 1.13273 -0.38729 0.64286
v 1.15648 -0.40946 0.64286
v 1.18492 -0.42614 0.64286
v 1.21662 -0.43649 0.64286
v 1.25000 -0.44000 0.64286
v 1.28338 -0.43649 0.64286
v 1.31508 -0.42614 0.64286
v 1.34352 -0.40946 0.64286
v 1.36727 -0.38729 0.64286
v 1.38515 -0.36074 0.64286
v 1.39624 -0.33115 0.64286
v 1.40000 -0.30000 0.72143
v 1.39624 -0.26885 0.72143
v 1.38515 -0.23926 0.72143
v 1.36727 -0.21271 0.72143
v 1.34352 -0.19054 0.72143
v 1.31508 -0.17386 0.72143
v 1.28338 -0.16351 0.72143
v 1.25000 -0.16000 0.72143
v 1.21662 -0.16351 0.72143
v 1.18492 -0.17386 0.72143
v 1.15648 -0.19054 0.72143
v 1.13273 -0.21271 0.72143
v 1.11485 -0.23926 0.72143
v 1.10376 -0.26885 0.72143
v 1.10000 -0.30000 0.72143
v 1.10376 -0.33115 0.72143
v 1.11485 -0.36074 0.72143
v 1.13273 -0.38729 0.72143
v 1.15648 -0.40946 0.72143
v 1.18492 -0.42614 0.72143
v 1.21662 -0.43649 0.72143
v 1.25000 -0.44000 0.72143
v 1.28338 -0.43649 0.72143
v 1.31508 -0.42614 0.72143
v 1.34352 -0.40946 0.72143
v 1.36727 -0.38729 0.72143
v 1.38515 -0.36074 0.72143
v 1.39624 -0.33115 0.72143
v 1.40000 -0.30000 0.80000
v 1.39624 -0.26885 0.80000
v 1.38515 -0.23926 0.80000
v 1.36727 -0.21271 0.80000
v 1.34352 -0.19054 0.80000
v 1.31508 -0.17386 0.80000
v 1.28338 -0.16351 0.80000
v 1.25000 -0.16000 0.80000
v 1.21662 -0.16351 0.80000
v 1.18492 -0.17386 0.80000
v 1.15648 -0.19054 0.80000
v 1.13273 -0.21271 0.80000
v 1.11485 -0.23926 0.80000
v 1.10376 -0.26885 0.80000
v 1.10000 -0.30000 0.80000
v 1.10376 -0.33115 0.80000
v 1.11485 -0.36074 0.80000
v 1.13273 -0.38729 0.80000
v 1.15648 -0.40946 0.80000
v 1.18492 -0.42614 0.80000
v 1.21662 -0.43649 0.80000
v 1.25000 -0.44000 0.80000
v 1.28338 -0.43649 0.80000
v 1.31508 -0.42614 0.80000
v 1.34352 -0.40946 0.80000
v 1.36727 -0.38729 0.80000
v 1.38515 -0.36074 0.80000
v 1.39624 -0.33115 0.80000
v 1.40000 -0.30000 0.87857
v 1.39624 -0.26885 0.87857
v 1.38515 -0.23926 0.87857
v 1.36727 -0.21271 0.87857
v 1.34352 -0.19054 0.87857
v 1.31508 -0.17386 0.87857
v 1.28338 -0.16351 0.87857
v 1.25000 -0.16000 0.87857
v 1.21662 -0.16351 0.87857
v 1.18492 -0.17386 0.87857
v 1.15648 -0.19054 0.87857
v 1.13273 -0.21271 0.87857
v 1.11485 -0.23926 0.87857
v 1.10376 -0.26885 0.87857
v 1.10000 -0.30000 0.87857
v 1.10376 -0.33115 0.87857
v 1.11485 -0.36074 0.87857
v 1.13273 -0.38729 0.87857
v 1.15648 -0.40946 0.87857
v 1.18492 -0.42614 0.87857
v 1.21662 -0.43649 0.87857
v 1.25000 -0.44000 0.87857
v 1.28338 -0.43649 0.87857
v 1.31508 -0.42614 0.87857
v 1.34352 -0.40946 0.87857
v 1.36727 -0.38729 0.87857
v 1.38515 -0.36074 0.87857
v 1.39624 -0.33115 0.87857
v 1.40000 -0.30000 0.95714
v 1.39624 -0.26885 0.95714
v 1.38515 -0.23926 0.95714
v 1.36727 -0.21271 0.95714
v 1.34352 -0.19054 0.95714
v 1.31508 -0.17386 0.95714
v 1.28338 -0.16351 0.95714
v 1.25000 -0.16000 0.95714
v 1.21662 -0.16351 0.95714
v 1.18492 -0.17386 0.95714
v 1.15648 -0.19054 0.95714
v 1.13273 -0.21271 0.95714
v 1.11485 -0.23926 0.95714
v 1.10376 -0.26885 0.95714
v 1.10000 -0.30000 0.95714
v 1.10376 -0.33115 0.95714
v 1.11485 -0.36074 0.95714
v 1.13273 -0.38729 0.95714
v 1.15648 -0.40946 0.95714
v 1.18492 -0.42614 0.95714
v 1.21662 -0.43649 0.95714
v 1.25000 -0.44000 0.95714
v 1.28338 -0.43649 0.95714
v 1.31508 -0.42614 0.95714
v 1.34352 -0.40946 0.95714
v 1.36727 -0.38729 0.95714
v 1.38515 -0.36074 0.95714
v 1.39624 -0.33115 0.95714
v 1.40000 -0.30000 1.03571
v 1.39624 -0.26885 1.03571
v 1.38515 -0.23926 1.03571
v 1.36727 -0.21271 1.03571
v 1.34352 -0.19054 1.03571
v 1.31508 -0.17386 1.03571
v 1.28338 -0.16351 1.03571
v 1.25000 -0.16000 1.03571
v 1.21662 -0.16351 1.03571
v 1.18492 -0.17386 1.03571
v 1.15648 -0.19054 1.03571
v 1.13273 -0.21271 1.03571
v 1.11485 -0.23926 1.03571
v 1.10376 -0.26885 1.03571
v 1.10000 -0.30000 1.03571
v 1.10376 -0.33115 1.03571
v 1.11485 -0.36074 1.03571
v 1.13273 -0.38729 1.03571
v 1.15648 -0.40946 1.03571
v 1.18492 -0.42614 1.03571
v 1.21662 -0.43649 1.03571
v 1.25000 -0.44000 1.03571
v 1.28338 -0.43649 1.03571
v 1.31508 -0.42614 1.03571
v 1.34352 -0.40946 1.03571
v 1.36727 -0.38729 1.03571
v 1.38515 -0.36074 1.03571
v 1.39624 -0.33115 1.03571
v 1.40000 -0.30000 1.11429
v 1.39624 -0.26885 1.11429
v 1.38515 -0.23926 1.11429
v 1.36727 -0.21271 1.11429
v 1.34352 -0.19054 1.11429
v 1.31508 -0.17386 1.11429
v 1.28338 -0.16351 1.11429
v 1.25000 -0.16000 1.11429
v 1.21662 -0.16351 1.11429
v 1.18492 -0.17386 1.11429
v 1.15648 -0.19054 1.11429
v 1.13273 -0.21271 1.11429
v 1.11485 -0.23926 1.11429
v 1.10376 -0.26885 1.11429
v 1.10000 -0.30000 1.11429
v 1.10376 -0.33115 1.11429
v 1.11485 -0.36074 1.11429
v 1.13273 -0.38729 1.11429
v 1.15648 -0.40946 1.11429
v 1.18492 -0.42614 1.11429
v 1.21662 -0.43649 1.11429
v 1.25000 -0.44000 1.11429
v 1.28338 -0.43649 1.11429
v 1.31508 -0.42614 1.11429
v 1.34352 -0.40946 1.11429
v 1.36727 -0.38729 1.11429
v 1.38515 -0.36074 1.11429
v 1.39624 -0.33115 1.11429
v 1.40000 -0.30000 1.19286
v 1.39624 -0.26885 1.19286
v 1.38515 -0.23926 1.19286
v 1.36727 -0.21271 1.19286
v 1.34352 -0.19054 1.19286
v 1.31508 -0.17386 1.19286
v 1.28338 -0.16351 1.19286
v 1.25000 -0.16000 1.19286
v 1.21662 -0.16351 1.19286
v 1.18492 -0.17386 1.19286
v 1.15648 -0.19054 1.19286
v 1.13273 -0.21271 1.19286
v 1.11485 -0.23926 1.19286
v 1.10376 -0.26885 1.19286
v 1.10000 -0.30000 1.19286
v 1.10376 -0.33115 1.19286
v 1.11485 -0.36074 1.19286
v 1.13273 -0.38729 1.19286
v 1.15648 -0.40946 1.19286
v 1.18492 -0.42614 1.19286
v 1.21662 -0.43649 1.19286
v 1.25000 -0.44000 1.19286
v 1.28338 -0.43649 1.19286
v 1.31508 -0.42614 1.19286
v 1.34352 -0.40946 1.19286
v 1.36727 -0.38729 1.19286
v 1.38515 -0.36074 1.19286
v 1.39624 -0.33115 1.19286
v 1.40000 -0.30000 1.27143
v 1.39624 -0.26885 1.27143
v 1.38515 -0.23926 1.27143
v 1.36727 -0.21271 1.27143
v 1.34352 -0.19054 1.27143
v 1.31508 -0.17386 1.27143
v 1.28338 -0.16351 1.27143
v 1.25000 -0.16000 1.27143
v 1.21662 -0.16351 1.27143
v 1.18492 -0.17386 1.27143
v 1.15648 -0.19054 1.27143
v 1.13273 -0.21271 1.27143
v 1.11485 -0.23926 1.27143
v 1.10376 -0.26885 1.27143
v 1.10000 -0.30000 1.27143
v 1.10376 -0.33115 1.27143
v 1.11485 -0.36074 1.27143
v 1.13273 -0.38729 1.27143
v 1.15648 -0.40946 1.27143
v 1.18492 -0.42614 1.27143
v 1.21662 -0.43649 1.27143
v 1.25000 -0.44000 1.27143
v 1.28338 -0.43649 1.27143
v 1.31508 -0.42614 1.27143
v 1.34352 -0.40946 1.27143
v 1.36727 -0.38729 1.27143
v 1.38515 -0.36074 1.27143
v 1.39624 -0.33115 1.27143
v 1.40000 -0.30000 1.35000
v 1.39624 -0.26885 1.35000
v 1.38515 -0.23926 1.35000
v 1.36727 -0.21271 1.35000
v 1.34352 -0.19054 1.35000
v 1.31508 -0.17386 1.35000
v 1.28338 -0.16351 1.35000
v 1.25000 -0.16000 1.35000
v 1.21662 -0.16351 1.35000
v 1.18492 -0.17386 1.35000
v 1.15648 -0.19054 1.35000
v 1.13273 -0.21271 1.35000
v 1.11485 -0.23926 1.35000
v 1.10376 -0.26885 1.35000
v 1.10000 -0.30000 1.35000
v 1.10376 -0.33115 1.35000
v 1.11485 -0.36074 1.35000
v 1.13273 -0.38729 1.35000
v 1.15648 -0.40946 1.35000
v 1.18492 -0.42614 1.35000
v 1.21662 -0.43649 1.35000
v 1.25000 -0.44000 1.35000
v 1.28338 -0.43649 1.35000
v 1.31508 -0.42614 1.35000
v 1.34352 -0.40946 1.35000
v 1.36727 -0.38729 1.35000
v 1.38515 -0.36074 1.35000
v 1.39624 -0.33115 1.35000
v 1.40000 -0.30000 1.42857
v 1.39624 -0.26885 1.42857
v 1.38515 -0.23926 1.42857
v 1.36727 -0.21271 1.42857
v 1.34352 -0.19054 1.42857
v 1.31508 -0.17386 1.42857
v 1.28338 -0.16351 1.42857
v 1.25000 -0.16000 1.42857
v 1.21662 -0.16351 1.42857
v 1.18492 -0.17386 1.42857
v 1.15648 -0.19054 1.42857
v 1.13273 -0.21271 1.42857
v 1.11485 -0.23926 1.42857
v 1.10376 -0.26885 1.42857
v 1.10000 -0.30000 1.42857
v 1.10376 -0.33115 1.42857
v 1.11485 -0.36074 1.42857
v 1.13273 -0.38729 1.42857
v 1.15648 -0.40946 1.42857
v 1.18492 -0.42614 1.42857
v 1.21662 -0.43649 1.42857
v 1.25000 -0.44000 1.42857
v 1.28338 -0.43649 1.42857
v 1.31508 -0.42614 1.42857
v 1.34352 -0.40946 1.42857
v 1.36727 -0.38729 1.42857
v 1.38515 -0.36074 1.42857
v 1.39624 -0.33115 1.42857
v 1.40000 -0.30000 1.50714
v 1.39624 -0.26885 1.50714
v 1.38515 -0.23926 1.50714
v 1.36727 -0.21271 1.50714
v 1.34352 -0.19054 1.50714
v 1.31508 -0.17386 1.50714
v 1.28338 -0.16351 1.50714
v 1.25000 -0.16000 1.50714
v 1.21662 -0.16351 1.50714
v 1.18492 -0.17386 1.50714
v 1.15648 -0.19054 1.50714
v 1.13273 -0.21271 1.50714
v 1.11485 -0.23926 1.50714
v 1.10376 -0.26885 1.50714
v 1.10000 -0.30000 1.50714
v 1.10376 -0.33115 1.50714
v 1.11485 -0.36074 1.50714
v 1.13273 -0.38729 1.50714
v 1.15648 -0.40946 1.50714
v 1.18492 -0.42614 1.50714
v 1.21662 -0.43649 1.50714
v 1.25000 -0.44000 1.50714
v 1.28338 -0.43649 1.50714
v 1.31508 -0.42614 1.50714
v 1.34352 -0.40946 1.50714
v 1.36727 -0.38729 1.50714
v 1.38515 -0.36074 1.50714
v 1.39624 -0.33115 1.50714
v 1.40000 -0.30000 1.58571
v 1.39624 -0.26885 1.58571
v 1.38515 -0.23926 1.58571
v 1.36727 -0.21271 1.58571
v 1.34352 -0.19054 1.58571
v 1.31508 -0.17386 1.58571
v 1.28338 -0.16351 1.58571
v 1.25000 -0.16000 1.58571
v 1.21662 -0.16351 1.58571
v 1.18492 -0.17386 1.58571
v 1.15648 -0.19054 1.58571
v 1.13273 -0.21271 1.58571
v 1.11485 -0.23926 1.58571
v 1.10376 -0.26885 1.58571
v 1.10000 -0.30000 1.58571
v 1.10376 -0.33115 1.58571
v 1.11485 -0.36074 1.58571
v 1.13273 -0.38729 1.58571
v 1.15648 -0.40946 1.58571
v 1.18492 -0.42614 1.58571
v 1.21662 -0.43649 1.58571
v 1.25000 -0.44000 1.58571
v 1.28338 -0.43649 1.58571
v 1.31508 -0.42614 1.58571
v 1.34352 -0.40946 1.58571
v 1.36727 -0.38729 1.58571
v 1.38515 -0.36074 1.58571
v 1.39624 -0.33115 1.58571
v 1.40000 -0.30000 1.66429
v 1.39624 -0.26885 1.66429
v 1.38515 -0.23926 1.66429
v 1.36727 -0.21271 1.66429
v 1.34352 -0.19054 1.66429
v 1.31508 -0.17386 1.66429
v 1.28338 -0.16351 1.66429
v 1.25000 -0.16000 1.66429
v 1.21662 -0.16351 1.66429
v 1.18492 -0.17386 1.66429
v 1.15648 -0.19054 1.66429
v 1.13273 -0.21271 1.66429
v 1.11485 -0.23926 1.66429
v 1.10376 -0.26885 1.66429
v 1.10000 -0.30000 1.66429
v 1.10376 -0.33115 1.66429
v 1.11485 -0.36074 1.66429
v 1.13273 -0.38729 1.66429
v 1.15648 -0.40946 1.66429
v 1.18492 -0.42614 1.66429
v 1.21662 -0.43649 1.66429
v 1.25000 -0.44000 1.66429
v 1.28338 -0.43649 1.66429
v 1.31508 -0.42614 1.66429
v 1.34352 -0.40946 1.66429
v 1.36727 -0.38729 1.66429
v 1.38515 -0.36074 1.66429
v 1.39624 -0.33115 1.66429
v 1.39821 -0.30000 1.74286
v 1.39450 -0.26922 1.74286
v 1.38354 -0.23998 1.74286
v 1.36588 -0.21375 1.74286
v 1.34241 -0.19185 1.74286
v 1.31431 -0.17537 1.74286
v 1.28298 -0.16513 1.74286
v 1.25000 -0.16167 1.74286
v 1.21702 -0.16513 1.74286
v 1.18569 -0.17537 1.74286
v 1.15759 -0.19185 1.74286
v 1.13412 -0.21375 1.74286
v 1.11646 -0.23998 1.74286
v 1.10550 -0.26922 1.74286
v 1.10179 -0.30000 1.74286
v 1.10550 -0.33078 1.74286
v 1.11646 -0.36002 1.74286
v 1.13412 -0.38625 1.74286
v 1.15759 -0.40815 1.74286
v 1.18569 -0.42463 1.74286
v 1.21702 -0.43487 1.74286
v 1.25000 -0.43833 1.74286
v 1.28298 -0.43487 1.74286
v 1.31431 -0.42463 1.74286
v 1.34241 -0.40815 1.74286
v 1.36588 -0.38625 1.74286
v 1.38354 -0.36002 1.74286
v 1.39450 -0.33078 1.74286
v 1.38036 -0.30000 1.82143
v 1.37709 -0.27293 1.82143
v 1.36745 -0.24721 1.82143
v 1.35192 -0.22414 1.82143
v 1.33128 -0.20488 1.82143
v 1.30656 -0.19038 1.82143
v 1.27901 -0.18138 1.82143
v 1.25000 -0.17833 1.82143
v 1.22099 -0.18138 1.82143
v 1.19344 -0.19038 1.82143
v 1.16872 -0.20488 1.82143
v 1.14808 -0.22414 1.82143
v 1.13255 -0.24721 1.82143
v 1.12291 -0.27293 1.82143
v 1.11964 -0.30000 1.82143
v 1.12291 -0.32707 1.82143
v 1.13255 -0.35279 1.82143
v 1.14808 -0.37586 1.82143
v 1.16872 -0.39512 1.82143
v 1.19344 -0.40962 1.82143
v 1.22099 -0.41862 1.82143
v 1.25000 -0.42167 1.82143
v 1.27901 -0.41862 1.82143
v 1.30656 -0.40962 1.82143
v 1.33128 -0.39512 1.82143
v 1.35192 -0.37586 1.82143
v 1.36745 -0.35279 1.82143
v 1.37709 -0.32707 1.82143
v 1.36250 -0.30000 1.90000
v 1.35968 -0.27664 1.90000
v 1.35136 -0.25444 1.90000
v 1.33796 -0.23453 1.90000
v 1.32014 -0.21791 1.90000
v 1.29881 -0.20540 1.90000
v 1.27503 -0.19763 1.90000
v 1.25000 -0.19500 1.90000
v 1.22497 -0.19763 1.90000
v 1.20119 -0.20540 1.90000
v 1.17986 -0.21791 1.90000
v 1.16204 -0.23453 1.90000
v 1.14864 -0.25444 1.90000
v 1.14032 -0.27664 1.90000
v 1.13750 -0.30000 1.90000
v 1.14032 -0.32336 1.90000
v 1.14864 -0.34556 1.90000
v 1.16204 -0.36547 1.90000
v 1.17986 -0.38209 1.90000
v 1.20119 -0.39460 1.90000
v 1.22497 -0.40237 1.90000
v 1.25000 -0.40500 1.90000
v 1.27503 -0.40237 1.90000
v 1.29881 -0.39460 1.90000
v 1.32014 -0.38209 1.90000
v 1.33796 -0.36547 1.90000
v 1.35136 -0.34556 1.90000
v 1.35968 -0.32336 1.90000
v 1.25000 -0.30000 1.90000
v 1.36250 -0.30000 1.90000
v 1.35968 -0.27664 1.90000
v 1.35136 -0.25444 1.90000
v 1.33796 -0.23453 1.90000
v 1.32014 -0.21791 1.90000
v 1.29881 -0.20540 1.90000
v 1.27503 -0.19763 1.90000
v 1.25000 -0.19500 1.90000
v 1.22497 -0.19763 1.90000
v 1.20119 -0.20540 1.90000
v 1.17986 -0.21791 1.90000
v 1.16204 -0.23453 1.90000
v 1.14864 -0.25444 1.90000
v 1.14032 -0.27664 1.90000
v 1.13750 -0.30000 1.90000
v 1.14032 -0.32336 1.90000
v 1.14864 -0.34556 1.90000
v 1.16204 -0.36547 1.90000
v 1.17986 -0.38209 1.90000
v 1.20119 -0.39460 1.90000
v 1.22497 -0.40237 1.90000
v 1.25000 -0.40500 1.90000
v 1.27503 -0.40237 1.90000
v 1.29881 -0.39460 1.90000
v 1.32014 -0.38209 1.90000
v 1.33796 -0.36547 1.90000
v 1.35136 -0.34556 1.90000
v 1.35968 -0.32336 1.90000
v 1.19500 -0.30000 0.45000
v 1.19031 -0.24250 0.45000
v 1.17750 -0.20041 0.45000
v 1.16000 -0.18500 0.45000
v 1.14250 -0.20041 0.45000
v 1.12969 -0.24250 0.45000
v 1.12500 -0.30000 0.45000
v 1.12969 -0.35750 0.45000
v 1.14250 -0.39959 0.45000
v 1.16000 -0.41500 0.45000
v 1.17750 -0.39959 0.45000
v 1.19031 -0.35750 0.45000
v 1.19500 -0.30000 0.53667
v 1.19031 -0.24250 0.53667
v 1.17750 -0.20041 0.53667
v 1.16000 -0.18500 0.53667
v 1.14250 -0.20041 0.53667
v 1.12969 -0.24250 0.53667
v 1.12500 -0.30000 0.53667
v 1.12969 -0.35750 0.53667
v 1.14250 -0.39959 0.53667
v 1.16000 -0.41500 0.53667
v 1.17750 -0.39959 0.53667
v 1.19031 -0.35750 0.53667
v 1.19500 -0.30000 0.62333
v 1.19031 -0.24250 0.62333
v 1.17750 -0.20041 0.62333
v 1.16000 -0.18500 0.62333
v 1.14250 -0.20041 0.62333
v 1.12969 -0.24250 0.62333
v 1.12500 -0.30000 0.62333
v 1.12969 -0.35750 0.62333
v 1.14250 -0.39959 0.62333
v 1.16000 -0.41500 0.62333
v 1.17750 -0.39959 0.62333
v 1.19031 -0.35750 0.62333
v 1.19500 -0.30000 0.71000
v 1.19031 -0.24250 0.71000
v 1.17750 -0.20041 0.71000
v 1.16000 -0.18500 0.71000
v 1.14250 -0.20041 0.71000
v 1.12969 -0.24250 0.71000
v 1.12500 -0.30000 0.71000
v 1.12969 -0.35750 0.71000
v 1.14250 -0.39959 0.71000
v 1.16000 -0.41500 0.71000
v 1.17750 -0.39959 0.71000
v 1.19031 -0.35750 0.71000
v 1.19500 -0.30000 0.79667
v 1.19031 -0.24250 0.79667
v 1.17750 -0.20041 0.79667
v 1.16000 -0.18500 0.79667
v 1.14250 -0.20041 0.79667
v 1.12969 -0.24250 0.79667
v 1.12500 -0.30000 0.79667
v 1.12969 -0.35750 0.79667
v 1.14250 -0.39959 0.79667
v 1.16000 -0.41500 0.79667
v 1.17750 -0.39959 0.79667
v 1.19031 -0.35750 0.79667
v 1.19500 -0.30000 0.88333
v 1.19031 -0.24250 0.88333
v 1.17750 -0.20041 0.88333
v 1.16000 -0.18500 0.88333
v 1.14250 -0.20041 0.88333
v 1.12969 -0.24250 0.88333
v 1.12500 -0.30000 0.88333
v 1.12969 -0.35750 0.88333
v 1.14250 -0.39959 0.88333
v 1.16000 -0.41500 0.88333
v 1.17750 -0.39959 0.88333
v 1.19031 -0.35750 0.88333
v 1.19500 -0.30000 0.97000
v 1.19031 -0.24250 0.97000
v 1.17750 -0.20041 0.97000
v 1.16000 -0.18500 0.97000
v 1.14250 -0.20041 0.97000
v 1.12969 -0.24250 0.97000
v 1.12500 -0.30000 0.97000
v 1.12969 -0.35750 0.97000
v 1.14250 -0.39959 0.97000
v 1.16000 -0.41500 0.97000
v 1.17750 -0.39959 0.97000
v 1.19031 -0.35750 0.97000
v 1.19500 -0.30000 1.05667
v 1.19031 -0.24250 1.05667
v 1.17750 -0.20041 1.05667
v 1.16000 -0.18500 1.05667
v 1.14250 -0.20041 1.05667
v 1.12969 -0.24250 1.05667
v 1.12500 -0.30000 1.05667
v 1.12969 -0.35750 1.05667
v 1.14250 -0.39959 1.05667
v 1.16000 -0.41500 1.05667
v 1.17750 -0.39959 1.05667
v 1.19031 -0.35750 1.05667
v 1.19500 -0.30000 1.14333
v 1.19031 -0.24250 1.14333
v 1.17750 -0.20041 1.14333
v 1.16000 -0.18500 1.14333
v 1.14250 -0.20041 1.14333
v 1.12969 -0.24250 1.14333
v 1.12500 -0.30000 1.14333
v 1.12969 -0.35750 1.14333
v 1.14250 -0.39959 1.14333
v 1.16000 -0.41500 1.14333
v 1.17750 -0.39959 1.14333
v 1.19031 -0.35750 1.14333
v 1.19500 -0.30000 1.23000
v 1.19031 -0.24250 1.23000
v 1.17750 -0.20041 1.23000
v 1.16000 -0.18500 1.23000
v 1.14250 -0.20041 1.23000
v 1.12969 -0.24250 1.23000
v 1.12500 -0.30000 1.23000
v 1.12969 -0.35750 1.23000
v 1.14250 -0.39959 1.23000
v 1.16000 -0.41500 1.23000
v 1.17750 -0.39959 1.23000
v 1.19031 -0.35750 1.23000
v 1.19500 -0.30000 1.31667
v 1.19031 -0.24250 1.31667
v 1.17750 -0.20041 1.31667
v 1.16000 -0.18500 1.31667
v 1.14250 -0.20041 1.31667
v 1.12969 -0.24250 1.31667
v 1.12500 -0.30000 1.31667
v 1.12969 -0.35750 1.31667
v 1.14250 -0.39959 1.31667
v 1.16000 -0.41500 1.31667
v 1.17750 -0.39959 1.31667
v 1.19031 -0.35750 1.31667
v 1.19500 -0.30000 1.40333
v 1.19031 -0.24250 1.40333
v 1.17750 -0.20041 1.40333
v 1.16000 -0.18500 1.40333
v 1.14250 -0.20041 1.40333
v 1.12969 -0.24250 1.40333
v 1.12500 -0.30000 1.40333
v 1.12969 -0.35750 1.40333
v 1.14250 -0.39959 1.40333
v 1.16000 -0.41500 1.40333
v 1.17750 -0.39959 1.40333
v 1.19031 -0.35750 1.40333
v 1.19500 -0.30000 1.49000
v 1.19031 -0.24250 1.49000
v 1.17750 -0.20041 1.49000
v 1.16000 -0.18500 1.49000
v 1.14250 -0.20041 1.49000
v 1.12969 -0.24250 1.49000
v 1.12500 -0.30000 1.49000
v 1.12969 -0.35750 1.49000
v 1.14250 -0.39959 1.49000
v 1.16000 -0.41500 1.49000
v 1.17750 -0.39959 1.49000
v 1.19031 -0.35750 1.49000
v 1.19500 -0.30000 1.57667
v 1.19031 -0.24250 1.57667
v 1.17750 -0.20041 1.57667
v 1.16000 -0.18500 1.57667
v 1.14250 -0.20041 1.57667
v 1.12969 -0.24250 1.57667
v 1.12500 -0.30000 1.57667
v 1.12969 -0.35750 1.57667
v 1.14250 -0.39959 1.57667
v 1.16000 -0.41500 1.57667
v 1.17750 -0.39959 1.57667
v 1.19031 -0.35750 1.57667
v 1.19500 -0.30000 1.66333
v 1.19031 -0.24250 1.66333
v 1.17750 -0.20041 1.66333
v 1.16000 -0.18500 1.66333
v 1.14250 -0.20041 1.66333
v 1.12969 -0.24250 1.66333
v 1.12500 -0.30000 1.66333
v 1.12969 -0.35750 1.66333
v 1.14250 -0.39959 1.66333
v 1.16000 -0.41500 1.66333
v 1.17750 -0.39959 1.66333
v 1.19031 -0.35750 1.66333
v 1.19500 -0.30000 1.75000
v 1.19031 -0.24250 1.75000
v 1.17750 -0.20041 1.75000
v 1.16000 -0.18500 1.75000
v 1.14250 -0.20041 1.75000
v 1.12969 -0.24250 1.75000
v 1.12500 -0.30000 1.75000
v 1.12969 -0.35750 1.75000
v 1.14250 -0.39959 1.75000
v 1.16000 -0.41500 1.75000
v 1.17750 -0.39959 1.75000
v 1.19031 -0.35750 1.75000
v 1.27000 -0.34000 0.75000
v 1.27000 -0.20000 0.75000
v 1.27000 -0.20000 1.35000
v 1.27000 -0.34000 1.35000
v 1.23000 -0.34000 1.35000
v 1.23000 -0.20000 1.35000
v 1.23000 -0.20000 0.75000
v 1.23000 -0.34000 0.75000
v 1.23000 -0.20000 0.75000
v 1.23000 -0.20000 1.35000
v 1.27000 -0.20000 1.35000
v 1.27000 -0.20000 0.75000
v 1.23000 -0.34000 1.35000
v 1.23000 -0.34000 0.75000
v 1.27000 -0.34000 0.75000
v 1.27000 -0.34000 1.35000
v 1.27000 -0.34000 1.35000
v 1.27000 -0.20000 1.35000
v 1.23000 -0.20000 1.35000
v 1.23000 -0.34000 1.35000
v 1.23000 -0.34000 0.75000
v 1.23000 -0.20000 0.75000
v 1.27000 -0.20000 0.75000
v 1.27000 -0.34000 0.75000
v 0.28000 0.01500 -0.05000
v 1.20000 -0.24500 0.55000
v 1.20000 -0.24500 1.15000
v 0.28000 0.01500 1.05000
v 0.28000 -0.05500 -0.05000
v 1.20000 -0.31500 0.55000
v 1.20000 -0.31500 1.15000
v 0.28000 -0.05500 1.05000
v 0.28000 0.01500 -0.05000
v 0.28000 -0.05500 -0.05000
v 1.20000 -0.31500 0.55000
v 1.20000 -0.24500 0.55000
v 1.20000 -0.24500 0.55000
v 1.20000 -0.31500 0.55000
v 1.20000 -0.31500 1.15000
v 1.20000 -0.24500 1.15000
v 1.20000 -0.24500 1.15000
v 1.20000 -0.31500 1.15000
v 0.28000 -0.05500 1.05000
v 0.28000 0.01500 1.05000
v 0.28000 0.01500 1.05000
v 0.28000 -0.05500 1.05000
v 0.28000 -0.05500 -0.05000
v 0.28000 0.01500 -0.05000
v 0.05000 -0.15000 -0.95000
v 0.04755 -0.14073 -0.95000
v 0.04045 -0.13237 -0.95000
v 0.02939 -0.12573 -0.95000
v 0.01545 -0.12147 -0.95000
v 0.00000 -0.12000 -0.95000
v -0.01545 -0.12147 -0.95000
v -0.02939 -0.12573 -0.95000
v -0.04045 -0.13237 -0.95000
v -0.04755 -0.14073 -0.95000
v -0.05000 -0.15000 -0.95000
v -0.04755 -0.15927 -0.95000
v -0.04045 -0.16763 -0.95000
v -0.02939 -0.17427 -0.95000
v -0.01545 -0.17853 -0.95000
v -0.00000 -0.18000 -0.95000
v 0.01545 -0.17853 -0.95000
v 0.02939 -0.17427 -0.95000
v 0.04045 -0.16763 -0.95000
v 0.04755 -0.15927 -0.95000
v 0.10663 -0.15000 -0.88333
v 0.10141 -0.13052 -0.88333
v 0.08626 -0.11295 -0.88333
v 0.06267 -0.09901 -0.88333
v 0.03295 -0.09005 -0.88333
v 0.00000 -0.08697 -0.88333
v -0.03295 -0.09005 -0.88333
v -0.06267 -0.09901 -0.88333
v -0.08626 -0.11295 -0.88333
v -0.10141 -0.13052 -0.88333
v -0.10663 -0.15000 -0.88333
v -0.10141 -0.16948 -0.88333
v -0.08626 -0.18705 -0.88333
v -0.06267 -0.20099 -0.88333
v -0.03295 -0.20995 -0.88333
v -0.00000 -0.21303 -0.88333
v 0.03295 -0.20995 -0.88333
v 0.06267 -0.20099 -0.88333
v 0.08626 -0.18705 -0.88333
v 0.10141 -0.16948 -0.88333
v 0.13807 -0.15000 -0.81667
v 0.13131 -0.12485 -0.81667
v 0.11170 -0.10217 -0.81667
v 0.08116 -0.08417 -0.81667
v 0.04267 -0.07261 -0.81667
v 0.00000 -0.06863 -0.81667
v -0.04267 -0.07261 -0.81667
v -0.08116 -0.08417 -0.81667
v -0.11170 -0.10217 -0.81667
v -0.13131 -0.12485 -0.81667
v -0.13807 -0.15000 -0.81667
v -0.13131 -0.17515 -0.81667
v -0.11170 -0.19783 -0.81667
v -0.08116 -0.21583 -0.81667
v -0.04267 -0.22739 -0.81667
v -0.00000 -0.23137 -0.81667
v 0.04267 -0.22739 -0.81667
v 0.08116 -0.21583 -0.81667
v 0.11170 -0.19783 -0.81667
v 0.13131 -0.17515 -0.81667
v 0.15851 -0.15000 -0.75000
v 0.15075 -0.12117 -0.75000
v 0.12823 -0.09516 -0.75000
v 0.09317 -0.07452 -0.75000
v 0.04898 -0.06127 -0.75000
v 0.00000 -0.05670 -0.75000
v -0.04898 -0.06127 -0.75000
v -0.09317 -0.07452 -0.75000
v -0.12823 -0.09516 -0.75000
v -0.15075 -0.12117 -0.75000
v -0.15851 -0.15000 -0.75000
v -0.15075 -0.17883 -0.75000
v -0.12823 -0.20484 -0.75000
v -0.09317 -0.22548 -0.75000
v -0.04898 -0.23873 -0.75000
v -0.00000 -0.24330 -0.75000
v 0.04898 -0.23873 -0.75000
v 0.09317 -0.22548 -0.75000
v 0.12823 -0.20484 -0.75000
v 0.15075 -0.17883 -0.75000
v 0.16872 -0.15000 -0.68333
v 0.16046 -0.11933 -0.68333
v 0.13650 -0.09166 -0.68333
v 0.09917 -0.06970 -0.68333
v 0.05214 -0.05560 -0.68333
v 0.00000 -0.05075 -0.68333
v -0.05214 -0.05560 -0.68333
v -0.09917 -0.06970 -0.68333
v -0.13650 -0.09166 -0.68333
v -0.16046 -0.11933 -0.68333
v -0.16872 -0.15000 -0.68333
v -0.16046 -0.18067 -0.68333
v -0.13650 -0.20834 -0.68333
v -0.09917 -0.23030 -0.68333
v -0.05214 -0.24440 -0.68333
v -0.00000 -0.24925 -0.68333
v 0.05214 -0.24440 -0.68333
v 0.09917 -0.23030 -0.68333
v 0.13650 -0.20834 -0.68333
v 0.16046 -0.18067 -0.68333
v 0.16872 -0.15000 -0.61667
v 0.16046 -0.11933 -0.61667
v 0.13650 -0.09166 -0.61667
v 0.09917 -0.06970 -0.61667
v 0.05214 -0.05560 -0.61667
v 0.00000 -0.05075 -0.61667
v -0.05214 -0.05560 -0.61667
v -0.09917 -0.06970 -0.61667
v -0.13650 -0.09166 -0.61667
v -0.16046 -0.11933 -0.61667
v -0.16872 -0.15000 -0.61667
v -0.16046 -0.18067 -0.61667
v -0.13650 -0.20834 -0.61667
v -0.09917 -0.23030 -0.61667
v -0.05214 -0.24440 -0.61667
v -0.00000 -0.24925 -0.61667
v 0.05214 -0.24440 -0.61667
v 0.09917 -0.23030 -0.61667
v 0.13650 -0.20834 -0.61667
v 0.16046 -0.18067 -0.61667
v 0.15851 -0.15000 -0.55000
v 0.15075 -0.12117 -0.55000
v 0.12823 -0.09516 -0.55000
v 0.09317 -0.07452 -0.55000
v 0.04898 -0.06127 -0.55000
v 0.00000 -0.05670 -0.55000
v -0.04898 -0.06127 -0.55000
v -0.09317 -0.07452 -0.55000
v -0.12823 -0.09516 -0.55000
v -0.15075 -0.12117 -0.55000
v -0.15851 -0.15000 -0.55000
v -0.15075 -0.17883 -0.55000
v -0.12823 -0.20484 -0.55000
v -0.09317 -0.22548 -0.55000
v -0.04898 -0.23873 -0.55000
v -0.00000 -0.24330 -0.55000
v 0.04898 -0.23873 -0.55000
v 0.09317 -0.22548 -0.55000
v 0.12823 -0.20484 -0.55000
v 0.15075 -0.17883 -0.55000
v 0.13807 -0.15000 -0.48333
v 0.13131 -0.12485 -0.48333
v 0.11170 -0.10217 -0.48333
v 0.08116 -0.08417 -0.48333
v 0.04267 -0.07261 -0.48333
v 0.00000 -0.06863 -0.48333
v -0.04267 -0.07261 -0.48333
v -0.08116 -0.08417 -0.48333
v -0.11170 -0.10217 -0.48333
v -0.13131 -0.12485 -0.48333
v -0.13807 -0.15000 -0.48333
v -0.13131 -0.17515 -0.48333
v -0.11170 -0.19783 -0.48333
v -0.08116 -0.21583 -0.48333
v -0.04267 -0.22739 -0.48333
v -0.00000 -0.23137 -0.48333
v 0.04267 -0.22739 -0.48333
v 0.08116 -0.21583 -0.48333
v 0.11170 -0.19783 -0.48333
v 0.13131 -0.17515 -0.48333
v 0.10663 -0.15000 -0.41667
v 0.10141 -0.13052 -0.41667
v 0.08626 -0.11295 -0.41667
v 0.06267 -0.09901 -0.41667
v 0.03295 -0.09005 -0.41667
v 0.00000 -0.08697 -0.41667
v -0.03295 -0.09005 -0.41667
v -0.06267 -0.09901 -0.41667
v -0.08626 -0.11295 -0.41667
v -0.10141 -0.13052 -0.41667
v -0.10663 -0.15000 -0.41667
v -0.10141 -0.16948 -0.41667
v -0.08626 -0.18705 -0.41667
v -0.06267 -0.20099 -0.41667
v -0.03295 -0.20995 -0.41667
v -0.00000 -0.21303 -0.41667
v 0.03295 -0.20995 -0.41667
v 0.06267 -0.20099 -0.41667
v 0.08626 -0.18705 -0.41667
v 0.10141 -0.16948 -0.41667
v 0.05000 -0.15000 -0.35000
v 0.04755 -0.14073 -0.35000
v 0.04045 -0.13237 -0.35000
v 0.02939 -0.12573 -0.35000
v 0.01545 -0.12147 -0.35000
v 0.00000 -0.12000 -0.35000
v -0.01545 -0.12147 -0.35000
v -0.02939 -0.12573 -0.35000
v -0.04045 -0.13237 -0.35000
v -0.04755 -0.14073 -0.35000
v -0.05000 -0.15000 -0.35000
v -0.04755 -0.15927 -0.35000
v -0.04045 -0.16763 -0.35000
v -0.02939 -0.17427 -0.35000
v -0.01545 -0.17853 -0.35000
v -0.00000 -0.18000 -0.35000
v 0.01545 -0.17853 -0.35000
v 0.02939 -0.17427 -0.35000
v 0.04045 -0.16763 -0.35000
v 0.04755 -0.15927 -0.35000
v 0.00000 -0.15000 -0.95000
v 0.05000 -0.15000 -0.95000
v 0.04755 -0.14073 -0.95000
v 0.04045 -0.13237 -0.95000
v 0.02939 -0.12573 -0.95000
v 0.01545 -0.12147 -0.95000
v 0.00000 -0.12000 -0.95000
v -0.01545 -0.12147 -0.95000
v -0.02939 -0.12573 -0.95000
v -0.04045 -0.13237 -0.95000
v -0.04755 -0.14073 -0.95000
v -0.05000 -0.15000 -0.95000
v -0.04755 -0.15927 -0.95000
v -0.04045 -0.16763 -0.95000
v -0.02939 -0.17427 -0.95000
v -0.01545 -0.17853 -0.95000
v -0.00000 -0.18000 -0.95000
v 0.01545 -0.17853 -0.95000
v 0.02939 -0.17427 -0.95000
v 0.04045 -0.16763 -0.95000
v 0.04755 -0.15927 -0.95000
vt 0.05000 0.00000
vt 0.05000 0.00000
vt 0.05000 0.00000
vt 0.05000 0.00000
vt 0.05000 0.00000
vt 0.05000 0.00000
vt 0.05000 0.00000
vt 0.05000 0.00000
vt 0.05000 0.00000
vt 0.05000 0.00000
vt 0.05000 0.00000
vt 0.05000 0.00000
vt 0.05000 0.00000
vt 0.05000 0.00000
vt 0.05000 0.00000
vt 0.05000 0.00000
vt 0.05000 0.00000
vt 0.05000 0.00000
vt 0.05000 0.00000
vt 0.05000 0.00000
vt 0.05000 0.00000
vt 0.05000 0.00000
vt 0.05000 0.00000
vt 0.05000 0.00000
vt 0.05000 0.00000
vt 0.05000 0.00000
vt 0.05000 0.00000
vt 0.05000 0.00000
vt 0.05000 0.00000
vt 0.05000 0.00000
vt 0.05000 0.00000
vt 0.05000 0.00000
vt 0.05000 0.00000
vt 0.05000 0.00000
vt 0.05000 0.00000
vt 0.05000 0.00000
vt 0.05000 0.00000
vt 0.05000 0.00000
vt 0.05000 0.00000
vt 0.05000 0.00000
vt 0.05000 0.03704
vt 0.05000 0.03704
vt 0.05000 0.03704
vt 0.05000 0.03704
vt 0.05000 0.03704
vt 0.05000 0.03704
vt 0.05000 0.03704
vt 0.05000 0.03704
vt 0.05000 0.03704
vt 0.05000 0.03704
vt 0.05000 0.03704
vt 0.05000 0.03704
vt 0.05000 0.03704
vt 0.05000 0.03704
vt 0.05000 0.03704
vt 0.05000 0.03704
vt 0.05000 0.03704
vt 0.05000 0.03704
vt 0.05000 0.03704
vt 0.05000 0.03704
vt 0.05000 0.03704
vt 0.05000 0.03704
vt 0.05000 0.03704
vt 0.05000 0.03704
vt 0.05000 0.03704
vt 0.05000 0.03704
vt 0.05000 0.03704
vt 0.05000 0.03704
vt 0.05000 0.03704
vt 0.05000 0.03704
vt 0.05000 0.03704
vt 0.05000 0.03704
vt 0.05000 0.03704
vt 0.05000 0.03704
vt 0.05000 0.03704
vt 0.05000 0.03704
vt 0.05000 0.03704
vt 0.05000 0.03704
vt 0.05000 0.03704
vt 0.05000 0.03704
vt 0.05000 0.07407
vt 0.05000 0.07407
vt 0.05000 0.07407
vt 0.05000 0.07407
vt 0.05000 0.07407
vt 0.05000 0.07407
vt 0.05000 0.07407
vt 0.05000 0.07407
vt 0.05000 0.07407
vt 0.05000 0.07407
vt 0.05000 0.07407
vt 0.05000 0.07407
vt 0.05000 0.07407
vt 0.05000 0.07407
vt 0.05000 0.07407
vt 0.05000 0.07407
vt 0.05000 0.07407
vt 0.05000 0.07407
vt 0.05000 0.07407
vt 0.05000 0.07407
vt 0.05000 0.07407
vt 0.05000 0.07407
vt 0.05000 0.07407
vt 0.05000 0.07407
vt 0.05000 0.07407
vt 0.05000 0.07407
vt 0.05000 0.07407
vt 0.05000 0.07407
vt 0.05000 0.07407
vt 0.05000 0.07407
vt 0.05000 0.07407
vt 0.05000 0.07407
vt 0.05000 0.07407
vt 0.05000 0.07407
vt 0.05000 0.07407
vt 0.05000 0.07407
vt 0.05000 0.07407
vt 0.05000 0.07407
vt 0.05000 0.07407
vt 0.05000 0.07407
vt 0.05000 0.11111
vt 0.05000 0.11111
vt 0.05000 0.11111
vt 0.05000 0.11111
vt 0.05000 0.11111
vt 0.05000 0.11111
vt 0.05000 0.11111
vt 0.05000 0.11111
vt 0.05000 0.11111
vt 0.05000 0.11111
vt 0.05000 0.11111
vt 0.05000 0.11111
vt 0.05000 0.11111
vt 0.05000 0.11111
vt 0.05000 0.11111
vt 0.05000 0.11111
vt 0.05000 0.11111
vt 0.05000 0.11111
vt 0.05000 0.11111
vt 0.05000 0.11111
vt 0.05000 0.11111
vt 0.05000 0.11111
vt 0.05000 0.11111
vt 0.05000 0.11111
vt 0.05000 0.11111
vt 0.05000 0.11111
vt 0.05000 0.11111
vt 0.05000 0.11111
vt 0.05000 0.11111
vt 0.05000 0.11111
vt 0.05000 0.11111
vt 0.05000 0.11111
vt 0.05000 0.11111
vt 0.05000 0.11111
vt 0.05000 0.11111
vt 0.05000 0.11111
vt 0.05000 0.11111
vt 0.05000 0.11111
vt 0.05000 0.11111
vt 0.05000 0.11111
vt 0.05000 0.14815
vt 0.05000 0.14815
vt 0.05000 0.14815
vt 0.05000 0.14815
vt 0.05000 0.14815
vt 0.05000 0.14815
vt 0.05000 0.14815
vt 0.05000 0.14815
vt 0.05000 0.14815
vt 0.05000 0.14815
vt 0.05000 0.14815
vt 0.05000 0.14815
vt 0.05000 0.14815
vt 0.05000 0.14815
vt 0.05000 0.14815
vt 0.05000 0.14815
vt 0.05000 0.14815
vt 0.05000 0.14815
vt 0.05000 0.14815
vt 0.05000 0.14815
vt 0.05000 0.14815
vt 0.05000 0.14815
vt 0.05000 0.14815
vt 0.05000 0.14815
vt 0.05000 0.14815
vt 0.05000 0.14815
vt 0.05000 0.14815
vt 0.05000 0.14815
vt 0.05000 0.14815
vt 0.05000 0.14815
vt 0.05000 0.14815
vt 0.05000 0.14815
vt 0.05000 0.14815
vt 0.05000 0.14815
vt 0.05000 0.14815
vt 0.05000 0.14815
vt 0.05000 0.14815
vt 0.05000 0.14815
vt 0.05000 0.14815
vt 0.05000 0.14815
vt 0.05000 0.18519
vt 0.05000 0.18519
vt 0.05000 0.18519
vt 0.05000 0.18519
vt 0.05000 0.18519
vt 0.05000 0.18519
vt 0.05000 0.18519
vt 0.05000 0.18519
vt 0.05000 0.18519
vt 0.05000 0.18519
vt 0.05000 0.18519
vt 0.05000 0.18519
vt 0.05000 0.18519
vt 0.05000 0.18519
vt 0.05000 0.18519
vt 0.05000 0.18519
vt 0.05000 0.18519
vt 0.05000 0.18519
vt 0.05000 0.18519
vt 0.05000 0.18519
vt 0.05000 0.18519
vt 0.05000 0.18519
vt 0.05000 0.18519
vt 0.05000 0.18519
vt 0.05000 0.18519
vt 0.05000 0.18519
vt 0.05000 0.18519
vt 0.05000 0.18519
vt 0.05000 0.18519
vt 0.05000 0.18519
vt 0.05000 0.18519
vt 0.05000 0.18519
vt 0.05000 0.18519
vt 0.05000 0.18519
vt 0.05000 0.18519
vt 0.05000 0.18519
vt 0.05000 0.18519
vt 0.05000 0.18519
vt 0.05000 0.18519
vt 0.05000 0.18519
vt 0.05000 0.22222
vt 0.05000 0.22222
vt 0.05000 0.22222
vt 0.05000 0.22222
vt 0.05000 0.22222
vt 0.05000 0.22222
vt 0.05000 0.22222
vt 0.05000 0.22222
vt 0.05000 0.22222
vt 0.05000 0.22222
vt 0.05000 0.22222
vt 0.05000 0.22222
vt 0.05000 0.22222
vt 0.05000 0.22222
vt 0.05000 0.22222
vt 0.05000 0.22222
vt 0.05000 0.22222
vt 0.05000 0.22222
vt 0.05000 0.22222
vt 0.05000 0.22222
vt 0.05000 0.22222
vt 0.05000 0.22222
vt 0.05000 0.22222
vt 0.05000 0.22222
vt 0.05000 0.22222
vt 0.05000 0.22222
vt 0.05000 0.22222
vt 0.05000 0.22222
vt 0.05000 0.22222
vt 0.05000 0.22222
vt 0.05000 0.22222
vt 0.05000 0.22222
vt 0.05000 0.22222
vt 0.05000 0.22222
vt 0.05000 0.22222
vt 0.05000 0.22222
vt 0.05000 0.22222
vt 0.05000 0.22222
vt 0.05000 0.22222
vt 0.05000 0.22222
vt 0.05000 0.25926
vt 0.05000 0.25926
vt 0.05000 0.25926
vt 0.05000 0.25926
vt 0.05000 0.25926
vt 0.05000 0.25926
vt 0.05000 0.25926
vt 0.05000 0.25926
vt 0.05000 0.25926
vt 0.05000 0.25926
vt 0.05000 0.25926
vt 0.05000 0.25926
vt 0.05000 0.25926
vt 0.05000 0.25926
vt 0.05000 0.25926
vt 0.05000 0.25926
vt 0.05000 0.25926
vt 0.05000 0.25926
vt 0.05000 0.25926
vt 0.05000 0.25926
vt 0.05000 0.25926
vt 0.05000 0.25926
vt 0.05000 0.25926
vt 0.05000 0.25926
vt 0.05000 0.25926
vt 0.05000 0.25926
vt 0.05000 0.25926
vt 0.05000 0.25926
vt 0.05000 0.25926
vt 0.05000 0.25926
vt 0.05000 0.25926
vt 0.05000 0.25926
vt 0.05000 0.25926
vt 0.05000 0.25926
vt 0.05000 0.25926
vt 0.05000 0.25926
vt 0.05000 0.25926
vt 0.05000 0.25926
vt 0.05000 0.25926
vt 0.05000 0.25926
vt 0.05000 0.29630
vt 0.05000 0.29630
vt 0.05000 0.29630
vt 0.05000 0.29630
vt 0.05000 0.29630
vt 0.05000 0.29630
vt 0.05000 0.29630
vt 0.05000 0.29630
vt 0.05000 0.29630
vt 0.05000 0.29630
vt 0.05000 0.29630
vt 0.05000 0.29630
vt 0.05000 0.29630
vt 0.05000 0.29630
vt 0.05000 0.29630
vt 0.05000 0.29630
vt 0.05000 0.29630
vt 0.05000 0.29630
vt 0.05000 0.29630
vt 0.05000 0.29630
vt 0.05000 0.29630
vt 0.05000 0.29630
vt 0.05000 0.29630
vt 0.05000 0.29630
vt 0.05000 0.29630
vt 0.05000 0.29630
vt 0.05000 0.29630
vt 0.05000 0.29630
vt 0.05000 0.29630
vt 0.05000 0.29630
vt 0.05000 0.29630
vt 0.05000 0.29630
vt 0.05000 0.29630
vt 0.05000 0.29630
vt 0.05000 0.29630
vt 0.05000 0.29630
vt 0.05000 0.29630
vt 0.05000 0.29630
vt 0.05000 0.29630
vt 0.05000 0.29630
vt 0.05000 0.33333
vt 0.05000 0.33333
vt 0.05000 0.33333
vt 0.05000 0.33333
vt 0.05000 0.33333
vt 0.05000 0.33333
vt 0.05000 0.33333
vt 0.05000 0.33333
vt 0.05000 0.33333
vt 0.05000 0.33333
vt 0.05000 0.33333
vt 0.05000 0.33333
vt 0.05000 0.33333
vt 0.05000 0.33333
vt 0.05000 0.33333
vt 0.05000 0.33333
vt 0.05000 0.33333
vt 0.05000 0.33333
vt 0.05000 0.33333
vt 0.05000 0.33333
vt 0.05000 0.33333
vt 0.05000 0.33333
vt 0.05000 0.33333
vt 0.05000 0.33333
vt 0.05000 0.33333
vt 0.05000 0.33333
vt 0.05000 0.33333
vt 0.05000 0.33333
vt 0.05000 0.33333
vt 0.05000 0.33333
vt 0.05000 0.33333
vt 0.05000 0.33333
vt 0.05000 0.33333
vt 0.05000 0.33333
vt 0.05000 0.33333
vt 0.05000 0.33333
vt 0.05000 0.33333
vt 0.05000 0.33333
vt 0.05000 0.33333
vt 0.05000 0.33333
vt 0.05000 0.37037
vt 0.05000 0.37037
vt 0.05000 0.37037
vt 0.05000 0.37037
vt 0.05000 0.37037
vt 0.05000 0.37037
vt 0.05000 0.37037
vt 0.05000 0.37037
vt 0.05000 0.37037
vt 0.05000 0.37037
vt 0.05000 0.37037
vt 0.05000 0.37037
vt 0.05000 0.37037
vt 0.05000 0.37037
vt 0.05000 0.37037
vt 0.05000 0.37037
vt 0.05000 0.37037
vt 0.05000 0.37037
vt 0.05000 0.37037
vt 0.05000 0.37037
vt 0.05000 0.37037
vt 0.05000 0.37037
vt 0.05000 0.37037
vt 0.05000 0.37037
vt 0.05000 0.37037
vt 0.05000 0.37037
vt 0.05000 0.37037
vt 0.05000 0.37037
vt 0.05000 0.37037
vt 0.05000 0.37037
vt 0.05000 0.37037
vt 0.05000 0.37037
vt 0.05000 0.37037
vt 0.05000 0.37037
vt 0.05000 0.37037
vt 0.05000 0.37037
vt 0.05000 0.37037
vt 0.05000 0.37037
vt 0.05000 0.37037
vt 0.05000 0.37037
vt 0.05000 0.40741
vt 0.05000 0.40741
vt 0.05000 0.40741
vt 0.05000 0.40741
vt 0.05000 0.40741
vt 0.05000 0.40741
vt 0.05000 0.40741
vt 0.05000 0.40741
vt 0.05000 0.40741
vt 0.05000 0.40741
vt 0.05000 0.40741
vt 0.05000 0.40741
vt 0.05000 0.40741
vt 0.05000 0.40741
vt 0.05000 0.40741
vt 0.05000 0.40741
vt 0.05000 0.40741
vt 0.05000 0.40741
vt 0.05000 0.40741
vt 0.05000 0.40741
vt 0.05000 0.40741
vt 0.05000 0.40741
vt 0.05000 0.40741
vt 0.05000 0.40741
vt 0.05000 0.40741
vt 0.05000 0.40741
vt 0.05000 0.40741
vt 0.05000 0.40741
vt 0.05000 0.40741
vt 0.05000 0.40741
vt 0.05000 0.40741
vt 0.05000 0.40741
vt 0.05000 0.40741
vt 0.05000 0.40741
vt 0.05000 0.40741
vt 0.05000 0.40741
vt 0.05000 0.40741
vt 0.05000 0.40741
vt 0.05000 0.40741
vt 0.05000 0.40741
vt 0.05000 0.44444
vt 0.05000 0.44444
vt 0.05000 0.44444
vt 0.05000 0.44444
vt 0.05000 0.44444
vt 0.05000 0.44444
vt 0.05000 0.44444
vt 0.05000 0.44444
vt 0.05000 0.44444
vt 0.05000 0.44444
vt 0.05000 0.44444
vt 0.05000 0.44444
vt 0.05000 0.44444
vt 0.05000 0.44444
vt 0.05000 0.44444
vt 0.05000 0.44444
vt 0.05000 0.44444
vt 0.05000 0.44444
vt 0.05000 0.44444
vt 0.05000 0.44444
vt 0.05000 0.44444
vt 0.05000 0.44444
vt 0.05000 0.44444
vt 0.05000 0.44444
vt 0.05000 0.44444
vt 0.05000 0.44444
vt 0.05000 0.44444
vt 0.05000 0.44444
vt 0.05000 0.44444
vt 0.05000 0.44444
vt 0.05000 0.44444
vt 0.05000 0.44444
vt 0.05000 0.44444
vt 0.05000 0.44444
vt 0.05000 0.44444
vt 0.05000 0.44444
vt 0.05000 0.44444
vt 0.05000 0.44444
vt 0.05000 0.44444
vt 0.05000 0.44444
vt 0.05000 0.48148
vt 0.05000 0.48148
vt 0.05000 0.48148
vt 0.05000 0.48148
vt 0.05000 0.48148
vt 0.05000 0.48148
vt 0.05000 0.48148
vt 0.05000 0.48148
vt 0.05000 0.48148
vt 0.05000 0.48148
vt 0.05000 0.48148
vt 0.05000 0.48148
vt 0.05000 0.48148
vt 0.05000 0.48148
vt 0.05000 0.48148
vt 0.05000 0.48148
vt 0.05000 0.48148
vt 0.05000 0.48148
vt 0.05000 0.48148
vt 0.05000 0.48148
vt 0.05000 0.48148
vt 0.05000 0.48148
vt 0.05000 0.48148
vt 0.05000 0.48148
vt 0.05000 0.48148
vt 0.05000 0.48148
vt 0.05000 0.48148
vt 0.05000 0.48148
vt 0.05000 0.48148
vt 0.05000 0.48148
vt 0.05000 0.48148
vt 0.05000 0.48148
vt 0.05000 0.48148
vt 0.05000 0.48148
vt 0.05000 0.48148
vt 0.05000 0.48148
vt 0.05000 0.48148
vt 0.05000 0.48148
vt 0.05000 0.48148
vt 0.05000 0.48148
vt 0.05000 0.51852
vt 0.05000 0.51852
vt 0.05000 0.51852
vt 0.05000 0.51852
vt 0.05000 0.51852
vt 0.05000 0.51852
vt 0.05000 0.51852
vt 0.05000 0.51852
vt 0.05000 0.51852
vt 0.05000 0.51852
vt 0.05000 0.51852
vt 0.05000 0.51852
vt 0.05000 0.51852
vt 0.05000 0.51852
vt 0.05000 0.51852
vt 0.05000 0.51852
vt 0.05000 0.51852
vt 0.05000 0.51852
vt 0.05000 0.51852
vt 0.05000 0.51852
vt 0.05000 0.51852
vt 0.05000 0.51852
vt 0.05000 0.51852
vt 0.05000 0.51852
vt 0.05000 0.51852
vt 0.05000 0.51852
vt 0.05000 0.51852
vt 0.05000 0.51852
vt 0.05000 0.51852
vt 0.05000 0.51852
vt 0.05000 0.51852
vt 0.05000 0.51852
vt 0.05000 0.51852
vt 0.05000 0.51852
vt 0.05000 0.51852
vt 0.05000 0.51852
vt 0.05000 0.51852
vt 0.05000 0.51852
vt 0.05000 0.51852
vt 0.05000 0.51852
vt 0.05000 0.55556
vt 0.05000 0.55556
vt 0.05000 0.55556
vt 0.05000 0.55556
vt 0.05000 0.55556
vt 0.05000 0.55556
vt 0.05000 0.55556
vt 0.05000 0.55556
vt 0.05000 0.55556
vt 0.05000 0.55556
vt 0.05000 0.55556
vt 0.05000 0.55556
vt 0.05000 0.55556
vt 0.05000 0.55556
vt 0.05000 0.55556
vt 0.05000 0.55556
vt 0.05000 0.55556
vt 0.05000 0.55556
vt 0.05000 0.55556
vt 0.05000 0.55556
vt 0.05000 0.55556
vt 0.05000 0.55556
vt 0.05000 0.55556
vt 0.05000 0.55556
vt 0.05000 0.55556
vt 0.05000 0.55556
vt 0.05000 0.55556
vt 0.05000 0.55556
vt 0.05000 0.55556
vt 0.05000 0.55556
vt 0.05000 0.55556
vt 0.05000 0.55556
vt 0.05000 0.55556
vt 0.05000 0.55556
vt 0.05000 0.55556
vt 0.05000 0.55556
vt 0.05000 0.55556
vt 0.05000 0.55556
vt 0.05000 0.55556
vt 0.05000 0.55556
vt 0.05000 0.59259
vt 0.05000 0.59259
vt 0.05000 0.59259
vt 0.05000 0.59259
vt 0.05000 0.59259
vt 0.05000 0.59259
vt 0.05000 0.59259
vt 0.05000 0.59259
vt 0.05000 0.59259
vt 0.05000 0.59259
vt 0.05000 0.59259
vt 0.05000 0.59259
vt 0.05000 0.59259
vt 0.05000 0.59259
vt 0.05000 0.59259
vt 0.05000 0.59259
vt 0.05000 0.59259
vt 0.05000 0.59259
vt 0.05000 0.59259
vt 0.05000 0.59259
vt 0.05000 0.59259
vt 0.05000 0.59259
vt 0.05000 0.59259
vt 0.05000 0.59259
vt 0.05000 0.59259
vt 0.05000 0.59259
vt 0.05000 0.59259
vt 0.05000 0.59259
vt 0.05000 0.59259
vt 0.05000 0.59259
vt 0.05000 0.59259
vt 0.05000 0.59259
vt 0.05000 0.59259
vt 0.05000 0.59259
vt 0.05000 0.59259
vt 0.05000 0.59259
vt 0.05000 0.59259
vt 0.05000 0.59259
vt 0.05000 0.59259
vt 0.05000 0.59259
vt 0.05000 0.62963
vt 0.05000 0.62963
vt 0.05000 0.62963
vt 0.05000 0.62963
vt 0.05000 0.62963
vt 0.05000 0.62963
vt 0.05000 0.62963
vt 0.05000 0.62963
vt 0.05000 0.62963
vt 0.05000 0.62963
vt 0.05000 0.62963
vt 0.05000 0.62963
vt 0.05000 0.62963
vt 0.05000 0.62963
vt 0.05000 0.62963
vt 0.05000 0.62963
vt 0.05000 0.62963
vt 0.05000 0.62963
vt 0.05000 0.62963
vt 0.05000 0.62963
vt 0.05000 0.62963
vt 0.05000 0.62963
vt 0.05000 0.62963
vt 0.05000 0.62963
vt 0.05000 0.62963
vt 0.05000 0.62963
vt 0.05000 0.62963
vt 0.05000 0.62963
vt 0.05000 0.62963
vt 0.05000 0.62963
vt 0.05000 0.62963
vt 0.05000 0.62963
vt 0.05000 0.62963
vt 0.05000 0.62963
vt 0.05000 0.62963
vt 0.05000 0.62963
vt 0.05000 0.62963
vt 0.05000 0.62963
vt 0.05000 0.62963
vt 0.05000 0.62963
vt 0.05000 0.66667
vt 0.05000 0.66667
vt 0.05000 0.66667
vt 0.05000 0.66667
vt 0.05000 0.66667
vt 0.05000 0.66667
vt 0.05000 0.66667
vt 0.05000 0.66667
vt 0.05000 0.66667
vt 0.05000 0.66667
vt 0.05000 0.66667
vt 0.05000 0.66667
vt 0.05000 0.66667
vt 0.05000 0.66667
vt 0.05000 0.66667
vt 0.05000 0.66667
vt 0.05000 0.66667
vt 0.05000 0.66667
vt 0.05000 0.66667
vt 0.05000 0.66667
vt 0.05000 0.66667
vt 0.05000 0.66667
vt 0.05000 0.66667
vt 0.05000 0.66667
vt 0.05000 0.66667
vt 0.05000 0.66667
vt 0.05000 0.66667
vt 0.05000 0.66667
vt 0.05000 0.66667
vt 0.05000 0.66667
vt 0.05000 0.66667
vt 0.05000 0.66667
vt 0.05000 0.66667
vt 0.05000 0.66667
vt 0.05000 0.66667
vt 0.05000 0.66667
vt 0.05000 0.66667
vt 0.05000 0.66667
vt 0.05000 0.66667
vt 0.05000 0.66667
vt 0.05000 0.70370
vt 0.05000 0.70370
vt 0.05000 0.70370
vt 0.05000 0.70370
vt 0.05000 0.70370
vt 0.05000 0.70370
vt 0.05000 0.70370
vt 0.05000 0.70370
vt 0.05000 0.70370
vt 0.05000 0.70370
vt 0.05000 0.70370
vt 0.05000 0.70370
vt 0.05000 0.70370
vt 0.05000 0.70370
vt 0.05000 0.70370
vt 0.05000 0.70370
vt 0.05000 0.70370
vt 0.05000 0.70370
vt 0.05000 0.70370
vt 0.05000 0.70370
vt 0.05000 0.70370
vt 0.05000 0.70370
vt 0.05000 0.70370
vt 0.05000 0.70370
vt 0.05000 0.70370
vt 0.05000 0.70370
vt 0.05000 0.70370
vt 0.05000 0.70370
vt 0.05000 0.70370
vt 0.05000 0.70370
vt 0.05000 0.70370
vt 0.05000 0.70370
vt 0.05000 0.70370
vt 0.05000 0.70370
vt 0.05000 0.70370
vt 0.05000 0.70370
vt 0.05000 0.70370
vt 0.05000 0.70370
vt 0.05000 0.70370
vt 0.05000 0.70370
vt 0.05000 0.74074
vt 0.05000 0.74074
vt 0.05000 0.74074
vt 0.05000 0.74074
vt 0.05000 0.74074
vt 0.05000 0.74074
vt 0.05000 0.74074
vt 0.05000 0.74074
vt 0.05000 0.74074
vt 0.05000 0.74074
vt 0.05000 0.74074
vt 0.05000 0.74074
vt 0.05000 0.74074
vt 0.05000 0.74074
vt 0.05000 0.74074
vt 0.05000 0.74074
vt 0.05000 0.74074
vt 0.05000 0.74074
vt 0.05000 0.74074
vt 0.05000 0.74074
vt 0.05000 0.74074
vt 0.05000 0.74074
vt 0.05000 0.74074
vt 0.05000 0.74074
vt 0.05000 0.74074
vt 0.05000 0.74074
vt 0.05000 0.74074
vt 0.05000 0.74074
vt 0.05000 0.74074
vt 0.05000 0.74074
vt 0.05000 0.74074
vt 0.05000 0.74074
vt 0.05000 0.74074
vt 0.05000 0.74074
vt 0.05000 0.74074
vt 0.05000 0.74074
vt 0.05000 0.74074
vt 0.05000 0.74074
vt 0.05000 0.74074
vt 0.05000 0.74074
vt 0.05000 0.77778
vt 0.05000 0.77778
vt 0.05000 0.77778
vt 0.05000 0.77778
vt 0.05000 0.77778
vt 0.05000 0.77778
vt 0.05000 0.77778
vt 0.05000 0.77778
vt 0.05000 0.77778
vt 0.05000 0.77778
vt 0.05000 0.77778
vt 0.05000 0.77778
vt 0.05000 0.77778
vt 0.05000 0.77778
vt 0.05000 0.77778
vt 0.05000 0.77778
vt 0.05000 0.77778
vt 0.05000 0.77778
vt 0.05000 0.77778
vt 0.05000 0.77778
vt 0.05000 0.77778
vt 0.05000 0.77778
vt 0.05000 0.77778
vt 0.05000 0.77778
vt 0.05000 0.77778
vt 0.05000 0.77778
vt 0.05000 0.77778
vt 0.05000 0.77778
vt 0.05000 0.77778
vt 0.05000 0.77778
vt 0.05000 0.77778
vt 0.05000 0.77778
vt 0.05000 0.77778
vt 0.05000 0.77778
vt 0.05000 0.77778
vt 0.05000 0.77778
vt 0.05000 0.77778
vt 0.05000 0.77778
vt 0.05000 0.77778
vt 0.05000 0.77778
vt 0.05000 0.81481
vt 0.05000 0.81481
vt 0.05000 0.81481
vt 0.05000 0.81481
vt 0.05000 0.81481
vt 0.05000 0.81481
vt 0.05000 0.81481
vt 0.05000 0.81481
vt 0.05000 0.81481
vt 0.05000 0.81481
vt 0.05000 0.81481
vt 0.05000 0.81481
vt 0.05000 0.81481
vt 0.05000 0.81481
vt 0.05000 0.81481
vt 0.05000 0.81481
vt 0.05000 0.81481
vt 0.05000 0.81481
vt 0.05000 0.81481
vt 0.05000 0.81481
vt 0.05000 0.81481
vt 0.05000 0.81481
vt 0.05000 0.81481
vt 0.05000 0.81481
vt 0.05000 0.81481
vt 0.05000 0.81481
vt 0.05000 0.81481
vt 0.05000 0.81481
vt 0.05000 0.81481
vt 0.05000 0.81481
vt 0.05000 0.81481
vt 0.05000 0.81481
vt 0.05000 0.81481
vt 0.05000 0.81481
vt 0.05000 0.81481
vt 0.05000 0.81481
vt 0.05000 0.81481
vt 0.05000 0.81481
vt 0.05000 0.81481
vt 0.05000 0.81481
vt 0.05000 0.85185
vt 0.05000 0.85185
vt 0.05000 0.85185
vt 0.05000 0.85185
vt 0.05000 0.85185
vt 0.05000 0.85185
vt 0.05000 0.85185
vt 0.05000 0.85185
vt 0.05000 0.85185
vt 0.05000 0.85185
vt 0.05000 0.85185
vt 0.05000 0.85185
vt 0.05000 0.85185
vt 0.05000 0.85185
vt 0.05000 0.85185
vt 0.05000 0.85185
vt 0.05000 0.85185
vt 0.05000 0.85185
vt 0.05000 0.85185
vt 0.05000 0.85185
vt 0.05000 0.85185
vt 0.05000 0.85185
vt 0.05000 0.85185
vt 0.05000 0.85185
vt 0.05000 0.85185
vt 0.05000 0.85185
vt 0.05000 0.85185
vt 0.05000 0.85185
vt 0.05000 0.85185
vt 0.05000 0.85185
vt 0.05000 0.85185
vt 0.05000 0.85185
vt 0.05000 0.85185
vt 0.05000 0.85185
vt 0.05000 0.85185
vt 0.05000 0.85185
vt 0.05000 0.85185
vt 0.05000 0.85185
vt 0.05000 0.85185
vt 0.05000 0.85185
vt 0.05000 0.88889
vt 0.05000 0.88889
vt 0.05000 0.88889
vt 0.05000 0.88889
vt 0.05000 0.88889
vt 0.05000 0.88889
vt 0.05000 0.88889
vt 0.05000 0.88889
vt 0.05000 0.88889
vt 0.05000 0.88889
vt 0.05000 0.88889
vt 0.05000 0.88889
vt 0.05000 0.88889
vt 0.05000 0.88889
vt 0.05000 0.88889
vt 0.05000 0.88889
vt 0.05000 0.88889
vt 0.05000 0.88889
vt 0.05000 0.88889
vt 0.05000 0.88889
vt 0.05000 0.88889
vt 0.05000 0.88889
vt 0.05000 0.88889
vt 0.05000 0.88889
vt 0.05000 0.88889
vt 0.05000 0.88889
vt 0.05000 0.88889
vt 0.05000 0.88889
vt 0.05000 0.88889
vt 0.05000 0.88889
vt 0.05000 0.88889
vt 0.05000 0.88889
vt 0.05000 0.88889
vt 0.05000 0.88889
vt 0.05000 0.88889
vt 0.05000 0.88889
vt 0.05000 0.88889
vt 0.05000 0.88889
vt 0.05000 0.88889
vt 0.05000 0.88889
vt 0.05000 0.92593
vt 0.05000 0.92593
vt 0.05000 0.92593
vt 0.05000 0.92593
vt 0.05000 0.92593
vt 0.05000 0.92593
vt 0.05000 0.92593
vt 0.05000 0.92593
vt 0.05000 0.92593
vt 0.05000 0.92593
vt 0.05000 0.92593
vt 0.05000 0.92593
vt 0.05000 0.92593
vt 0.05000 0.92593
vt 0.05000 0.92593
vt 0.05000 0.92593
vt 0.05000 0.92593
vt 0.05000 0.92593
vt 0.05000 0.92593
vt 0.05000 0.92593
vt 0.05000 0.92593
vt 0.05000 0.92593
vt 0.05000 0.92593
vt 0.05000 0.92593
vt 0.05000 0.92593
vt 0.05000 0.92593
vt 0.05000 0.92593
vt 0.05000 0.92593
vt 0.05000 0.92593
vt 0.05000 0.92593
vt 0.05000 0.92593
vt 0.05000 0.92593
vt 0.05000 0.92593
vt 0.05000 0.92593
vt 0.05000 0.92593
vt 0.05000 0.92593
vt 0.05000 0.92593
vt 0.05000 0.92593
vt 0.05000 0.92593
vt 0.05000 0.92593
vt 0.05000 0.96296
vt 0.05000 0.96296
vt 0.05000 0.96296
vt 0.05000 0.96296
vt 0.05000 0.96296
vt 0.05000 0.96296
vt 0.05000 0.96296
vt 0.05000 0.96296
vt 0.05000 0.96296
vt 0.05000 0.96296
vt 0.05000 0.96296
vt 0.05000 0.96296
vt 0.05000 0.96296
vt 0.05000 0.96296
vt 0.05000 0.96296
vt 0.05000 0.96296
vt 0.05000 0.96296
vt 0.05000 0.96296
vt 0.05000 0.96296
vt 0.05000 0.96296
vt 0.05000 0.96296
vt 0.05000 0.96296
vt 0.05000 0.96296
vt 0.05000 0.96296
vt 0.05000 0.96296
vt 0.05000 0.96296
vt 0.05000 0.96296
vt 0.05000 0.96296
vt 0.05000 0.96296
vt 0.05000 0.96296
vt 0.05000 0.96296
vt 0.05000 0.96296
vt 0.05000 0.96296
vt 0.05000 0.96296
vt 0.05000 0.96296
vt 0.05000 0.96296
vt 0.05000 0.96296
vt 0.05000 0.96296
vt 0.05000 0.96296
vt 0.05000 0.96296
vt 0.05000 1.00000
vt 0.05000 1.00000
vt 0.05000 1.00000
vt 0.05000 1.00000
vt 0.05000 1.00000
vt 0.05000 1.00000
vt 0.05000 1.00000
vt 0.05000 1.00000
vt 0.05000 1.00000
vt 0.05000 1.00000
vt 0.05000 1.00000
vt 0.05000 1.00000
vt 0.05000 1.00000
vt 0.05000 1.00000
vt 0.05000 1.00000
vt 0.05000 1.00000
vt 0.05000 1.00000
vt 0.05000 1.00000
vt 0.05000 1.00000
vt 0.05000 1.00000
vt 0.05000 1.00000
vt 0.05000 1.00000
vt 0.05000 1.00000
vt 0.05000 1.00000
vt 0.05000 1.00000
vt 0.05000 1.00000
vt 0.05000 1.00000
vt 0.05000 1.00000
vt 0.05000 1.00000
vt 0.05000 1.00000
vt 0.05000 1.00000
vt 0.05000 1.00000
vt 0.05000 1.00000
vt 0.05000 1.00000
vt 0.05000 1.00000
vt 0.05000 1.00000
vt 0.05000 1.00000
vt 0.05000 1.00000
vt 0.05000 1.00000
vt 0.05000 1.00000
vt 0.30000 0.50000
vt 0.30000 1.00000
vt 0.30000 1.00000
vt 0.30000 1.00000
vt 0.30000 1.00000
vt 0.30000 1.00000
vt 0.30000 1.00000
vt 0.30000 1.00000
vt 0.30000 1.00000
vt 0.30000 1.00000
vt 0.30000 1.00000
vt 0.30000 1.00000
vt 0.30000 1.00000
vt 0.30000 1.00000
vt 0.30000 1.00000
vt 0.30000 1.00000
vt 0.30000 1.00000
vt 0.30000 1.00000
vt 0.30000 1.00000
vt 0.30000 1.00000
vt 0.30000 1.00000
vt 0.30000 1.00000
vt 0.30000 1.00000
vt 0.30000 1.00000
vt 0.30000 1.00000
vt 0.30000 1.00000
vt 0.30000 1.00000
vt 0.30000 1.00000
vt 0.30000 1.00000
vt 0.30000 1.00000
vt 0.30000 1.00000
vt 0.30000 1.00000
vt 0.30000 1.00000
vt 0.30000 1.00000
vt 0.30000 1.00000
vt 0.30000 1.00000
vt 0.30000 1.00000
vt 0.30000 1.00000
vt 0.30000 1.00000
vt 0.30000 1.00000
vt 0.30000 1.00000
vt 0.05000 0.00000
vt 0.05000 0.00000
vt 0.05000 0.00000
vt 0.05000 0.00000
vt 0.05000 0.00000
vt 0.05000 0.00000
vt 0.05000 0.00000
vt 0.05000 0.00000
vt 0.05000 0.00000
vt 0.05000 0.00000
vt 0.05000 0.00000
vt 0.05000 0.00000
vt 0.05000 0.00000
vt 0.05000 0.00000
vt 0.05000 0.00000
vt 0.05000 0.00000
vt 0.05000 0.00000
vt 0.05000 0.00000
vt 0.05000 0.00000
vt 0.05000 0.00000
vt 0.05000 0.00000
vt 0.05000 0.00000
vt 0.05000 0.00000
vt 0.05000 0.00000
vt 0.05000 0.09091
vt 0.05000 0.09091
vt 0.05000 0.09091
vt 0.05000 0.09091
vt 0.05000 0.09091
vt 0.05000 0.09091
vt 0.05000 0.09091
vt 0.05000 0.09091
vt 0.05000 0.09091
vt 0.05000 0.09091
vt 0.05000 0.09091
vt 0.05000 0.09091
vt 0.05000 0.09091
vt 0.05000 0.09091
vt 0.05000 0.09091
vt 0.05000 0.09091
vt 0.05000 0.09091
vt 0.05000 0.09091
vt 0.05000 0.09091
vt 0.05000 0.09091
vt 0.05000 0.09091
vt 0.05000 0.09091
vt 0.05000 0.09091
vt 0.05000 0.09091
vt 0.05000 0.18182
vt 0.05000 0.18182
vt 0.05000 0.18182
vt 0.05000 0.18182
vt 0.05000 0.18182
vt 0.05000 0.18182
vt 0.05000 0.18182
vt 0.05000 0.18182
vt 0.05000 0.18182
vt 0.05000 0.18182
vt 0.05000 0.18182
vt 0.05000 0.18182
vt 0.05000 0.18182
vt 0.05000 0.18182
vt 0.05000 0.18182
vt 0.05000 0.18182
vt 0.05000 0.18182
vt 0.05000 0.18182
vt 0.05000 0.18182
vt 0.05000 0.18182
vt 0.05000 0.18182
vt 0.05000 0.18182
vt 0.05000 0.18182
vt 0.05000 0.18182
vt 0.05000 0.27273
vt 0.05000 0.27273
vt 0.05000 0.27273
vt 0.05000 0.27273
vt 0.05000 0.27273
vt 0.05000 0.27273
vt 0.05000 0.27273
vt 0.05000 0.27273
vt 0.05000 0.27273
vt 0.05000 0.27273
vt 0.05000 0.27273
vt 0.05000 0.27273
vt 0.05000 0.27273
vt 0.05000 0.27273
vt 0.05000 0.27273
vt 0.05000 0.27273
vt 0.05000 0.27273
vt 0.05000 0.27273
vt 0.05000 0.27273
vt 0.05000 0.27273
vt 0.05000 0.27273
vt 0.05000 0.27273
vt 0.05000 0.27273
vt 0.05000 0.27273
vt 0.05000 0.36364
vt 0.05000 0.36364
vt 0.05000 0.36364
vt 0.05000 0.36364
vt 0.05000 0.36364
vt 0.05000 0.36364
vt 0.05000 0.36364
vt 0.05000 0.36364
vt 0.05000 0.36364
vt 0.05000 0.36364
vt 0.05000 0.36364
vt 0.05000 0.36364
vt 0.05000 0.36364
vt 0.05000 0.36364
vt 0.05000 0.36364
vt 0.05000 0.36364
vt 0.05000 0.36364
vt 0.05000 0.36364
vt 0.05000 0.36364
vt 0.05000 0.36364
vt 0.05000 0.36364
vt 0.05000 0.36364
vt 0.05000 0.36364
vt 0.05000 0.36364
vt 0.05000 0.45455
vt 0.05000 0.45455
vt 0.05000 0.45455
vt 0.05000 0.45455
vt 0.05000 0.45455
vt 0.05000 0.45455
vt 0.05000 0.45455
vt 0.05000 0.45455
vt 0.05000 0.45455
vt 0.05000 0.45455
vt 0.05000 0.45455
vt 0.05000 0.45455
vt 0.05000 0.45455
vt 0.05000 0.45455
vt 0.05000 0.45455
vt 0.05000 0.45455
vt 0.05000 0.45455
vt 0.05000 0.45455
vt 0.05000 0.45455
vt 0.05000 0.45455
vt 0.05000 0.45455
vt 0.05000 0.45455
vt 0.05000 0.45455
vt 0.05000 0.45455
vt 0.05000 0.54545
vt 0.05000 0.54545
vt 0.05000 0.54545
vt 0.05000 0.54545
vt 0.05000 0.54545
vt 0.05000 0.54545
vt 0.05000 0.54545
vt 0.05000 0.54545
vt 0.05000 0.54545
vt 0.05000 0.54545
vt 0.05000 0.54545
vt 0.05000 0.54545
vt 0.05000 0.54545
vt 0.05000 0.54545
vt 0.05000 0.54545
vt 0.05000 0.54545
vt 0.05000 0.54545
vt 0.05000 0.54545
vt 0.05000 0.54545
vt 0.05000 0.54545
vt 0.05000 0.54545
vt 0.05000 0.54545
vt 0.05000 0.54545
vt 0.05000 0.54545
vt 0.05000 0.63636
vt 0.05000 0.63636
vt 0.05000 0.63636
vt 0.05000 0.63636
vt 0.05000 0.63636
vt 0.05000 0.63636
vt 0.05000 0.63636
vt 0.05000 0.63636
vt 0.05000 0.63636
vt 0.05000 0.63636
vt 0.05000 0.63636
vt 0.05000 0.63636
vt 0.05000 0.63636
vt 0.05000 0.63636
vt 0.05000 0.63636
vt 0.05000 0.63636
vt 0.05000 0.63636
vt 0.05000 0.63636
vt 0.05000 0.63636
vt 0.05000 0.63636
vt 0.05000 0.63636
vt 0.05000 0.63636
vt 0.05000 0.63636
vt 0.05000 0.63636
vt 0.05000 0.72727
vt 0.05000 0.72727
vt 0.05000 0.72727
vt 0.05000 0.72727
vt 0.05000 0.72727
vt 0.05000 0.72727
vt 0.05000 0.72727
vt 0.05000 0.72727
vt 0.05000 0.72727
vt 0.05000 0.72727
vt 0.05000 0.72727
vt 0.05000 0.72727
vt 0.05000 0.72727
vt 0.05000 0.72727
vt 0.05000 0.72727
vt 0.05000 0.72727
vt 0.05000 0.72727
vt 0.05000 0.72727
vt 0.05000 0.72727
vt 0.05000 0.72727
vt 0.05000 0.72727
vt 0.05000 0.72727
vt 0.05000 0.72727
vt 0.05000 0.72727
vt 0.05000 0.81818
vt 0.05000 0.81818
vt 0.05000 0.81818
vt 0.05000 0.81818
vt 0.05000 0.81818
vt 0.05000 0.81818
vt 0.05000 0.81818
vt 0.05000 0.81818
vt 0.05000 0.81818
vt 0.05000 0.81818
vt 0.05000 0.81818
vt 0.05000 0.81818
vt 0.05000 0.81818
vt 0.05000 0.81818
vt 0.05000 0.81818
vt 0.05000 0.81818
vt 0.05000 0.81818
vt 0.05000 0.81818
vt 0.05000 0.81818
vt 0.05000 0.81818
vt 0.05000 0.81818
vt 0.05000 0.81818
vt 0.05000 0.81818
vt 0.05000 0.81818
vt 0.05000 0.90909
vt 0.05000 0.90909
vt 0.05000 0.90909
vt 0.05000 0.90909
vt 0.05000 0.90909
vt 0.05000 0.90909
vt 0.05000 0.90909
vt 0.05000 0.90909
vt 0.05000 0.90909
vt 0.05000 0.90909
vt 0.05000 0.90909
vt 0.05000 0.90909
vt 0.05000 0.90909
vt 0.05000 0.90909
vt 0.05000 0.90909
vt 0.05000 0.90909
vt 0.05000 0.90909
vt 0.05000 0.90909
vt 0.05000 0.90909
vt 0.05000 0.90909
vt 0.05000 0.90909
vt 0.05000 0.90909
vt 0.05000 0.90909
vt 0.05000 0.90909
vt 0.05000 1.00000
vt 0.05000 1.00000
vt 0.05000 1.00000
vt 0.05000 1.00000
vt 0.05000 1.00000
vt 0.05000 1.00000
vt 0.05000 1.00000
vt 0.05000 1.00000
vt 0.05000 1.00000
vt 0.05000 1.00000
vt 0.05000 1.00000
vt 0.05000 1.00000
vt 0.05000 1.00000
vt 0.05000 1.00000
vt 0.05000 1.00000
vt 0.05000 1.00000
vt 0.05000 1.00000
vt 0.05000 1.00000
vt 0.05000 1.00000
vt 0.05000 1.00000
vt 0.05000 1.00000
vt 0.05000 1.00000
vt 0.05000 1.00000
vt 0.05000 1.00000
vt 0.80000 0.00000
vt 0.80000 0.00000
vt 0.80000 0.00000
vt 0.80000 0.00000
vt 0.80000 0.00000
vt 0.80000 0.00000
vt 0.80000 0.00000
vt 0.80000 0.00000
vt 0.80000 0.00000
vt 0.80000 0.00000
vt 0.80000 0.00000
vt 0.80000 0.00000
vt 0.80000 0.00000
vt 0.80000 0.00000
vt 0.80000 0.00000
vt 0.80000 0.00000
vt 0.80000 0.00000
vt 0.80000 0.00000
vt 0.80000 0.00000
vt 0.80000 0.00000
vt 0.80000 0.00000
vt 0.80000 0.00000
vt 0.80000 0.00000
vt 0.80000 0.00000
vt 0.80000 0.14286
vt 0.80000 0.14286
vt 0.80000 0.14286
vt 0.80000 0.14286
vt 0.80000 0.14286
vt 0.80000 0.14286
vt 0.80000 0.14286
vt 0.80000 0.14286
vt 0.80000 0.14286
vt 0.80000 0.14286
vt 0.80000 0.14286
vt 0.80000 0.14286
vt 0.80000 0.14286
vt 0.80000 0.14286
vt 0.80000 0.14286
vt 0.80000 0.14286
vt 0.80000 0.14286
vt 0.80000 0.14286
vt 0.80000 0.14286
vt 0.80000 0.14286
vt 0.80000 0.14286
vt 0.80000 0.14286
vt 0.80000 0.14286
vt 0.80000 0.14286
vt 0.80000 0.28571
vt 0.80000 0.28571
vt 0.80000 0.28571
vt 0.80000 0.28571
vt 0.80000 0.28571
vt 0.80000 0.28571
vt 0.80000 0.28571
vt 0.80000 0.28571
vt 0.80000 0.28571
vt 0.80000 0.28571
vt 0.80000 0.28571
vt 0.80000 0.28571
vt 0.80000 0.28571
vt 0.80000 0.28571
vt 0.80000 0.28571
vt 0.80000 0.28571
vt 0.80000 0.28571
vt 0.80000 0.28571
vt 0.80000 0.28571
vt 0.80000 0.28571
vt 0.80000 0.28571
vt 0.80000 0.28571
vt 0.80000 0.28571
vt 0.80000 0.28571
vt 0.80000 0.42857
vt 0.80000 0.42857
vt 0.80000 0.42857
vt 0.80000 0.42857
vt 0.80000 0.42857
vt 0.80000 0.42857
vt 0.80000 0.42857
vt 0.80000 0.42857
vt 0.80000 0.42857
vt 0.80000 0.42857
vt 0.80000 0.42857
vt 0.80000 0.42857
vt 0.80000 0.42857
vt 0.80000 0.42857
vt 0.80000 0.42857
vt 0.80000 0.42857
vt 0.80000 0.42857
vt 0.80000 0.42857
vt 0.80000 0.42857
vt 0.80000 0.42857
vt 0.80000 0.42857
vt 0.80000 0.42857
vt 0.80000 0.42857
vt 0.80000 0.42857
vt 0.80000 0.57143
vt 0.80000 0.57143
vt 0.80000 0.57143
vt 0.80000 0.57143
vt 0.80000 0.57143
vt 0.80000 0.57143
vt 0.80000 0.57143
vt 0.80000 0.57143
vt 0.80000 0.57143
vt 0.80000 0.57143
vt 0.80000 0.57143
vt 0.80000 0.57143
vt 0.80000 0.57143
vt 0.80000 0.57143
vt 0.80000 0.57143
vt 0.80000 0.57143
vt 0.80000 0.57143
vt 0.80000 0.57143
vt 0.80000 0.57143
vt 0.80000 0.57143
vt 0.80000 0.57143
vt 0.80000 0.57143
vt 0.80000 0.57143
vt 0.80000 0.57143
vt 0.80000 0.71429
vt 0.80000 0.71429
vt 0.80000 0.71429
vt 0.80000 0.71429
vt 0.80000 0.71429
vt 0.80000 0.71429
vt 0.80000 0.71429
vt 0.80000 0.71429
vt 0.80000 0.71429
vt 0.80000 0.71429
vt 0.80000 0.71429
vt 0.80000 0.71429
vt 0.80000 0.71429
vt 0.80000 0.71429
vt 0.80000 0.71429
vt 0.80000 0.71429
vt 0.80000 0.71429
vt 0.80000 0.71429
vt 0.80000 0.71429
vt 0.80000 0.71429
vt 0.80000 0.71429
vt 0.80000 0.71429
vt 0.80000 0.71429
vt 0.80000 0.71429
vt 0.80000 0.85714
vt 0.80000 0.85714
vt 0.80000 0.85714
vt 0.80000 0.85714
vt 0.80000 0.85714
vt 0.80000 0.85714
vt 0.80000 0.85714
vt 0.80000 0.85714
vt 0.80000 0.85714
vt 0.80000 0.85714
vt 0.80000 0.85714
vt 0.80000 0.85714
vt 0.80000 0.85714
vt 0.80000 0.85714
vt 0.80000 0.85714
vt 0.80000 0.85714
vt 0.80000 0.85714
vt 0.80000 0.85714
vt 0.80000 0.85714
vt 0.80000 0.85714
vt 0.80000 0.85714
vt 0.80000 0.85714
vt 0.80000 0.85714
vt 0.80000 0.85714
vt 0.80000 1.00000
vt 0.80000 1.00000
vt 0.80000 1.00000
vt 0.80000 1.00000
vt 0.80000 1.00000
vt 0.80000 1.00000
vt 0.80000 1.00000
vt 0.80000 1.00000
vt 0.80000 1.00000
vt 0.80000 1.00000
vt 0.80000 1.00000
vt 0.80000 1.00000
vt 0.80000 1.00000
vt 0.80000 1.00000
vt 0.80000 1.00000
vt 0.80000 1.00000
vt 0.80000 1.00000
vt 0.80000 1.00000
vt 0.80000 1.00000
vt 0.80000 1.00000
vt 0.80000 1.00000
vt 0.80000 1.00000
vt 0.80000 1.00000
vt 0.80000 1.00000
vt 0.05000 0.00000
vt 0.05000 0.00000
vt 0.05000 0.00000
vt 0.05000 0.00000
vt 0.05000 0.00000
vt 0.05000 0.00000
vt 0.05000 0.00000
vt 0.05000 0.00000
vt 0.05000 0.00000
vt 0.05000 0.00000
vt 0.05000 0.00000
vt 0.05000 0.00000
vt 0.05000 0.00000
vt 0.05000 0.00000
vt 0.05000 0.00000
vt 0.05000 0.00000
vt 0.05000 0.00000
vt 0.05000 0.00000
vt 0.05000 0.00000
vt 0.05000 0.00000
vt 0.05000 0.00000
vt 0.05000 0.00000
vt 0.05000 0.00000
vt 0.05000 0.00000
vt 0.05000 0.00000
vt 0.05000 0.00000
vt 0.05000 0.00000
vt 0.05000 0.00000
vt 0.05000 0.04762
vt 0.05000 0.04762
vt 0.05000 0.04762
vt 0.05000 0.04762
vt 0.05000 0.04762
vt 0.05000 0.04762
vt 0.05000 0.04762
vt 0.05000 0.04762
vt 0.05000 0.04762
vt 0.05000 0.04762
vt 0.05000 0.04762
vt 0.05000 0.04762
vt 0.05000 0.04762
vt 0.05000 0.04762
vt 0.05000 0.04762
vt 0.05000 0.04762
vt 0.05000 0.04762
vt 0.05000 0.04762
vt 0.05000 0.04762
vt 0.05000 0.04762
vt 0.05000 0.04762
vt 0.05000 0.04762
vt 0.05000 0.04762
vt 0.05000 0.04762
vt 0.05000 0.04762
vt 0.05000 0.04762
vt 0.05000 0.04762
vt 0.05000 0.04762
vt 0.05000 0.09524
vt 0.05000 0.09524
vt 0.05000 0.09524
vt 0.05000 0.09524
vt 0.05000 0.09524
vt 0.05000 0.09524
vt 0.05000 0.09524
vt 0.05000 0.09524
vt 0.05000 0.09524
vt 0.05000 0.09524
vt 0.05000 0.09524
vt 0.05000 0.09524
vt 0.05000 0.09524
vt 0.05000 0.09524
vt 0.05000 0.09524
vt 0.05000 0.09524
vt 0.05000 0.09524
vt 0.05000 0.09524
vt 0.05000 0.09524
vt 0.05000 0.09524
vt 0.05000 0.09524
vt 0.05000 0.09524
vt 0.05000 0.09524
vt 0.05000 0.09524
vt 0.05000 0.09524
vt 0.05000 0.09524
vt 0.05000 0.09524
vt 0.05000 0.09524
vt 0.05000 0.14286
vt 0.05000 0.14286
vt 0.05000 0.14286
vt 0.05000 0.14286
vt 0.05000 0.14286
vt 0.05000 0.14286
vt 0.05000 0.14286
vt 0.05000 0.14286
vt 0.05000 0.14286
vt 0.05000 0.14286
vt 0.05000 0.14286
vt 0.05000 0.14286
vt 0.05000 0.14286
vt 0.05000 0.14286
vt 0.05000 0.14286
vt 0.05000 0.14286
vt 0.05000 0.14286
vt 0.05000 0.14286
vt 0.05000 0.14286
vt 0.05000 0.14286
vt 0.05000 0.14286
vt 0.05000 0.14286
vt 0.05000 0.14286
vt 0.05000 0.14286
vt 0.05000 0.14286
vt 0.05000 0.14286
vt 0.05000 0.14286
vt 0.05000 0.14286
vt 0.05000 0.19048
vt 0.05000 0.19048
vt 0.05000 0.19048
vt 0.05000 0.19048
vt 0.05000 0.19048
vt 0.05000 0.19048
vt 0.05000 0.19048
vt 0.05000 0.19048
vt 0.05000 0.19048
vt 0.05000 0.19048
vt 0.05000 0.19048
vt 0.05000 0.19048
vt 0.05000 0.19048
vt 0.05000 0.19048
vt 0.05000 0.19048
vt 0.05000 0.19048
vt 0.05000 0.19048
vt 0.05000 0.19048
vt 0.05000 0.19048
vt 0.05000 0.19048
vt 0.05000 0.19048
vt 0.05000 0.19048
vt 0.05000 0.19048
vt 0.05000 0.19048
vt 0.05000 0.19048
vt 0.05000 0.19048
vt 0.05000 0.19048
vt 0.05000 0.19048
vt 0.05000 0.23810
vt 0.05000 0.23810
vt 0.05000 0.23810
vt 0.05000 0.23810
vt 0.05000 0.23810
vt 0.05000 0.23810
vt 0.05000 0.23810
vt 0.05000 0.23810
vt 0.05000 0.23810
vt 0.05000 0.23810
vt 0.05000 0.23810
vt 0.05000 0.23810
vt 0.05000 0.23810
vt 0.05000 0.23810
vt 0.05000 0.23810
vt 0.05000 0.23810
vt 0.05000 0.23810
vt 0.05000 0.23810
vt 0.05000 0.23810
vt 0.05000 0.23810
vt 0.05000 0.23810
vt 0.05000 0.23810
vt 0.05000 0.23810
vt 0.05000 0.23810
vt 0.05000 0.23810
vt 0.05000 0.23810
vt 0.05000 0.23810
vt 0.05000 0.23810
vt 0.05000 0.28571
vt 0.05000 0.28571
vt 0.05000 0.28571
vt 0.05000 0.28571
vt 0.05000 0.28571
vt 0.05000 0.28571
vt 0.05000 0.28571
vt 0.05000 0.28571
vt 0.05000 0.28571
vt 0.05000 0.28571
vt 0.05000 0.28571
vt 0.05000 0.28571
vt 0.05000 0.28571
vt 0.05000 0.28571
vt 0.05000 0.28571
vt 0.05000 0.28571
vt 0.05000 0.28571
vt 0.05000 0.28571
vt 0.05000 0.28571
vt 0.05000 0.28571
vt 0.05000 0.28571
vt 0.05000 0.28571
vt 0.05000 0.28571
vt 0.05000 0.28571
vt 0.05000 0.28571
vt 0.05000 0.28571
vt 0.05000 0.28571
vt 0.05000 0.28571
vt 0.05000 0.33333
vt 0.05000 0.33333
vt 0.05000 0.33333
vt 0.05000 0.33333
vt 0.05000 0.33333
vt 0.05000 0.33333
vt 0.05000 0.33333
vt 0.05000 0.33333
vt 0.05000 0.33333
vt 0.05000 0.33333
vt 0.05000 0.33333
vt 0.05000 0.33333
vt 0.05000 0.33333
vt 0.05000 0.33333
vt 0.05000 0.33333
vt 0.05000 0.33333
vt 0.05000 0.33333
vt 0.05000 0.33333
vt 0.05000 0.33333
vt 0.05000 0.33333
vt 0.05000 0.33333
vt 0.05000 0.33333
vt 0.05000 0.33333
vt 0.05000 0.33333
vt 0.05000 0.33333
vt 0.05000 0.33333
vt 0.05000 0.33333
vt 0.05000 0.33333
vt 0.05000 0.38095
vt 0.05000 0.38095
vt 0.05000 0.38095
vt 0.05000 0.38095
vt 0.05000 0.38095
vt 0.05000 0.38095
vt 0.05000 0.38095
vt 0.05000 0.38095
vt 0.05000 0.38095
vt 0.05000 0.38095
vt 0.05000 0.38095
vt 0.05000 0.38095
vt 0.05000 0.38095
vt 0.05000 0.38095
vt 0.05000 0.38095
vt 0.05000 0.38095
vt 0.05000 0.38095
vt 0.05000 0.38095
vt 0.05000 0.38095
vt 0.05000 0.38095
vt 0.05000 0.38095
vt 0.05000 0.38095
vt 0.05000 0.38095
vt 0.05000 0.38095
vt 0.05000 0.38095
vt 0.05000 0.38095
vt 0.05000 0.38095
vt 0.05000 0.38095
vt 0.05000 0.42857
vt 0.05000 0.42857
vt 0.05000 0.42857
vt 0.05000 0.42857
vt 0.05000 0.42857
vt 0.05000 0.42857
vt 0.05000 0.42857
vt 0.05000 0.42857
vt 0.05000 0.42857
vt 0.05000 0.42857
vt 0.05000 0.42857
vt 0.05000 0.42857
vt 0.05000 0.42857
vt 0.05000 0.42857
vt 0.05000 0.42857
vt 0.05000 0.42857
vt 0.05000 0.42857
vt 0.05000 0.42857
vt 0.05000 0.42857
vt 0.05000 0.42857
vt 0.05000 0.42857
vt 0.05000 0.42857
vt 0.05000 0.42857
vt 0.05000 0.42857
vt 0.05000 0.42857
vt 0.05000 0.42857
vt 0.05000 0.42857
vt 0.05000 0.42857
vt 0.05000 0.47619
vt 0.05000 0.47619
vt 0.05000 0.47619
vt 0.05000 0.47619
vt 0.05000 0.47619
vt 0.05000 0.47619
vt 0.05000 0.47619
vt 0.05000 0.47619
vt 0.05000 0.47619
vt 0.05000 0.47619
vt 0.05000 0.47619
vt 0.05000 0.47619
vt 0.05000 0.47619
vt 0.05000 0.47619
vt 0.05000 0.47619
vt 0.05000 0.47619
vt 0.05000 0.47619
vt 0.05000 0.47619
vt 0.05000 0.47619
vt 0.05000 0.47619
vt 0.05000 0.47619
vt 0.05000 0.47619
vt 0.05000 0.47619
vt 0.05000 0.47619
vt 0.05000 0.47619
vt 0.05000 0.47619
vt 0.05000 0.47619
vt 0.05000 0.47619
vt 0.05000 0.52381
vt 0.05000 0.52381
vt 0.05000 0.52381
vt 0.05000 0.52381
vt 0.05000 0.52381
vt 0.05000 0.52381
vt 0.05000 0.52381
vt 0.05000 0.52381
vt 0.05000 0.52381
vt 0.05000 0.52381
vt 0.05000 0.52381
vt 0.05000 0.52381
vt 0.05000 0.52381
vt 0.05000 0.52381
vt 0.05000 0.52381
vt 0.05000 0.52381
vt 0.05000 0.52381
vt 0.05000 0.52381
vt 0.05000 0.52381
vt 0.05000 0.52381
vt 0.05000 0.52381
vt 0.05000 0.52381
vt 0.05000 0.52381
vt 0.05000 0.52381
vt 0.05000 0.52381
vt 0.05000 0.52381
vt 0.05000 0.52381
vt 0.05000 0.52381
vt 0.05000 0.57143
vt 0.05000 0.57143
vt 0.05000 0.57143
vt 0.05000 0.57143
vt 0.05000 0.57143
vt 0.05000 0.57143
vt 0.05000 0.57143
vt 0.05000 0.57143
vt 0.05000 0.57143
vt 0.05000 0.57143
vt 0.05000 0.57143
vt 0.05000 0.57143
vt 0.05000 0.57143
vt 0.05000 0.57143
vt 0.05000 0.57143
vt 0.05000 0.57143
vt 0.05000 0.57143
vt 0.05000 0.57143
vt 0.05000 0.57143
vt 0.05000 0.57143
vt 0.05000 0.57143
vt 0.05000 0.57143
vt 0.05000 0.57143
vt 0.05000 0.57143
vt 0.05000 0.57143
vt 0.05000 0.57143
vt 0.05000 0.57143
vt 0.05000 0.57143
vt 0.05000 0.61905
vt 0.05000 0.61905
vt 0.05000 0.61905
vt 0.05000 0.61905
vt 0.05000 0.61905
vt 0.05000 0.61905
vt 0.05000 0.61905
vt 0.05000 0.61905
vt 0.05000 0.61905
vt 0.05000 0.61905
vt 0.05000 0.61905
vt 0.05000 0.61905
vt 0.05000 0.61905
vt 0.05000 0.61905
vt 0.05000 0.61905
vt 0.05000 0.61905
vt 0.05000 0.61905
vt 0.05000 0.61905
vt 0.05000 0.61905
vt 0.05000 0.61905
vt 0.05000 0.61905
vt 0.05000 0.61905
vt 0.05000 0.61905
vt 0.05000 0.61905
vt 0.05000 0.61905
vt 0.05000 0.61905
vt 0.05000 0.61905
vt 0.05000 0.61905
vt 0.05000 0.66667
vt 0.05000 0.66667
vt 0.05000 0.66667
vt 0.05000 0.66667
vt 0.05000 0.66667
vt 0.05000 0.66667
vt 0.05000 0.66667
vt 0.05000 0.66667
vt 0.05000 0.66667
vt 0.05000 0.66667
vt 0.05000 0.66667
vt 0.05000 0.66667
vt 0.05000 0.66667
vt 0.05000 0.66667
vt 0.05000 0.66667
vt 0.05000 0.66667
vt 0.05000 0.66667
vt 0.05000 0.66667
vt 0.05000 0.66667
vt 0.05000 0.66667
vt 0.05000 0.66667
vt 0.05000 0.66667
vt 0.05000 0.66667
vt 0.05000 0.66667
vt 0.05000 0.66667
vt 0.05000 0.66667
vt 0.05000 0.66667
vt 0.05000 0.66667
vt 0.05000 0.71429
vt 0.05000 0.71429
vt 0.05000 0.71429
vt 0.05000 0.71429
vt 0.05000 0.71429
vt 0.05000 0.71429
vt 0.05000 0.71429
vt 0.05000 0.71429
vt 0.05000 0.71429
vt 0.05000 0.71429
vt 0.05000 0.71429
vt 0.05000 0.71429
vt 0.05000 0.71429
vt 0.05000 0.71429
vt 0.05000 0.71429
vt 0.05000 0.71429
vt 0.05000 0.71429
vt 0.05000 0.71429
vt 0.05000 0.71429
vt 0.05000 0.71429
vt 0.05000 0.71429
vt 0.05000 0.71429
vt 0.05000 0.71429
vt 0.05000 0.71429
vt 0.05000 0.71429
vt 0.05000 0.71429
vt 0.05000 0.71429
vt 0.05000 0.71429
vt 0.05000 0.76190
vt 0.05000 0.76190
vt 0.05000 0.76190
vt 0.05000 0.76190
vt 0.05000 0.76190
vt 0.05000 0.76190
vt 0.05000 0.76190
vt 0.05000 0.76190
vt 0.05000 0.76190
vt 0.05000 0.76190
vt 0.05000 0.76190
vt 0.05000 0.76190
vt 0.05000 0.76190
vt 0.05000 0.76190
vt 0.05000 0.76190
vt 0.05000 0.76190
vt 0.05000 0.76190
vt 0.05000 0.76190
vt 0.05000 0.76190
vt 0.05000 0.76190
vt 0.05000 0.76190
vt 0.05000 0.76190
vt 0.05000 0.76190
vt 0.05000 0.76190
vt 0.05000 0.76190
vt 0.05000 0.76190
vt 0.05000 0.76190
vt 0.05000 0.76190
vt 0.05000 0.80952
vt 0.05000 0.80952
vt 0.05000 0.80952
vt 0.05000 0.80952
vt 0.05000 0.80952
vt 0.05000 0.80952
vt 0.05000 0.80952
vt 0.05000 0.80952
vt 0.05000 0.80952
vt 0.05000 0.80952
vt 0.05000 0.80952
vt 0.05000 0.80952
vt 0.05000 0.80952
vt 0.05000 0.80952
vt 0.05000 0.80952
vt 0.05000 0.80952
vt 0.05000 0.80952
vt 0.05000 0.80952
vt 0.05000 0.80952
vt 0.05000 0.80952
vt 0.05000 0.80952
vt 0.05000 0.80952
vt 0.05000 0.80952
vt 0.05000 0.80952
vt 0.05000 0.80952
vt 0.05000 0.80952
vt 0.05000 0.80952
vt 0.05000 0.80952
vt 0.05000 0.85714
vt 0.05000 0.85714
vt 0.05000 0.85714
vt 0.05000 0.85714
vt 0.05000 0.85714
vt 0.05000 0.85714
vt 0.05000 0.85714
vt 0.05000 0.85714
vt 0.05000 0.85714
vt 0.05000 0.85714
vt 0.05000 0.85714
vt 0.05000 0.85714
vt 0.05000 0.85714
vt 0.05000 0.85714
vt 0.05000 0.85714
vt 0.05000 0.85714
vt 0.05000 0.85714
vt 0.05000 0.85714
vt 0.05000 0.85714
vt 0.05000 0.85714
vt 0.05000 0.85714
vt 0.05000 0.85714
vt 0.05000 0.85714
vt 0.05000 0.85714
vt 0.05000 0.85714
vt 0.05000 0.85714
vt 0.05000 0.85714
vt 0.05000 0.85714
vt 0.05000 0.90476
vt 0.05000 0.90476
vt 0.05000 0.90476
vt 0.05000 0.90476
vt 0.05000 0.90476
vt 0.05000 0.90476
vt 0.05000 0.90476
vt 0.05000 0.90476
vt 0.05000 0.90476
vt 0.05000 0.90476
vt 0.05000 0.90476
vt 0.05000 0.90476
vt 0.05000 0.90476
vt 0.05000 0.90476
vt 0.05000 0.90476
vt 0.05000 0.90476
vt 0.05000 0.90476
vt 0.05000 0.90476
vt 0.05000 0.90476
vt 0.05000 0.90476
vt 0.05000 0.90476
vt 0.05000 0.90476
vt 0.05000 0.90476
vt 0.05000 0.90476
vt 0.05000 0.90476
vt 0.05000 0.90476
vt 0.05000 0.90476
vt 0.05000 0.90476
vt 0.05000 0.95238
vt 0.05000 0.95238
vt 0.05000 0.95238
vt 0.05000 0.95238
vt 0.05000 0.95238
vt 0.05000 0.95238
vt 0.05000 0.95238
vt 0.05000 0.95238
vt 0.05000 0.95238
vt 0.05000 0.95238
vt 0.05000 0.95238
vt 0.05000 0.95238
vt 0.05000 0.95238
vt 0.05000 0.95238
vt 0.05000 0.95238
vt 0.05000 0.95238
vt 0.05000 0.95238
vt 0.05000 0.95238
vt 0.05000 0.95238
vt 0.05000 0.95238
vt 0.05000 0.95238
vt 0.05000 0.95238
vt 0.05000 0.95238
vt 0.05000 0.95238
vt 0.05000 0.95238
vt 0.05000 0.95238
vt 0.05000 0.95238
vt 0.05000 0.95238
vt 0.05000 1.00000
vt 0.05000 1.00000
vt 0.05000 1.00000
vt 0.05000 1.00000
vt 0.05000 1.00000
vt 0.05000 1.00000
vt 0.05000 1.00000
vt 0.05000 1.00000
vt 0.05000 1.00000
vt 0.05000 1.00000
vt 0.05000 1.00000
vt 0.05000 1.00000
vt 0.05000 1.00000
vt 0.05000 1.00000
vt 0.05000 1.00000
vt 0.05000 1.00000
vt 0.05000 1.00000
vt 0.05000 1.00000
vt 0.05000 1.00000
vt 0.05000 1.00000
vt 0.05000 1.00000
vt 0.05000 1.00000
vt 0.05000 1.00000
vt 0.05000 1.00000
vt 0.05000 1.00000
vt 0.05000 1.00000
vt 0.05000 1.00000
vt 0.05000 1.00000
vt 0.30000 0.50000
vt 0.30000 1.00000
vt 0.30000 1.00000
vt 0.30000 1.00000
vt 0.30000 1.00000
vt 0.30000 1.00000
vt 0.30000 1.00000
vt 0.30000 1.00000
vt 0.30000 1.00000
vt 0.30000 1.00000
vt 0.30000 1.00000
vt 0.30000 1.00000
vt 0.30000 1.00000
vt 0.30000 1.00000
vt 0.30000 1.00000
vt 0.30000 1.00000
vt 0.30000 1.00000
vt 0.30000 1.00000
vt 0.30000 1.00000
vt 0.30000 1.00000
vt 0.30000 1.00000
vt 0.30000 1.00000
vt 0.30000 1.00000
vt 0.30000 1.00000
vt 0.30000 1.00000
vt 0.30000 1.00000
vt 0.30000 1.00000
vt 0.30000 1.00000
vt 0.30000 1.00000
vt 0.55000 0.00000
vt 0.55000 0.00000
vt 0.55000 0.00000
vt 0.55000 0.00000
vt 0.55000 0.00000
vt 0.55000 0.00000
vt 0.55000 0.00000
vt 0.55000 0.00000
vt 0.55000 0.00000
vt 0.55000 0.00000
vt 0.55000 0.00000
vt 0.55000 0.00000
vt 0.55000 0.06667
vt 0.55000 0.06667
vt 0.55000 0.06667
vt 0.55000 0.06667
vt 0.55000 0.06667
vt 0.55000 0.06667
vt 0.55000 0.06667
vt 0.55000 0.06667
vt 0.55000 0.06667
vt 0.55000 0.06667
vt 0.55000 0.06667
vt 0.55000 0.06667
vt 0.55000 0.13333
vt 0.55000 0.13333
vt 0.55000 0.13333
vt 0.55000 0.13333
vt 0.55000 0.13333
vt 0.55000 0.13333
vt 0.55000 0.13333
vt 0.55000 0.13333
vt 0.55000 0.13333
vt 0.55000 0.13333
vt 0.55000 0.13333
vt 0.55000 0.13333
vt 0.55000 0.20000
vt 0.55000 0.20000
vt 0.55000 0.20000
vt 0.55000 0.20000
vt 0.55000 0.20000
vt 0.55000 0.20000
vt 0.55000 0.20000
vt 0.55000 0.20000
vt 0.55000 0.20000
vt 0.55000 0.20000
vt 0.55000 0.20000
vt 0.55000 0.20000
vt 0.55000 0.26667
vt 0.55000 0.26667
vt 0.55000 0.26667
vt 0.55000 0.26667
vt 0.55000 0.26667
vt 0.55000 0.26667
vt 0.55000 0.26667
vt 0.55000 0.26667
vt 0.55000 0.26667
vt 0.55000 0.26667
vt 0.55000 0.26667
vt 0.55000 0.26667
vt 0.55000 0.33333
vt 0.55000 0.33333
vt 0.55000 0.33333
vt 0.55000 0.33333
vt 0.55000 0.33333
vt 0.55000 0.33333
vt 0.55000 0.33333
vt 0.55000 0.33333
vt 0.55000 0.33333
vt 0.55000 0.33333
vt 0.55000 0.33333
vt 0.55000 0.33333
vt 0.55000 0.40000
vt 0.55000 0.40000
vt 0.55000 0.40000
vt 0.55000 0.40000
vt 0.55000 0.40000
vt 0.55000 0.40000
vt 0.55000 0.40000
vt 0.55000 0.40000
vt 0.55000 0.40000
vt 0.55000 0.40000
vt 0.55000 0.40000
vt 0.55000 0.40000
vt 0.55000 0.46667
vt 0.55000 0.46667
vt 0.55000 0.46667
vt 0.55000 0.46667
vt 0.55000 0.46667
vt 0.55000 0.46667
vt 0.55000 0.46667
vt 0.55000 0.46667
vt 0.55000 0.46667
vt 0.55000 0.46667
vt 0.55000 0.46667
vt 0.55000 0.46667
vt 0.55000 0.53333
vt 0.55000 0.53333
vt 0.55000 0.53333
vt 0.55000 0.53333
vt 0.55000 0.53333
vt 0.55000 0.53333
vt 0.55000 0.53333
vt 0.55000 0.53333
vt 0.55000 0.53333
vt 0.55000 0.53333
vt 0.55000 0.53333
vt 0.55000 0.53333
vt 0.55000 0.60000
vt 0.55000 0.60000
vt 0.55000 0.60000
vt 0.55000 0.60000
vt 0.55000 0.60000
vt 0.55000 0.60000
vt 0.55000 0.60000
vt 0.55000 0.60000
vt 0.55000 0.60000
vt 0.55000 0.60000
vt 0.55000 0.60000
vt 0.55000 0.60000
vt 0.55000 0.66667
vt 0.55000 0.66667
vt 0.55000 0.66667
vt 0.55000 0.66667
vt 0.55000 0.66667
vt 0.55000 0.66667
vt 0.55000 0.66667
vt 0.55000 0.66667
vt 0.55000 0.66667
vt 0.55000 0.66667
vt 0.55000 0.66667
vt 0.55000 0.66667
vt 0.55000 0.73333
vt 0.55000 0.73333
vt 0.55000 0.73333
vt 0.55000 0.73333
vt 0.55000 0.73333
vt 0.55000 0.73333
vt 0.55000 0.73333
vt 0.55000 0.73333
vt 0.55000 0.73333
vt 0.55000 0.73333
vt 0.55000 0.73333
vt 0.55000 0.73333
vt 0.55000 0.80000
vt 0.55000 0.80000
vt 0.55000 0.80000
vt 0.55000 0.80000
vt 0.55000 0.80000
vt 0.55000 0.80000
vt 0.55000 0.80000
vt 0.55000 0.80000
vt 0.55000 0.80000
vt 0.55000 0.80000
vt 0.55000 0.80000
vt 0.55000 0.80000
vt 0.55000 0.86667
vt 0.55000 0.86667
vt 0.55000 0.86667
vt 0.55000 0.86667
vt 0.55000 0.86667
vt 0.55000 0.86667
vt 0.55000 0.86667
vt 0.55000 0.86667
vt 0.55000 0.86667
vt 0.55000 0.86667
vt 0.55000 0.86667
vt 0.55000 0.86667
vt 0.55000 0.93333
vt 0.55000 0.93333
vt 0.55000 0.93333
vt 0.55000 0.93333
vt 0.55000 0.93333
vt 0.55000 0.93333
vt 0.55000 0.93333
vt 0.55000 0.93333
vt 0.55000 0.93333
vt 0.55000 0.93333
vt 0.55000 0.93333
vt 0.55000 0.93333
vt 0.55000 1.00000
vt 0.55000 1.00000
vt 0.55000 1.00000
vt 0.55000 1.00000
vt 0.55000 1.00000
vt 0.55000 1.00000
vt 0.55000 1.00000
vt 0.55000 1.00000
vt 0.55000 1.00000
vt 0.55000 1.00000
vt 0.55000 1.00000
vt 0.55000 1.00000
vt 0.05000 0.65000
vt 0.05000 0.65000
vt 0.05000 0.77000
vt 0.05000 0.77000
vt 0.05000 0.77000
vt 0.05000 0.77000
vt 0.05000 0.65000
vt 0.05000 0.65000
vt 0.05000 0.65000
vt 0.05000 0.77000
vt 0.05000 0.77000
vt 0.05000 0.65000
vt 0.05000 0.77000
vt 0.05000 0.65000
vt 0.05000 0.65000
vt 0.05000 0.77000
vt 0.05000 0.77000
vt 0.05000 0.77000
vt 0.05000 0.77000
vt 0.05000 0.77000
vt 0.05000 0.65000
vt 0.05000 0.65000
vt 0.05000 0.65000
vt 0.05000 0.65000
vt 0.05000 0.49000
vt 0.05000 0.61000
vt 0.05000 0.73000
vt 0.05000 0.71000
vt 0.05000 0.49000
vt 0.05000 0.61000
vt 0.05000 0.73000
vt 0.05000 0.71000
vt 0.05000 0.50000
vt 0.05000 0.50000
vt 0.05000 0.50000
vt 0.05000 0.50000
vt 0.05000 0.50000
vt 0.05000 0.50000
vt 0.05000 0.50000
vt 0.05000 0.50000
vt 0.05000 0.50000
vt 0.05000 0.50000
vt 0.05000 0.50000
vt 0.05000 0.50000
vt 0.05000 0.50000
vt 0.05000 0.50000
vt 0.05000 0.50000
vt 0.05000 0.50000
vt 0.05000 0.00000
vt 0.05000 0.00000
vt 0.05000 0.00000
vt 0.05000 0.00000
vt 0.05000 0.00000
vt 0.05000 0.00000
vt 0.05000 0.00000
vt 0.05000 0.00000
vt 0.05000 0.00000
vt 0.05000 0.00000
vt 0.05000 0.00000
vt 0.05000 0.00000
vt 0.05000 0.00000
vt 0.05000 0.00000
vt 0.05000 0.00000
vt 0.05000 0.00000
vt 0.05000 0.00000
vt 0.05000 0.00000
vt 0.05000 0.00000
vt 0.05000 0.00000
vt 0.05000 0.00000
vt 0.05000 0.00000
vt 0.05000 0.00000
vt 0.05000 0.00000
vt 0.05000 0.00000
vt 0.05000 0.00000
vt 0.05000 0.00000
vt 0.05000 0.00000
vt 0.05000 0.04762
vt 0.05000 0.04762
vt 0.05000 0.04762
vt 0.05000 0.04762
vt 0.05000 0.04762
vt 0.05000 0.04762
vt 0.05000 0.04762
vt 0.05000 0.04762
vt 0.05000 0.04762
vt 0.05000 0.04762
vt 0.05000 0.04762
vt 0.05000 0.04762
vt 0.05000 0.04762
vt 0.05000 0.04762
vt 0.05000 0.04762
vt 0.05000 0.04762
vt 0.05000 0.04762
vt 0.05000 0.04762
vt 0.05000 0.04762
vt 0.05000 0.04762
vt 0.05000 0.04762
vt 0.05000 0.04762
vt 0.05000 0.04762
vt 0.05000 0.04762
vt 0.05000 0.04762
vt 0.05000 0.04762
vt 0.05000 0.04762
vt 0.05000 0.04762
vt 0.05000 0.09524
vt 0.05000 0.09524
vt 0.05000 0.09524
vt 0.05000 0.09524
vt 0.05000 0.09524
vt 0.05000 0.09524
vt 0.05000 0.09524
vt 0.05000 0.09524
vt 0.05000 0.09524
vt 0.05000 0.09524
vt 0.05000 0.09524
vt 0.05000 0.09524
vt 0.05000 0.09524
vt 0.05000 0.09524
vt 0.05000 0.09524
vt 0.05000 0.09524
vt 0.05000 0.09524
vt 0.05000 0.09524
vt 0.05000 0.09524
vt 0.05000 0.09524
vt 0.05000 0.09524
vt 0.05000 0.09524
vt 0.05000 0.09524
vt 0.05000 0.09524
vt 0.05000 0.09524
vt 0.05000 0.09524
vt 0.05000 0.09524
vt 0.05000 0.09524
vt 0.05000 0.14286
vt 0.05000 0.14286
vt 0.05000 0.14286
vt 0.05000 0.14286
vt 0.05000 0.14286
vt 0.05000 0.14286
vt 0.05000 0.14286
vt 0.05000 0.14286
vt 0.05000 0.14286
vt 0.05000 0.14286
vt 0.05000 0.14286
vt 0.05000 0.14286
vt 0.05000 0.14286
vt 0.05000 0.14286
vt 0.05000 0.14286
vt 0.05000 0.14286
vt 0.05000 0.14286
vt 0.05000 0.14286
vt 0.05000 0.14286
vt 0.05000 0.14286
vt 0.05000 0.14286
vt 0.05000 0.14286
vt 0.05000 0.14286
vt 0.05000 0.14286
vt 0.05000 0.14286
vt 0.05000 0.14286
vt 0.05000 0.14286
vt 0.05000 0.14286
vt 0.05000 0.19048
vt 0.05000 0.19048
vt 0.05000 0.19048
vt 0.05000 0.19048
vt 0.05000 0.19048
vt 0.05000 0.19048
vt 0.05000 0.19048
vt 0.05000 0.19048
vt 0.05000 0.19048
vt 0.05000 0.19048
vt 0.05000 0.19048
vt 0.05000 0.19048
vt 0.05000 0.19048
vt 0.05000 0.19048
vt 0.05000 0.19048
vt 0.05000 0.19048
vt 0.05000 0.19048
vt 0.05000 0.19048
vt 0.05000 0.19048
vt 0.05000 0.19048
vt 0.05000 0.19048
vt 0.05000 0.19048
vt 0.05000 0.19048
vt 0.05000 0.19048
vt 0.05000 0.19048
vt 0.05000 0.19048
vt 0.05000 0.19048
vt 0.05000 0.19048
vt 0.05000 0.23810
vt 0.05000 0.23810
vt 0.05000 0.23810
vt 0.05000 0.23810
vt 0.05000 0.23810
vt 0.05000 0.23810
vt 0.05000 0.23810
vt 0.05000 0.23810
vt 0.05000 0.23810
vt 0.05000 0.23810
vt 0.05000 0.23810
vt 0.05000 0.23810
vt 0.05000 0.23810
vt 0.05000 0.23810
vt 0.05000 0.23810
vt 0.05000 0.23810
vt 0.05000 0.23810
vt 0.05000 0.23810
vt 0.05000 0.23810
vt 0.05000 0.23810
vt 0.05000 0.23810
vt 0.05000 0.23810
vt 0.05000 0.23810
vt 0.05000 0.23810
vt 0.05000 0.23810
vt 0.05000 0.23810
vt 0.05000 0.23810
vt 0.05000 0.23810
vt 0.05000 0.28571
vt 0.05000 0.28571
vt 0.05000 0.28571
vt 0.05000 0.28571
vt 0.05000 0.28571
vt 0.05000 0.28571
vt 0.05000 0.28571
vt 0.05000 0.28571
vt 0.05000 0.28571
vt 0.05000 0.28571
vt 0.05000 0.28571
vt 0.05000 0.28571
vt 0.05000 0.28571
vt 0.05000 0.28571
vt 0.05000 0.28571
vt 0.05000 0.28571
vt 0.05000 0.28571
vt 0.05000 0.28571
vt 0.05000 0.28571
vt 0.05000 0.28571
vt 0.05000 0.28571
vt 0.05000 0.28571
vt 0.05000 0.28571
vt 0.05000 0.28571
vt 0.05000 0.28571
vt 0.05000 0.28571
vt 0.05000 0.28571
vt 0.05000 0.28571
vt 0.05000 0.33333
vt 0.05000 0.33333
vt 0.05000 0.33333
vt 0.05000 0.33333
vt 0.05000 0.33333
vt 0.05000 0.33333
vt 0.05000 0.33333
vt 0.05000 0.33333
vt 0.05000 0.33333
vt 0.05000 0.33333
vt 0.05000 0.33333
vt 0.05000 0.33333
vt 0.05000 0.33333
vt 0.05000 0.33333
vt 0.05000 0.33333
vt 0.05000 0.33333
vt 0.05000 0.33333
vt 0.05000 0.33333
vt 0.05000 0.33333
vt 0.05000 0.33333
vt 0.05000 0.33333
vt 0.05000 0.33333
vt 0.05000 0.33333
vt 0.05000 0.33333
vt 0.05000 0.33333
vt 0.05000 0.33333
vt 0.05000 0.33333
vt 0.05000 0.33333
vt 0.05000 0.38095
vt 0.05000 0.38095
vt 0.05000 0.38095
vt 0.05000 0.38095
vt 0.05000 0.38095
vt 0.05000 0.38095
vt 0.05000 0.38095
vt 0.05000 0.38095
vt 0.05000 0.38095
vt 0.05000 0.38095
vt 0.05000 0.38095
vt 0.05000 0.38095
vt 0.05000 0.38095
vt 0.05000 0.38095
vt 0.05000 0.38095
vt 0.05000 0.38095
vt 0.05000 0.38095
vt 0.05000 0.38095
vt 0.05000 0.38095
vt 0.05000 0.38095
vt 0.05000 0.38095
vt 0.05000 0.38095
vt 0.05000 0.38095
vt 0.05000 0.38095
vt 0.05000 0.38095
vt 0.05000 0.38095
vt 0.05000 0.38095
vt 0.05000 0.38095
vt 0.05000 0.42857
vt 0.05000 0.42857
vt 0.05000 0.42857
vt 0.05000 0.42857
vt 0.05000 0.42857
vt 0.05000 0.42857
vt 0.05000 0.42857
vt 0.05000 0.42857
vt 0.05000 0.42857
vt 0.05000 0.42857
vt 0.05000 0.42857
vt 0.05000 0.42857
vt 0.05000 0.42857
vt 0.05000 0.42857
vt 0.05000 0.42857
vt 0.05000 0.42857
vt 0.05000 0.42857
vt 0.05000 0.42857
vt 0.05000 0.42857
vt 0.05000 0.42857
vt 0.05000 0.42857
vt 0.05000 0.42857
vt 0.05000 0.42857
vt 0.05000 0.42857
vt 0.05000 0.42857
vt 0.05000 0.42857
vt 0.05000 0.42857
vt 0.05000 0.42857
vt 0.05000 0.47619
vt 0.05000 0.47619
vt 0.05000 0.47619
vt 0.05000 0.47619
vt 0.05000 0.47619
vt 0.05000 0.47619
vt 0.05000 0.47619
vt 0.05000 0.47619
vt 0.05000 0.47619
vt 0.05000 0.47619
vt 0.05000 0.47619
vt 0.05000 0.47619
vt 0.05000 0.47619
vt 0.05000 0.47619
vt 0.05000 0.47619
vt 0.05000 0.47619
vt 0.05000 0.47619
vt 0.05000 0.47619
vt 0.05000 0.47619
vt 0.05000 0.47619
vt 0.05000 0.47619
vt 0.05000 0.47619
vt 0.05000 0.47619
vt 0.05000 0.47619
vt 0.05000 0.47619
vt 0.05000 0.47619
vt 0.05000 0.47619
vt 0.05000 0.47619
vt 0.05000 0.52381
vt 0.05000 0.52381
vt 0.05000 0.52381
vt 0.05000 0.52381
vt 0.05000 0.52381
vt 0.05000 0.52381
vt 0.05000 0.52381
vt 0.05000 0.52381
vt 0.05000 0.52381
vt 0.05000 0.52381
vt 0.05000 0.52381
vt 0.05000 0.52381
vt 0.05000 0.52381
vt 0.05000 0.52381
vt 0.05000 0.52381
vt 0.05000 0.52381
vt 0.05000 0.52381
vt 0.05000 0.52381
vt 0.05000 0.52381
vt 0.05000 0.52381
vt 0.05000 0.52381
vt 0.05000 0.52381
vt 0.05000 0.52381
vt 0.05000 0.52381
vt 0.05000 0.52381
vt 0.05000 0.52381
vt 0.05000 0.52381
vt 0.05000 0.52381
vt 0.05000 0.57143
vt 0.05000 0.57143
vt 0.05000 0.57143
vt 0.05000 0.57143
vt 0.05000 0.57143
vt 0.05000 0.57143
vt 0.05000 0.57143
vt 0.05000 0.57143
vt 0.05000 0.57143
vt 0.05000 0.57143
vt 0.05000 0.57143
vt 0.05000 0.57143
vt 0.05000 0.57143
vt 0.05000 0.57143
vt 0.05000 0.57143
vt 0.05000 0.57143
vt 0.05000 0.57143
vt 0.05000 0.57143
vt 0.05000 0.57143
vt 0.05000 0.57143
vt 0.05000 0.57143
vt 0.05000 0.57143
vt 0.05000 0.57143
vt 0.05000 0.57143
vt 0.05000 0.57143
vt 0.05000 0.57143
vt 0.05000 0.57143
vt 0.05000 0.57143
vt 0.05000 0.61905
vt 0.05000 0.61905
vt 0.05000 0.61905
vt 0.05000 0.61905
vt 0.05000 0.61905
vt 0.05000 0.61905
vt 0.05000 0.61905
vt 0.05000 0.61905
vt 0.05000 0.61905
vt 0.05000 0.61905
vt 0.05000 0.61905
vt 0.05000 0.61905
vt 0.05000 0.61905
vt 0.05000 0.61905
vt 0.05000 0.61905
vt 0.05000 0.61905
vt 0.05000 0.61905
vt 0.05000 0.61905
vt 0.05000 0.61905
vt 0.05000 0.61905
vt 0.05000 0.61905
vt 0.05000 0.61905
vt 0.05000 0.61905
vt 0.05000 0.61905
vt 0.05000 0.61905
vt 0.05000 0.61905
vt 0.05000 0.61905
vt 0.05000 0.61905
vt 0.05000 0.66667
vt 0.05000 0.66667
vt 0.05000 0.66667
vt 0.05000 0.66667
vt 0.05000 0.66667
vt 0.05000 0.66667
vt 0.05000 0.66667
vt 0.05000 0.66667
vt 0.05000 0.66667
vt 0.05000 0.66667
vt 0.05000 0.66667
vt 0.05000 0.66667
vt 0.05000 0.66667
vt 0.05000 0.66667
vt 0.05000 0.66667
vt 0.05000 0.66667
vt 0.05000 0.66667
vt 0.05000 0.66667
vt 0.05000 0.66667
vt 0.05000 0.66667
vt 0.05000 0.66667
vt 0.05000 0.66667
vt 0.05000 0.66667
vt 0.05000 0.66667
vt 0.05000 0.66667
vt 0.05000 0.66667
vt 0.05000 0.66667
vt 0.05000 0.66667
vt 0.05000 0.71429
vt 0.05000 0.71429
vt 0.05000 0.71429
vt 0.05000 0.71429
vt 0.05000 0.71429
vt 0.05000 0.71429
vt 0.05000 0.71429
vt 0.05000 0.71429
vt 0.05000 0.71429
vt 0.05000 0.71429
vt 0.05000 0.71429
vt 0.05000 0.71429
vt 0.05000 0.71429
vt 0.05000 0.71429
vt 0.05000 0.71429
vt 0.05000 0.71429
vt 0.05000 0.71429
vt 0.05000 0.71429
vt 0.05000 0.71429
vt 0.05000 0.71429
vt 0.05000 0.71429
vt 0.05000 0.71429
vt 0.05000 0.71429
vt 0.05000 0.71429
vt 0.05000 0.71429
vt 0.05000 0.71429
vt 0.05000 0.71429
vt 0.05000 0.71429
vt 0.05000 0.76190
vt 0.05000 0.76190
vt 0.05000 0.76190
vt 0.05000 0.76190
vt 0.05000 0.76190
vt 0.05000 0.76190
vt 0.05000 0.76190
vt 0.05000 0.76190
vt 0.05000 0.76190
vt 0.05000 0.76190
vt 0.05000 0.76190
vt 0.05000 0.76190
vt 0.05000 0.76190
vt 0.05000 0.76190
vt 0.05000 0.76190
vt 0.05000 0.76190
vt 0.05000 0.76190
vt 0.05000 0.76190
vt 0.05000 0.76190
vt 0.05000 0.76190
vt 0.05000 0.76190
vt 0.05000 0.76190
vt 0.05000 0.76190
vt 0.05000 0.76190
vt 0.05000 0.76190
vt 0.05000 0.76190
vt 0.05000 0.76190
vt 0.05000 0.76190
vt 0.05000 0.80952
vt 0.05000 0.80952
vt 0.05000 0.80952
vt 0.05000 0.80952
vt 0.05000 0.80952
vt 0.05000 0.80952
vt 0.05000 0.80952
vt 0.05000 0.80952
vt 0.05000 0.80952
vt 0.05000 0.80952
vt 0.05000 0.80952
vt 0.05000 0.80952
vt 0.05000 0.80952
vt 0.05000 0.80952
vt 0.05000 0.80952
vt 0.05000 0.80952
vt 0.05000 0.80952
vt 0.05000 0.80952
vt 0.05000 0.80952
vt 0.05000 0.80952
vt 0.05000 0.80952
vt 0.05000 0.80952
vt 0.05000 0.80952
vt 0.05000 0.80952
vt 0.05000 0.80952
vt 0.05000 0.80952
vt 0.05000 0.80952
vt 0.05000 0.80952
vt 0.05000 0.85714
vt 0.05000 0.85714
vt 0.05000 0.85714
vt 0.05000 0.85714
vt 0.05000 0.85714
vt 0.05000 0.85714
vt 0.05000 0.85714
vt 0.05000 0.85714
vt 0.05000 0.85714
vt 0.05000 0.85714
vt 0.05000 0.85714
vt 0.05000 0.85714
vt 0.05000 0.85714
vt 0.05000 0.85714
vt 0.05000 0.85714
vt 0.05000 0.85714
vt 0.05000 0.85714
vt 0.05000 0.85714
vt 0.05000 0.85714
vt 0.05000 0.85714
vt 0.05000 0.85714
vt 0.05000 0.85714
vt 0.05000 0.85714
vt 0.05000 0.85714
vt 0.05000 0.85714
vt 0.05000 0.85714
vt 0.05000 0.85714
vt 0.05000 0.85714
vt 0.05000 0.90476
vt 0.05000 0.90476
vt 0.05000 0.90476
vt 0.05000 0.90476
vt 0.05000 0.90476
vt 0.05000 0.90476
vt 0.05000 0.90476
vt 0.05000 0.90476
vt 0.05000 0.90476
vt 0.05000 0.90476
vt 0.05000 0.90476
vt 0.05000 0.90476
vt 0.05000 0.90476
vt 0.05000 0.90476
vt 0.05000 0.90476
vt 0.05000 0.90476
vt 0.05000 0.90476
vt 0.05000 0.90476
vt 0.05000 0.90476
vt 0.05000 0.90476
vt 0.05000 0.90476
vt 0.05000 0.90476
vt 0.05000 0.90476
vt 0.05000 0.90476
vt 0.05000 0.90476
vt 0.05000 0.90476
vt 0.05000 0.90476
vt 0.05000 0.90476
vt 0.05000 0.95238
vt 0.05000 0.95238
vt 0.05000 0.95238
vt 0.05000 0.95238
vt 0.05000 0.95238
vt 0.05000 0.95238
vt 0.05000 0.95238
vt 0.05000 0.95238
vt 0.05000 0.95238
vt 0.05000 0.95238
vt 0.05000 0.95238
vt 0.05000 0.95238
vt 0.05000 0.95238
vt 0.05000 0.95238
vt 0.05000 0.95238
vt 0.05000 0.95238
vt 0.05000 0.95238
vt 0.05000 0.95238
vt 0.05000 0.95238
vt 0.05000 0.95238
vt 0.05000 0.95238
vt 0.05000 0.95238
vt 0.05000 0.95238
vt 0.05000 0.95238
vt 0.05000 0.95238
vt 0.05000 0.95238
vt 0.05000 0.95238
vt 0.05000 0.95238
vt 0.05000 1.00000
vt 0.05000 1.00000
vt 0.05000 1.00000
vt 0.05000 1.00000
vt 0.05000 1.00000
vt 0.05000 1.00000
vt 0.05000 1.00000
vt 0.05000 1.00000
vt 0.05000 1.00000
vt 0.05000 1.00000
vt 0.05000 1.00000
vt 0.05000 1.00000
vt 0.05000 1.00000
vt 0.05000 1.00000
vt 0.05000 1.00000
vt 0.05000 1.00000
vt 0.05000 1.00000
vt 0.05000 1.00000
vt 0.05000 1.00000
vt 0.05000 1.00000
vt 0.05000 1.00000
vt 0.05000 1.00000
vt 0.05000 1.00000
vt 0.05000 1.00000
vt 0.05000 1.00000
vt 0.05000 1.00000
vt 0.05000 1.00000
vt 0.05000 1.00000
vt 0.30000 0.50000
vt 0.30000 1.00000
vt 0.30000 1.00000
vt 0.30000 1.00000
vt 0.30000 1.00000
vt 0.30000 1.00000
vt 0.30000 1.00000
vt 0.30000 1.00000
vt 0.30000 1.00000
vt 0.30000 1.00000
vt 0.30000 1.00000
vt 0.30000 1.00000
vt 0.30000 1.00000
vt 0.30000 1.00000
vt 0.30000 1.00000
vt 0.30000 1.00000
vt 0.30000 1.00000
vt 0.30000 1.00000
vt 0.30000 1.00000
vt 0.30000 1.00000
vt 0.30000 1.00000
vt 0.30000 1.00000
vt 0.30000 1.00000
vt 0.30000 1.00000
vt 0.30000 1.00000
vt 0.30000 1.00000
vt 0.30000 1.00000
vt 0.30000 1.00000
vt 0.30000 1.00000
vt 0.55000 0.00000
vt 0.55000 0.00000
vt 0.55000 0.00000
vt 0.55000 0.00000
vt 0.55000 0.00000
vt 0.55000 0.00000
vt 0.55000 0.00000
vt 0.55000 0.00000
vt 0.55000 0.00000
vt 0.55000 0.00000
vt 0.55000 0.00000
vt 0.55000 0.00000
vt 0.55000 0.06667
vt 0.55000 0.06667
vt 0.55000 0.06667
vt 0.55000 0.06667
vt 0.55000 0.06667
vt 0.55000 0.06667
vt 0.55000 0.06667
vt 0.55000 0.06667
vt 0.55000 0.06667
vt 0.55000 0.06667
vt 0.55000 0.06667
vt 0.55000 0.06667
vt 0.55000 0.13333
vt 0.55000 0.13333
vt 0.55000 0.13333
vt 0.55000 0.13333
vt 0.55000 0.13333
vt 0.55000 0.13333
vt 0.55000 0.13333
vt 0.55000 0.13333
vt 0.55000 0.13333
vt 0.55000 0.13333
vt 0.55000 0.13333
vt 0.55000 0.13333
vt 0.55000 0.20000
vt 0.55000 0.20000
vt 0.55000 0.20000
vt 0.55000 0.20000
vt 0.55000 0.20000
vt 0.55000 0.20000
vt 0.55000 0.20000
vt 0.55000 0.20000
vt 0.55000 0.20000
vt 0.55000 0.20000
vt 0.55000 0.20000
vt 0.55000 0.20000
vt 0.55000 0.26667
vt 0.55000 0.26667
vt 0.55000 0.26667
vt 0.55000 0.26667
vt 0.55000 0.26667
vt 0.55000 0.26667
vt 0.55000 0.26667
vt 0.55000 0.26667
vt 0.55000 0.26667
vt 0.55000 0.26667
vt 0.55000 0.26667
vt 0.55000 0.26667
vt 0.55000 0.33333
vt 0.55000 0.33333
vt 0.55000 0.33333
vt 0.55000 0.33333
vt 0.55000 0.33333
vt 0.55000 0.33333
vt 0.55000 0.33333
vt 0.55000 0.33333
vt 0.55000 0.33333
vt 0.55000 0.33333
vt 0.55000 0.33333
vt 0.55000 0.33333
vt 0.55000 0.40000
vt 0.55000 0.40000
vt 0.55000 0.40000
vt 0.55000 0.40000
vt 0.55000 0.40000
vt 0.55000 0.40000
vt 0.55000 0.40000
vt 0.55000 0.40000
vt 0.55000 0.40000
vt 0.55000 0.40000
vt 0.55000 0.40000
vt 0.55000 0.40000
vt 0.55000 0.46667
vt 0.55000 0.46667
vt 0.55000 0.46667
vt 0.55000 0.46667
vt 0.55000 0.46667
vt 0.55000 0.46667
vt 0.55000 0.46667
vt 0.55000 0.46667
vt 0.55000 0.46667
vt 0.55000 0.46667
vt 0.55000 0.46667
vt 0.55000 0.46667
vt 0.55000 0.53333
vt 0.55000 0.53333
vt 0.55000 0.53333
vt 0.55000 0.53333
vt 0.55000 0.53333
vt 0.55000 0.53333
vt 0.55000 0.53333
vt 0.55000 0.53333
vt 0.55000 0.53333
vt 0.55000 0.53333
vt 0.55000 0.53333
vt 0.55000 0.53333
vt 0.55000 0.60000
vt 0.55000 0.60000
vt 0.55000 0.60000
vt 0.55000 0.60000
vt 0.55000 0.60000
vt 0.55000 0.60000
vt 0.55000 0.60000
vt 0.55000 0.60000
vt 0.55000 0.60000
vt 0.55000 0.60000
vt 0.55000 0.60000
vt 0.55000 0.60000
vt 0.55000 0.66667
vt 0.55000 0.66667
vt 0.55000 0.66667
vt 0.55000 0.66667
vt 0.55000 0.66667
vt 0.55000 0.66667
vt 0.55000 0.66667
vt 0.55000 0.66667
vt 0.55000 0.66667
vt 0.55000 0.66667
vt 0.55000 0.66667
vt 0.55000 0.66667
vt 0.55000 0.73333
vt 0.55000 0.73333
vt 0.55000 0.73333
vt 0.55000 0.73333
vt 0.55000 0.73333
vt 0.55000 0.73333
vt 0.55000 0.73333
vt 0.55000 0.73333
vt 0.55000 0.73333
vt 0.55000 0.73333
vt 0.55000 0.73333
vt 0.55000 0.73333
vt 0.55000 0.80000
vt 0.55000 0.80000
vt 0.55000 0.80000
vt 0.55000 0.80000
vt 0.55000 0.80000
vt 0.55000 0.80000
vt 0.55000 0.80000
vt 0.55000 0.80000
vt 0.55000 0.80000
vt 0.55000 0.80000
vt 0.55000 0.80000
vt 0.55000 0.80000
vt 0.55000 0.86667
vt 0.55000 0.86667
vt 0.55000 0.86667
vt 0.55000 0.86667
vt 0.55000 0.86667
vt 0.55000 0.86667
vt 0.55000 0.86667
vt 0.55000 0.86667
vt 0.55000 0.86667
vt 0.55000 0.86667
vt 0.55000 0.86667
vt 0.55000 0.86667
vt 0.55000 0.93333
vt 0.55000 0.93333
vt 0.55000 0.93333
vt 0.55000 0.93333
vt 0.55000 0.93333
vt 0.55000 0.93333
vt 0.55000 0.93333
vt 0.55000 0.93333
vt 0.55000 0.93333
vt 0.55000 0.93333
vt 0.55000 0.93333
vt 0.55000 0.93333
vt 0.55000 1.00000
vt 0.55000 1.00000
vt 0.55000 1.00000
vt 0.55000 1.00000
vt 0.55000 1.00000
vt 0.55000 1.00000
vt 0.55000 1.00000
vt 0.55000 1.00000
vt 0.55000 1.00000
vt 0.55000 1.00000
vt 0.55000 1.00000
vt 0.55000 1.00000
vt 0.05000 0.65000
vt 0.05000 0.65000
vt 0.05000 0.77000
vt 0.05000 0.77000
vt 0.05000 0.77000
vt 0.05000 0.77000
vt 0.05000 0.65000
vt 0.05000 0.65000
vt 0.05000 0.65000
vt 0.05000 0.77000
vt 0.05000 0.77000
vt 0.05000 0.65000
vt 0.05000 0.77000
vt 0.05000 0.65000
vt 0.05000 0.65000
vt 0.05000 0.77000
vt 0.05000 0.77000
vt 0.05000 0.77000
vt 0.05000 0.77000
vt 0.05000 0.77000
vt 0.05000 0.65000
vt 0.05000 0.65000
vt 0.05000 0.65000
vt 0.05000 0.65000
vt 0.05000 0.49000
vt 0.05000 0.61000
vt 0.05000 0.73000
vt 0.05000 0.71000
vt 0.05000 0.49000
vt 0.05000 0.61000
vt 0.05000 0.73000
vt 0.05000 0.71000
vt 0.05000 0.50000
vt 0.05000 0.50000
vt 0.05000 0.50000
vt 0.05000 0.50000
vt 0.05000 0.50000
vt 0.05000 0.50000
vt 0.05000 0.50000
vt 0.05000 0.50000
vt 0.05000 0.50000
vt 0.05000 0.50000
vt 0.05000 0.50000
vt 0.05000 0.50000
vt 0.05000 0.50000
vt 0.05000 0.50000
vt 0.05000 0.50000
vt 0.05000 0.50000
vt 0.05000 0.00000
vt 0.05000 0.00000
vt 0.05000 0.00000
vt 0.05000 0.00000
vt 0.05000 0.00000
vt 0.05000 0.00000
vt 0.05000 0.00000
vt 0.05000 0.00000
vt 0.05000 0.00000
vt 0.05000 0.00000
vt 0.05000 0.00000
vt 0.05000 0.00000
vt 0.05000 0.00000
vt 0.05000 0.00000
vt 0.05000 0.00000
vt 0.05000 0.00000
vt 0.05000 0.00000
vt 0.05000 0.00000
vt 0.05000 0.00000
vt 0.05000 0.00000
vt 0.05000 0.11111
vt 0.05000 0.11111
vt 0.05000 0.11111
vt 0.05000 0.11111
vt 0.05000 0.11111
vt 0.05000 0.11111
vt 0.05000 0.11111
vt 0.05000 0.11111
vt 0.05000 0.11111
vt 0.05000 0.11111
vt 0.05000 0.11111
vt 0.05000 0.11111
vt 0.05000 0.11111
vt 0.05000 0.11111
vt 0.05000 0.11111
vt 0.05000 0.11111
vt 0.05000 0.11111
vt 0.05000 0.11111
vt 0.05000 0.11111
vt 0.05000 0.11111
vt 0.05000 0.22222
vt 0.05000 0.22222
vt 0.05000 0.22222
vt 0.05000 0.22222
vt 0.05000 0.22222
vt 0.05000 0.22222
vt 0.05000 0.22222
vt 0.05000 0.22222
vt 0.05000 0.22222
vt 0.05000 0.22222
vt 0.05000 0.22222
vt 0.05000 0.22222
vt 0.05000 0.22222
vt 0.05000 0.22222
vt 0.05000 0.22222
vt 0.05000 0.22222
vt 0.05000 0.22222
vt 0.05000 0.22222
vt 0.05000 0.22222
vt 0.05000 0.22222
vt 0.05000 0.33333
vt 0.05000 0.33333
vt 0.05000 0.33333
vt 0.05000 0.33333
vt 0.05000 0.33333
vt 0.05000 0.33333
vt 0.05000 0.33333
vt 0.05000 0.33333
vt 0.05000 0.33333
vt 0.05000 0.33333
vt 0.05000 0.33333
vt 0.05000 0.33333
vt 0.05000 0.33333
vt 0.05000 0.33333
vt 0.05000 0.33333
vt 0.05000 0.33333
vt 0.05000 0.33333
vt 0.05000 0.33333
vt 0.05000 0.33333
vt 0.05000 0.33333
vt 0.05000 0.44444
vt 0.05000 0.44444
vt 0.05000 0.44444
vt 0.05000 0.44444
vt 0.05000 0.44444
vt 0.05000 0.44444
vt 0.05000 0.44444
vt 0.05000 0.44444
vt 0.05000 0.44444
vt 0.05000 0.44444
vt 0.05000 0.44444
vt 0.05000 0.44444
vt 0.05000 0.44444
vt 0.05000 0.44444
vt 0.05000 0.44444
vt 0.05000 0.44444
vt 0.05000 0.44444
vt 0.05000 0.44444
vt 0.05000 0.44444
vt 0.05000 0.44444
vt 0.05000 0.55556
vt 0.05000 0.55556
vt 0.05000 0.55556
vt 0.05000 0.55556
vt 0.05000 0.55556
vt 0.05000 0.55556
vt 0.05000 0.55556
vt 0.05000 0.55556
vt 0.05000 0.55556
vt 0.05000 0.55556
vt 0.05000 0.55556
vt 0.05000 0.55556
vt 0.05000 0.55556
vt 0.05000 0.55556
vt 0.05000 0.55556
vt 0.05000 0.55556
vt 0.05000 0.55556
vt 0.05000 0.55556
vt 0.05000 0.55556
vt 0.05000 0.55556
vt 0.05000 0.66667
vt 0.05000 0.66667
vt 0.05000 0.66667
vt 0.05000 0.66667
vt 0.05000 0.66667
vt 0.05000 0.66667
vt 0.05000 0.66667
vt 0.05000 0.66667
vt 0.05000 0.66667
vt 0.05000 0.66667
vt 0.05000 0.66667
vt 0.05000 0.66667
vt 0.05000 0.66667
vt 0.05000 0.66667
vt 0.05000 0.66667
vt 0.05000 0.66667
vt 0.05000 0.66667
vt 0.05000 0.66667
vt 0.05000 0.66667
vt 0.05000 0.66667
vt 0.05000 0.77778
vt 0.05000 0.77778
vt 0.05000 0.77778
vt 0.05000 0.77778
vt 0.05000 0.77778
vt 0.05000 0.77778
vt 0.05000 0.77778
vt 0.05000 0.77778
vt 0.05000 0.77778
vt 0.05000 0.77778
vt 0.05000 0.77778
vt 0.05000 0.77778
vt 0.05000 0.77778
vt 0.05000 0.77778
vt 0.05000 0.77778
vt 0.05000 0.77778
vt 0.05000 0.77778
vt 0.05000 0.77778
vt 0.05000 0.77778
vt 0.05000 0.77778
vt 0.05000 0.88889
vt 0.05000 0.88889
vt 0.05000 0.88889
vt 0.05000 0.88889
vt 0.05000 0.88889
vt 0.05000 0.88889
vt 0.05000 0.88889
vt 0.05000 0.88889
vt 0.05000 0.88889
vt 0.05000 0.88889
vt 0.05000 0.88889
vt 0.05000 0.88889
vt 0.05000 0.88889
vt 0.05000 0.88889
vt 0.05000 0.88889
vt 0.05000 0.88889
vt 0.05000 0.88889
vt 0.05000 0.88889
vt 0.05000 0.88889
vt 0.05000 0.88889
vt 0.05000 1.00000
vt 0.05000 1.00000
vt 0.05000 1.00000
vt 0.05000 1.00000
vt 0.05000 1.00000
vt 0.05000 1.00000
vt 0.05000 1.00000
vt 0.05000 1.00000
vt 0.05000 1.00000
vt 0.05000 1.00000
vt 0.05000 1.00000
vt 0.05000 1.00000
vt 0.05000 1.00000
vt 0.05000 1.00000
vt 0.05000 1.00000
vt 0.05000 1.00000
vt 0.05000 1.00000
vt 0.05000 1.00000
vt 0.05000 1.00000
vt 0.05000 1.00000
vt 0.55000 0.50000
vt 0.55000 1.00000
vt 0.55000 1.00000
vt 0.55000 1.00000
vt 0.55000 1.00000
vt 0.55000 1.00000
vt 0.55000 1.00000
vt 0.55000 1.00000
vt 0.55000 1.00000
vt 0.55000 1.00000
vt 0.55000 1.00000
vt 0.55000 1.00000
vt 0.55000 1.00000
vt 0.55000 1.00000
vt 0.55000 1.00000
vt 0.55000 1.00000
vt 0.55000 1.00000
vt 0.55000 1.00000
vt 0.55000 1.00000
vt 0.55000 1.00000
vt 0.55000 1.00000
vn 0.96912 0.00000 -0.24660
vn 0.95875 0.11170 -0.26139
vn 0.92910 0.25030 -0.27227
vn 0.87438 0.39816 -0.27734
vn 0.79176 0.54542 -0.27501
vn 0.68198 0.68198 -0.26423
vn 0.55002 0.79843 -0.24493
vn 0.40444 0.88817 -0.21811
vn 0.25561 0.94881 -0.18554
vn 0.11442 0.98217 -0.14915
vn 0.00000 0.99387 -0.11056
vn -0.11442 0.98217 -0.14915
vn -0.25561 0.94881 -0.18554
vn -0.40444 0.88817 -0.21811
vn -0.55002 0.79843 -0.24493
vn -0.68198 0.68198 -0.26423
vn -0.79176 0.54542 -0.27501
vn -0.87438 0.39816 -0.27734
vn -0.92910 0.25030 -0.27227
vn -0.95875 0.11170 -0.26139
vn -0.96912 0.00000 -0.24660
vn -0.95875 -0.11170 -0.26139
vn -0.92910 -0.25030 -0.27227
vn -0.87438 -0.39816 -0.27734
vn -0.79176 -0.54542 -0.27501
vn -0.68198 -0.68198 -0.26423
vn -0.55002 -0.79843 -0.24493
vn -0.40444 -0.88817 -0.21811
vn -0.25561 -0.94881 -0.18554
vn -0.11442 -0.98217 -0.14915
vn -0.00000 -0.99387 -0.11056
vn 0.11442 -0.98217 -0.14915
vn 0.25561 -0.94881 -0.18554
vn 0.40444 -0.88817 -0.21811
vn 0.55002 -0.79843 -0.24493
vn 0.68198 -0.68198 -0.26423
vn 0.79176 -0.54542 -0.27501
vn 0.87438 -0.39816 -0.27734
vn 0.92910 -0.25030 -0.27227
vn 0.95875 -0.11170 -0.26139
vn 0.96946 0.00000 -0.24525
vn 0.95913 0.11174 -0.25998
vn 0.92949 0.25041 -0.27081
vn 0.87477 0.39834 -0.27586
vn 0.79211 0.54566 -0.27354
vn 0.68225 0.68225 -0.26282
vn 0.55020 0.79870 -0.24361
vn 0.40455 0.88841 -0.21693
vn 0.25566 0.94899 -0.18452
vn 0.11444 0.98229 -0.14833
vn 0.00000 0.99394 -0.10995
vn -0.11444 0.98229 -0.14833
vn -0.25566 0.94899 -0.18452
vn -0.40455 0.88841 -0.21693
vn -0.55020 0.79870 -0.24361
vn -0.68225 0.68225 -0.26282
vn -0.79211 0.54566 -0.27354
vn -0.87477 0.39834 -0.27586
vn -0.92949 0.25041 -0.27081
vn -0.95913 0.11174 -0.25998
vn -0.96946 0.00000 -0.24525
vn -0.95913 -0.11174 -0.25998
vn -0.92949 -0.25041 -0.27081
vn -0.87477 -0.39834 -0.27586
vn -0.79211 -0.54566 -0.27354
vn -0.68225 -0.68225 -0.26282
vn -0.55020 -0.79870 -0.24361
vn -0.40455 -0.88841 -0.21693
vn -0.25566 -0.94899 -0.18452
vn -0.11444 -0.98229 -0.14833
vn -0.00000 -0.99394 -0.10995
vn 0.11444 -0.98229 -0.14833
vn 0.25566 -0.94899 -0.18452
vn 0.40455 -0.88841 -0.21693
vn 0.55020 -0.79870 -0.24361
vn 0.68225 -0.68225 -0.26282
vn 0.79211 -0.54566 -0.27354
vn 0.87477 -0.39834 -0.27586
vn 0.92949 -0.25041 -0.27081
vn 0.95913 -0.11174 -0.25998
vn 0.97047 0.00000 -0.24123
vn 0.96025 0.11187 -0.25576
vn 0.93067 0.25073 -0.26644
vn 0.87592 0.39886 -0.27144
vn 0.79312 0.54636 -0.26916
vn 0.68306 0.68306 -0.25859
vn 0.55076 0.79951 -0.23967
vn 0.40488 0.88912 -0.21338
vn 0.25581 0.94954 -0.18148
vn 0.11448 0.98266 -0.14587
vn 0.00000 0.99414 -0.10813
vn -0.11448 0.98266 -0.14587
vn -0.25581 0.94954 -0.18148
vn -0.40488 0.88912 -0.21338
vn -0.55076 0.79951 -0.23967
vn -0.68306 0.68306 -0.25859
vn -0.79312 0.54636 -0.26916
vn -0.87592 0.39886 -0.27144
vn -0.93067 0.25073 -0.26644
vn -0.96025 0.11187 -0.25576
vn -0.97047 0.00000 -0.24123
vn -0.96025 -0.11187 -0.25576
vn -0.93067 -0.25073 -0.26644
vn -0.87592 -0.39886 -0.27144
vn -0.79312 -0.54636 -0.26916
vn -0.68306 -0.68306 -0.25859
vn -0.55076 -0.79951 -0.23967
vn -0.40488 -0.88912 -0.21338
vn -0.25581 -0.94954 -0.18148
vn -0.11448 -0.98266 -0.14587
vn -0.00000 -0.99414 -0.10813
vn 0.11448 -0.98266 -0.14587
vn 0.25581 -0.94954 -0.18148
vn 0.40488 -0.88912 -0.21338
vn 0.55076 -0.79951 -0.23967
vn 0.68306 -0.68306 -0.25859
vn 0.79312 -0.54636 -0.26916
vn 0.87592 -0.39886 -0.27144
vn 0.93067 -0.25073 -0.26644
vn 0.96025 -0.11187 -0.25576
vn 0.97211 0.00000 -0.23455
vn 0.96206 0.11208 -0.24874
vn 0.93258 0.25124 -0.25919
vn 0.87778 0.39971 -0.26409
vn 0.79477 0.54750 -0.26188
vn 0.68437 0.68437 -0.25157
vn 0.55167 0.80083 -0.23311
vn 0.40540 0.89028 -0.20749
vn 0.25605 0.95043 -0.17643
vn 0.11455 0.98325 -0.14179
vn 0.00000 0.99446 -0.10511
vn -0.11455 0.98325 -0.14179
vn -0.25605 0.95043 -0.17643
vn -0.40540 0.89028 -0.20749
vn -0.55167 0.80083 -0.23311
vn -0.68437 0.68437 -0.25157
vn -0.79477 0.54750 -0.26188
vn -0.87778 0.39971 -0.26409
vn -0.93258 0.25124 -0.25919
vn -0.96206 0.11208 -0.24874
vn -0.97211 0.00000 -0.23455
vn -0.96206 -0.11208 -0.24874
vn -0.93258 -0.25124 -0.25919
vn -0.87778 -0.39971 -0.26409
vn -0.79477 -0.54750 -0.26188
vn -0.68437 -0.68437 -0.25157
vn -0.55167 -0.80083 -0.23311
vn -0.40540 -0.89028 -0.20749
vn -0.25605 -0.95043 -0.17643
vn -0.11455 -0.98325 -0.14179
vn -0.00000 -0.99446 -0.10511
vn 0.11455 -0.98325 -0.14179
vn 0.25605 -0.95043 -0.17643
vn 0.40540 -0.89028 -0.20749
vn 0.55167 -0.80083 -0.23311
vn 0.68437 -0.68437 -0.25157
vn 0.79477 -0.54750 -0.26188
vn 0.87778 -0.39971 -0.26409
vn 0.93258 -0.25124 -0.25919
vn 0.96206 -0.11208 -0.24874
vn 0.97430 0.00000 -0.22524
vn 0.96450 0.11237 -0.23897
vn 0.93514 0.25193 -0.24908
vn 0.88028 0.40085 -0.25384
vn 0.79700 0.54903 -0.25173
vn 0.68613 0.68613 -0.24179
vn 0.55288 0.80259 -0.22399
vn 0.40611 0.89183 -0.19931
vn 0.25637 0.95162 -0.16942
vn 0.11464 0.98404 -0.13613
vn 0.00000 0.99489 -0.10092
vn -0.11464 0.98404 -0.13613
vn -0.25637 0.95162 -0.16942
vn -0.40611 0.89183 -0.19931
vn -0.55288 0.80259 -0.22399
vn -0.68613 0.68613 -0.24179
vn -0.79700 0.54903 -0.25173
vn -0.88028 0.40085 -0.25384
vn -0.93514 0.25193 -0.24908
vn -0.96450 0.11237 -0.23897
vn -0.97430 0.00000 -0.22524
vn -0.96450 -0.11237 -0.23897
vn -0.93514 -0.25193 -0.24908
vn -0.88028 -0.40085 -0.25384
vn -0.79700 -0.54903 -0.25173
vn -0.68613 -0.68613 -0.24179
vn -0.55288 -0.80259 -0.22399
vn -0.40611 -0.89183 -0.19931
vn -0.25637 -0.95162 -0.16942
vn -0.11464 -0.98404 -0.13613
vn -0.00000 -0.99489 -0.10092
vn 0.11464 -0.98404 -0.13613
vn 0.25637 -0.95162 -0.16942
vn 0.40611 -0.89183 -0.19931
vn 0.55288 -0.80259 -0.22399
vn 0.68613 -0.68613 -0.24179
vn 0.79700 -0.54903 -0.25173
vn 0.88028 -0.40085 -0.25384
vn 0.93514 -0.25193 -0.24908
vn 0.96450 -0.11237 -0.23897
vn 0.97697 0.00000 -0.21338
vn 0.96747 0.11271 -0.22649
vn 0.93826 0.25277 -0.23617
vn 0.88332 0.40223 -0.24074
vn 0.79970 0.55089 -0.23875
vn 0.68827 0.68827 -0.22930
vn 0.55436 0.80473 -0.21236
vn 0.40696 0.89370 -0.18889
vn 0.25676 0.95305 -0.16051
vn 0.11475 0.98499 -0.12894
vn 0.00000 0.99542 -0.09561
vn -0.11475 0.98499 -0.12894
vn -0.25676 0.95305 -0.16051
vn -0.40696 0.89370 -0.18889
vn -0.55436 0.80473 -0.21236
vn -0.68827 0.68827 -0.22930
vn -0.79970 0.55089 -0.23875
vn -0.88332 0.40223 -0.24074
vn -0.93826 0.25277 -0.23617
vn -0.96747 0.11271 -0.22649
vn -0.97697 0.00000 -0.21338
vn -0.96747 -0.11271 -0.22649
vn -0.93826 -0.25277 -0.23617
vn -0.88332 -0.40223 -0.24074
vn -0.79970 -0.55089 -0.23875
vn -0.68827 -0.68827 -0.22930
vn -0.55436 -0.80473 -0.21236
vn -0.40696 -0.89370 -0.18889
vn -0.25676 -0.95305 -0.16051
vn -0.11475 -0.98499 -0.12894
vn -0.00000 -0.99542 -0.09561
vn 0.11475 -0.98499 -0.12894
vn 0.25676 -0.95305 -0.16051
vn 0.40696 -0.89370 -0.18889
vn 0.55436 -0.80473 -0.21236
vn 0.68827 -0.68827 -0.22930
vn 0.79970 -0.55089 -0.23875
vn 0.88332 -0.40223 -0.24074
vn 0.93826 -0.25277 -0.23617
vn 0.96747 -0.11271 -0.22649
vn 0.97999 0.00000 -0.19904
vn 0.97083 0.11310 -0.21139
vn 0.94180 0.25373 -0.22054
vn 0.88678 0.40381 -0.22487
vn 0.80277 0.55300 -0.22304
vn 0.69070 0.69070 -0.21418
vn 0.55603 0.80716 -0.19830
vn 0.40793 0.89583 -0.17632
vn 0.25720 0.95468 -0.14977
vn 0.11488 0.98607 -0.12030
vn 0.00000 0.99601 -0.08923
vn -0.11488 0.98607 -0.12030
vn -0.25720 0.95468 -0.14977
vn -0.40793 0.89583 -0.17632
vn -0.55603 0.80716 -0.19830
vn -0.69070 0.69070 -0.21418
vn -0.80277 0.55300 -0.22304
vn -0.88678 0.40381 -0.22487
vn -0.94180 0.25373 -0.22054
vn -0.97083 0.11310 -0.21139
vn -0.97999 0.00000 -0.19904
vn -0.97083 -0.11310 -0.21139
vn -0.94180 -0.25373 -0.22054
vn -0.88678 -0.40381 -0.22487
vn -0.80277 -0.55300 -0.22304
vn -0.69070 -0.69070 -0.21418
vn -0.55603 -0.80716 -0.19830
vn -0.40793 -0.89583 -0.17632
vn -0.25720 -0.95468 -0.14977
vn -0.11488 -0.98607 -0.12030
vn -0.00000 -0.99601 -0.08923
vn 0.11488 -0.98607 -0.12030
vn 0.25720 -0.95468 -0.14977
vn 0.40793 -0.89583 -0.17632
vn 0.55603 -0.80716 -0.19830
vn 0.69070 -0.69070 -0.21418
vn 0.80277 -0.55300 -0.22304
vn 0.88678 -0.40381 -0.22487
vn 0.94180 -0.25373 -0.22054
vn 0.97083 -0.11310 -0.21139
vn 0.98324 0.00000 -0.18234
vn 0.97445 0.11353 -0.19379
vn 0.94561 0.25475 -0.20228
vn 0.89050 0.40550 -0.20633
vn 0.80608 0.55528 -0.20468
vn 0.69332 0.69332 -0.19654
vn 0.55783 0.80977 -0.18192
vn 0.40897 0.89811 -0.16170
vn 0.25767 0.95643 -0.13731
vn 0.11501 0.98722 -0.11029
vn 0.00000 0.99665 -0.08184
vn -0.11501 0.98722 -0.11029
vn -0.25767 0.95643 -0.13731
vn -0.40897 0.89811 -0.16170
vn -0.55783 0.80977 -0.18192
vn -0.69332 0.69332 -0.19654
vn -0.80608 0.55528 -0.20468
vn -0.89050 0.40550 -0.20633
vn -0.94561 0.25475 -0.20228
vn -0.97445 0.11353 -0.19379
vn -0.98324 0.00000 -0.18234
vn -0.97445 -0.11353 -0.19379
vn -0.94561 -0.25475 -0.20228
vn -0.89050 -0.40550 -0.20633
vn -0.80608 -0.55528 -0.20468
vn -0.69332 -0.69332 -0.19654
vn -0.55783 -0.80977 -0.18192
vn -0.40897 -0.89811 -0.16170
vn -0.25767 -0.95643 -0.13731
vn -0.11501 -0.98722 -0.11029
vn -0.00000 -0.99665 -0.08184
vn 0.11501 -0.98722 -0.11029
vn 0.25767 -0.95643 -0.13731
vn 0.40897 -0.89811 -0.16170
vn 0.55783 -0.80977 -0.18192
vn 0.69332 -0.69332 -0.19654
vn 0.80608 -0.55528 -0.20468
vn 0.89050 -0.40550 -0.20633
vn 0.94561 -0.25475 -0.20228
vn 0.97445 -0.11353 -0.19379
vn 0.98656 0.00000 -0.16342
vn 0.97816 0.11396 -0.17381
vn 0.94953 0.25581 -0.18155
vn 0.89433 0.40725 -0.18527
vn 0.80948 0.55763 -0.18383
vn 0.69600 0.69600 -0.17652
vn 0.55968 0.81245 -0.16335
vn 0.41003 0.90045 -0.14516
vn 0.25815 0.95821 -0.12325
vn 0.11515 0.98840 -0.09902
vn 0.00000 0.99729 -0.07354
vn -0.11515 0.98840 -0.09902
vn -0.25815 0.95821 -0.12325
vn -0.41003 0.90045 -0.14516
vn -0.55968 0.81245 -0.16335
vn -0.69600 0.69600 -0.17652
vn -0.80948 0.55763 -0.18383
vn -0.89433 0.40725 -0.18527
vn -0.94953 0.25581 -0.18155
vn -0.97816 0.11396 -0.17381
vn -0.98656 0.00000 -0.16342
vn -0.97816 -0.11396 -0.17381
vn -0.94953 -0.25581 -0.18155
vn -0.89433 -0.40725 -0.18527
vn -0.80948 -0.55763 -0.18383
vn -0.69600 -0.69600 -0.17652
vn -0.55968 -0.81245 -0.16335
vn -0.41003 -0.90045 -0.14516
vn -0.25815 -0.95821 -0.12325
vn -0.11515 -0.98840 -0.09902
vn -0.00000 -0.99729 -0.07354
vn 0.11515 -0.98840 -0.09902
vn 0.25815 -0.95821 -0.12325
vn 0.41003 -0.90045 -0.14516
vn 0.55968 -0.81245 -0.16335
vn 0.69600 -0.69600 -0.17652
vn 0.80948 -0.55763 -0.18383
vn 0.89433 -0.40725 -0.18527
vn 0.94953 -0.25581 -0.18155
vn 0.97816 -0.11396 -0.17381
vn 0.98980 0.00000 -0.14246
vn 0.98179 0.11438 -0.15165
vn 0.95336 0.25684 -0.15852
vn 0.89808 0.40896 -0.16187
vn 0.81282 0.55993 -0.16067
vn 0.69864 0.69864 -0.15430
vn 0.56148 0.81508 -0.14278
vn 0.41107 0.90273 -0.12687
vn 0.25862 0.95995 -0.10773
vn 0.11528 0.98955 -0.08659
vn 0.00000 0.99792 -0.06439
vn -0.11528 0.98955 -0.08659
vn -0.25862 0.95995 -0.10773
vn -0.41107 0.90273 -0.12687
vn -0.56148 0.81508 -0.14278
vn -0.69864 0.69864 -0.15430
vn -0.81282 0.55993 -0.16067
vn -0.89808 0.40896 -0.16187
vn -0.95336 0.25684 -0.15852
vn -0.98179 0.11438 -0.15165
vn -0.98980 0.00000 -0.14246
vn -0.98179 -0.11438 -0.15165
vn -0.95336 -0.25684 -0.15852
vn -0.89808 -0.40896 -0.16187
vn -0.81282 -0.55993 -0.16067
vn -0.69864 -0.69864 -0.15430
vn -0.56148 -0.81508 -0.14278
vn -0.41107 -0.90273 -0.12687
vn -0.25862 -0.95995 -0.10773
vn -0.11528 -0.98955 -0.08659
vn -0.00000 -0.99792 -0.06439
vn 0.11528 -0.98955 -0.08659
vn 0.25862 -0.95995 -0.10773
vn 0.41107 -0.90273 -0.12687
vn 0.56148 -0.81508 -0.14278
vn 0.69864 -0.69864 -0.15430
vn 0.81282 -0.55993 -0.16067
vn 0.89808 -0.40896 -0.16187
vn 0.95336 -0.25684 -0.15852
vn 0.98179 -0.11438 -0.15165
vn 0.99281 0.00000 -0.11968
vn 0.98517 0.11477 -0.12754
vn 0.95694 0.25780 -0.13344
vn 0.90158 0.41055 -0.13636
vn 0.81593 0.56207 -0.13542
vn 0.70110 0.70110 -0.13010
vn 0.56317 0.81752 -0.12042
vn 0.41204 0.90486 -0.10702
vn 0.25905 0.96157 -0.09092
vn 0.11541 0.99062 -0.07315
vn 0.00000 0.99851 -0.05452
vn -0.11541 0.99062 -0.07315
vn -0.25905 0.96157 -0.09092
vn -0.41204 0.90486 -0.10702
vn -0.56317 0.81752 -0.12042
vn -0.70110 0.70110 -0.13010
vn -0.81593 0.56207 -0.13542
vn -0.90158 0.41055 -0.13636
vn -0.95694 0.25780 -0.13344
vn -0.98517 0.11477 -0.12754
vn -0.99281 0.00000 -0.11968
vn -0.98517 -0.11477 -0.12754
vn -0.95694 -0.25780 -0.13344
vn -0.90158 -0.41055 -0.13636
vn -0.81593 -0.56207 -0.13542
vn -0.70110 -0.70110 -0.13010
vn -0.56317 -0.81752 -0.12042
vn -0.41204 -0.90486 -0.10702
vn -0.25905 -0.96157 -0.09092
vn -0.11541 -0.99062 -0.07315
vn -0.00000 -0.99851 -0.05452
vn 0.11541 -0.99062 -0.07315
vn 0.25905 -0.96157 -0.09092
vn 0.41204 -0.90486 -0.10702
vn 0.56317 -0.81752 -0.12042
vn 0.70110 -0.70110 -0.13010
vn 0.81593 -0.56207 -0.13542
vn 0.90158 -0.41055 -0.13636
vn 0.95694 -0.25780 -0.13344
vn 0.98517 -0.11477 -0.12754
vn 0.99545 0.00000 -0.09534
vn 0.98813 0.11512 -0.10174
vn 0.96007 0.25865 -0.10658
vn 0.90466 0.41195 -0.10903
vn 0.81866 0.56395 -0.10837
vn 0.70326 0.70326 -0.10419
vn 0.56465 0.81967 -0.09650
vn 0.41289 0.90673 -0.08583
vn 0.25944 0.96300 -0.07301
vn 0.11552 0.99156 -0.05885
vn 0.00000 0.99903 -0.04402
vn -0.11552 0.99156 -0.05885
vn -0.25944 0.96300 -0.07301
vn -0.41289 0.90673 -0.08583
vn -0.56465 0.81967 -0.09650
vn -0.70326 0.70326 -0.10419
vn -0.81866 0.56395 -0.10837
vn -0.90466 0.41195 -0.10903
vn -0.96007 0.25865 -0.10658
vn -0.98813 0.11512 -0.10174
vn -0.99545 0.00000 -0.09534
vn -0.98813 -0.11512 -0.10174
vn -0.96007 -0.25865 -0.10658
vn -0.90466 -0.41195 -0.10903
vn -0.81866 -0.56395 -0.10837
vn -0.70326 -0.70326 -0.10419
vn -0.56465 -0.81967 -0.09650
vn -0.41289 -0.90673 -0.08583
vn -0.25944 -0.96300 -0.07301
vn -0.11552 -0.99156 -0.05885
vn -0.00000 -0.99903 -0.04402
vn 0.11552 -0.99156 -0.05885
vn 0.25944 -0.96300 -0.07301
vn 0.41289 -0.90673 -0.08583
vn 0.56465 -0.81967 -0.09650
vn 0.70326 -0.70326 -0.10419
vn 0.81866 -0.56395 -0.10837
vn 0.90466 -0.41195 -0.10903
vn 0.96007 -0.25865 -0.10658
vn 0.98813 -0.11512 -0.10174
vn 0.99757 0.00000 -0.06973
vn 0.99052 0.11540 -0.07457
vn 0.96261 0.25933 -0.07827
vn 0.90715 0.41309 -0.08020
vn 0.82088 0.56548 -0.07985
vn 0.70501 0.70501 -0.07688
vn 0.56585 0.82142 -0.07132
vn 0.41358 0.90825 -0.06356
vn 0.25975 0.96415 -0.05420
vn 0.11561 0.99233 -0.04385
vn 0.00000 0.99945 -0.03301
vn -0.11561 0.99233 -0.04385
vn -0.25975 0.96415 -0.05420
vn -0.41358 0.90825 -0.06356
vn -0.56585 0.82142 -0.07132
vn -0.70501 0.70501 -0.07688
vn -0.82088 0.56548 -0.07985
vn -0.90715 0.41309 -0.08020
vn -0.96261 0.25933 -0.07827
vn -0.99052 0.11540 -0.07457
vn -0.99757 0.00000 -0.06973
vn -0.99052 -0.11540 -0.07457
vn -0.96261 -0.25933 -0.07827
vn -0.90715 -0.41309 -0.08020
vn -0.82088 -0.56548 -0.07985
vn -0.70501 -0.70501 -0.07688
vn -0.56585 -0.82142 -0.07132
vn -0.41358 -0.90825 -0.06356
vn -0.25975 -0.96415 -0.05420
vn -0.11561 -0.99233 -0.04385
vn -0.00000 -0.99945 -0.03301
vn 0.11561 -0.99233 -0.04385
vn 0.25975 -0.96415 -0.05420
vn 0.41358 -0.90825 -0.06356
vn 0.56585 -0.82142 -0.07132
vn 0.70501 -0.70501 -0.07688
vn 0.82088 -0.56548 -0.07985
vn 0.90715 -0.41309 -0.08020
vn 0.96261 -0.25933 -0.07827
vn 0.99052 -0.11540 -0.07457
vn 0.99907 0.00000 -0.04318
vn 0.99221 0.11559 -0.04638
vn 0.96442 0.25982 -0.04887
vn 0.90893 0.41390 -0.05026
vn 0.82248 0.56658 -0.05022
vn 0.70627 0.70627 -0.04853
vn 0.56672 0.82267 -0.04520
vn 0.41408 0.90934 -0.04047
vn 0.25997 0.96499 -0.03472
vn 0.11567 0.99288 -0.02833
vn 0.00000 0.99977 -0.02163
vn -0.11567 0.99288 -0.02833
vn -0.25997 0.96499 -0.03472
vn -0.41408 0.90934 -0.04047
vn -0.56672 0.82267 -0.04520
vn -0.70627 0.70627 -0.04853
vn -0.82248 0.56658 -0.05022
vn -0.90893 0.41390 -0.05026
vn -0.96442 0.25982 -0.04887
vn -0.99221 0.11559 -0.04638
vn -0.99907 0.00000 -0.04318
vn -0.99221 -0.11559 -0.04638
vn -0.96442 -0.25982 -0.04887
vn -0.90893 -0.41390 -0.05026
vn -0.82248 -0.56658 -0.05022
vn -0.70627 -0.70627 -0.04853
vn -0.56672 -0.82267 -0.04520
vn -0.41408 -0.90934 -0.04047
vn -0.25997 -0.96499 -0.03472
vn -0.11567 -0.99288 -0.02833
vn -0.00000 -0.99977 -0.02163
vn 0.11567 -0.99288 -0.02833
vn 0.25997 -0.96499 -0.03472
vn 0.41408 -0.90934 -0.04047
vn 0.56672 -0.82267 -0.04520
vn 0.70627 -0.70627 -0.04853
vn 0.82248 -0.56658 -0.05022
vn 0.90893 -0.41390 -0.05026
vn 0.96442 -0.25982 -0.04887
vn 0.99221 -0.11559 -0.04638
vn 0.99987 0.00000 -0.01618
vn 0.99313 0.11570 -0.01769
vn 0.96540 0.26008 -0.01894
vn 0.90991 0.41434 -0.01977
vn 0.82335 0.56718 -0.02004
vn 0.70697 0.70697 -0.01965
vn 0.56720 0.82337 -0.01861
vn 0.41436 0.90995 -0.01698
vn 0.26010 0.96547 -0.01491
vn 0.11571 0.99320 -0.01256
vn 0.00000 0.99995 -0.01005
vn -0.11571 0.99320 -0.01256
vn -0.26010 0.96547 -0.01491
vn -0.41436 0.90995 -0.01698
vn -0.56720 0.82337 -0.01861
vn -0.70697 0.70697 -0.01965
vn -0.82335 0.56718 -0.02004
vn -0.90991 0.41434 -0.01977
vn -0.96540 0.26008 -0.01894
vn -0.99313 0.11570 -0.01769
vn -0.99987 0.00000 -0.01618
vn -0.99313 -0.11570 -0.01769
vn -0.96540 -0.26008 -0.01894
vn -0.90991 -0.41434 -0.01977
vn -0.82335 -0.56718 -0.02004
vn -0.70697 -0.70697 -0.01965
vn -0.56720 -0.82337 -0.01861
vn -0.41436 -0.90995 -0.01698
vn -0.26010 -0.96547 -0.01491
vn -0.11571 -0.99320 -0.01256
vn -0.00000 -0.99995 -0.01005
vn 0.11571 -0.99320 -0.01256
vn 0.26010 -0.96547 -0.01491
vn 0.41436 -0.90995 -0.01698
vn 0.56720 -0.82337 -0.01861
vn 0.70697 -0.70697 -0.01965
vn 0.82335 -0.56718 -0.02004
vn 0.90991 -0.41434 -0.01977
vn 0.96540 -0.26008 -0.01894
vn 0.99313 -0.11570 -0.01769
vn 0.99999 0.00000 0.00398
vn 0.99328 0.11572 0.00362
vn 0.96557 0.26013 0.00320
vn 0.91008 0.41442 0.00268
vn 0.82351 0.56729 0.00207
vn 0.70711 0.70711 0.00138
vn 0.56730 0.82351 0.00065
vn 0.41442 0.91009 -0.00010
vn 0.26013 0.96557 -0.00081
vn 0.11572 0.99328 -0.00149
vn 0.00000 1.00000 -0.00213
vn -0.11572 0.99328 -0.00149
vn -0.26013 0.96557 -0.00081
vn -0.41442 0.91009 -0.00010
vn -0.56730 0.82351 0.00065
vn -0.70711 0.70711 0.00138
vn -0.82351 0.56729 0.00207
vn -0.91008 0.41442 0.00268
vn -0.96557 0.26013 0.00320
vn -0.99328 0.11572 0.00362
vn -0.99999 0.00000 0.00398
vn -0.99328 -0.11572 0.00362
vn -0.96557 -0.26013 0.00320
vn -0.91008 -0.41442 0.00268
vn -0.82351 -0.56729 0.00207
vn -0.70711 -0.70711 0.00138
vn -0.56730 -0.82351 0.00065
vn -0.41442 -0.91009 -0.00010
vn -0.26013 -0.96557 -0.00081
vn -0.11572 -0.99328 -0.00149
vn -0.00000 -1.00000 -0.00213
vn 0.11572 -0.99328 -0.00149
vn 0.26013 -0.96557 -0.00081
vn 0.41442 -0.91009 -0.00010
vn 0.56730 -0.82351 0.00065
vn 0.70711 -0.70711 0.00138
vn 0.82351 -0.56729 0.00207
vn 0.91008 -0.41442 0.00268
vn 0.96557 -0.26013 0.00320
vn 0.99328 -0.11572 0.00362
vn 0.99991 0.00000 0.01315
vn 0.99320 0.11571 0.01309
vn 0.96549 0.26011 0.01281
vn 0.91002 0.41439 0.01220
vn 0.82346 0.56726 0.01122
vn 0.70707 0.70707 0.00986
vn 0.56728 0.82349 0.00815
vn 0.41441 0.91007 0.00622
vn 0.26013 0.96557 0.00416
vn 0.11572 0.99328 0.00207
vn 0.00000 1.00000 0.00000
vn -0.11572 0.99328 0.00207
vn -0.26013 0.96557 0.00416
vn -0.41441 0.91007 0.00622
vn -0.56728 0.82349 0.00815
vn -0.70707 0.70707 0.00986
vn -0.82346 0.56726 0.01122
vn -0.91002 0.41439 0.01220
vn -0.96549 0.26011 0.01281
vn -0.99320 0.11571 0.01309
vn -0.99991 0.00000 0.01315
vn -0.99320 -0.11571 0.01309
vn -0.96549 -0.26011 0.01281
vn -0.91002 -0.41439 0.01220
vn -0.82346 -0.56726 0.01122
vn -0.70707 -0.70707 0.00986
vn -0.56728 -0.82349 0.00815
vn -0.41441 -0.91007 0.00622
vn -0.26013 -0.96557 0.00416
vn -0.11572 -0.99328 0.00207
vn -0.00000 -1.00000 0.00000
vn 0.11572 -0.99328 0.00207
vn 0.26013 -0.96557 0.00416
vn 0.41441 -0.91007 0.00622
vn 0.56728 -0.82349 0.00815
vn 0.70707 -0.70707 0.00986
vn 0.82346 -0.56726 0.01122
vn 0.91002 -0.41439 0.01220
vn 0.96549 -0.26011 0.01281
vn 0.99320 -0.11571 0.01309
vn 0.99983 0.00000 0.01817
vn 0.99312 0.11570 0.01808
vn 0.96542 0.26009 0.01769
vn 0.90996 0.41436 0.01685
vn 0.82342 0.56723 0.01550
vn 0.70704 0.70704 0.01361
vn 0.56726 0.82346 0.01126
vn 0.41441 0.91005 0.00859
vn 0.26013 0.96556 0.00575
vn 0.11572 0.99328 0.00286
vn 0.00000 1.00000 0.00000
vn -0.11572 0.99328 0.00286
vn -0.26013 0.96556 0.00575
vn -0.41441 0.91005 0.00859
vn -0.56726 0.82346 0.01126
vn -0.70704 0.70704 0.01361
vn -0.82342 0.56723 0.01550
vn -0.90996 0.41436 0.01685
vn -0.96542 0.26009 0.01769
vn -0.99312 0.11570 0.01808
vn -0.99983 0.00000 0.01817
vn -0.99312 -0.11570 0.01808
vn -0.96542 -0.26009 0.01769
vn -0.90996 -0.41436 0.01685
vn -0.82342 -0.56723 0.01550
vn -0.70704 -0.70704 0.01361
vn -0.56726 -0.82346 0.01126
vn -0.41441 -0.91005 0.00859
vn -0.26013 -0.96556 0.00575
vn -0.11572 -0.99328 0.00286
vn -0.00000 -1.00000 0.00000
vn 0.11572 -0.99328 0.00286
vn 0.26013 -0.96556 0.00575
vn 0.41441 -0.91005 0.00859
vn 0.56726 -0.82346 0.01126
vn 0.70704 -0.70704 0.01361
vn 0.82342 -0.56723 0.01550
vn 0.90996 -0.41436 0.01685
vn 0.96542 -0.26009 0.01769
vn 0.99312 -0.11570 0.01808
vn 0.99974 0.00000 0.02293
vn 0.99302 0.11569 0.02282
vn 0.96533 0.26007 0.02233
vn 0.90988 0.41433 0.02127
vn 0.82336 0.56719 0.01956
vn 0.70700 0.70700 0.01718
vn 0.56724 0.82343 0.01421
vn 0.41440 0.91003 0.01084
vn 0.26012 0.96555 0.00726
vn 0.11572 0.99328 0.00362
vn 0.00000 1.00000 0.00000
vn -0.11572 0.99328 0.00362
vn -0.26012 0.96555 0.00726
vn -0.41440 0.91003 0.01084
vn -0.56724 0.82343 0.01421
vn -0.70700 0.70700 0.01718
vn -0.82336 0.56719 0.01956
vn -0.90988 0.41433 0.02127
vn -0.96533 0.26007 0.02233
vn -0.99302 0.11569 0.02282
vn -0.99974 0.00000 0.02293
vn -0.99302 -0.11569 0.02282
vn -0.96533 -0.26007 0.02233
vn -0.90988 -0.41433 0.02127
vn -0.82336 -0.56719 0.01956
vn -0.70700 -0.70700 0.01718
vn -0.56724 -0.82343 0.01421
vn -0.41440 -0.91003 0.01084
vn -0.26012 -0.96555 0.00726
vn -0.11572 -0.99328 0.00362
vn -0.00000 -1.00000 0.00000
vn 0.11572 -0.99328 0.00362
vn 0.26012 -0.96555 0.00726
vn 0.41440 -0.91003 0.01084
vn 0.56724 -0.82343 0.01421
vn 0.70700 -0.70700 0.01718
vn 0.82336 -0.56719 0.01956
vn 0.90988 -0.41433 0.02127
vn 0.96533 -0.26007 0.02233
vn 0.99302 -0.11569 0.02282
vn 0.99963 0.00000 0.02738
vn 0.99291 0.11568 0.02725
vn 0.96523 0.26004 0.02666
vn 0.90979 0.41429 0.02541
vn 0.82329 0.56714 0.02336
vn 0.70696 0.70696 0.02052
vn 0.56721 0.82340 0.01698
vn 0.41439 0.91001 0.01295
vn 0.26012 0.96554 0.00867
vn 0.11572 0.99327 0.00432
vn 0.00000 1.00000 0.00000
vn -0.11572 0.99327 0.00432
vn -0.26012 0.96554 0.00867
vn -0.41439 0.91001 0.01295
vn -0.56721 0.82340 0.01698
vn -0.70696 0.70696 0.02052
vn -0.82329 0.56714 0.02336
vn -0.90979 0.41429 0.02541
vn -0.96523 0.26004 0.02666
vn -0.99291 0.11568 0.02725
vn -0.99963 0.00000 0.02738
vn -0.99291 -0.11568 0.02725
vn -0.96523 -0.26004 0.02666
vn -0.90979 -0.41429 0.02541
vn -0.82329 -0.56714 0.02336
vn -0.70696 -0.70696 0.02052
vn -0.56721 -0.82340 0.01698
vn -0.41439 -0.91001 0.01295
vn -0.26012 -0.96554 0.00867
vn -0.11572 -0.99327 0.00432
vn -0.00000 -1.00000 0.00000
vn 0.11572 -0.99327 0.00432
vn 0.26012 -0.96554 0.00867
vn 0.41439 -0.91001 0.01295
vn 0.56721 -0.82340 0.01698
vn 0.70696 -0.70696 0.02052
vn 0.82329 -0.56714 0.02336
vn 0.90979 -0.41429 0.02541
vn 0.96523 -0.26004 0.02666
vn 0.99291 -0.11568 0.02725
vn 0.99950 0.00000 0.03146
vn 0.99279 0.11566 0.03132
vn 0.96512 0.26001 0.03064
vn 0.90970 0.41424 0.02919
vn 0.82322 0.56709 0.02685
vn 0.70691 0.70691 0.02358
vn 0.56719 0.82336 0.01951
vn 0.41438 0.90998 0.01488
vn 0.26012 0.96553 0.00996
vn 0.11572 0.99327 0.00496
vn 0.00000 1.00000 0.00000
vn -0.11572 0.99327 0.00496
vn -0.26012 0.96553 0.00996
vn -0.41438 0.90998 0.01488
vn -0.56719 0.82336 0.01951
vn -0.70691 0.70691 0.02358
vn -0.82322 0.56709 0.02685
vn -0.90970 0.41424 0.02919
vn -0.96512 0.26001 0.03064
vn -0.99279 0.11566 0.03132
vn -0.99950 0.00000 0.03146
vn -0.99279 -0.11566 0.03132
vn -0.96512 -0.26001 0.03064
vn -0.90970 -0.41424 0.02919
vn -0.82322 -0.56709 0.02685
vn -0.70691 -0.70691 0.02358
vn -0.56719 -0.82336 0.01951
vn -0.41438 -0.90998 0.01488
vn -0.26012 -0.96553 0.00996
vn -0.11572 -0.99327 0.00496
vn -0.00000 -1.00000 0.00000
vn 0.11572 -0.99327 0.00496
vn 0.26012 -0.96553 0.00996
vn 0.41438 -0.90998 0.01488
vn 0.56719 -0.82336 0.01951
vn 0.70691 -0.70691 0.02358
vn 0.82322 -0.56709 0.02685
vn 0.90970 -0.41424 0.02919
vn 0.96512 -0.26001 0.03064
vn 0.99279 -0.11566 0.03132
vn 0.99938 0.00000 0.03512
vn 0.99268 0.11565 0.03495
vn 0.96501 0.25998 0.03419
vn 0.90960 0.41420 0.03258
vn 0.82314 0.56704 0.02996
vn 0.70686 0.70686 0.02632
vn 0.56716 0.82332 0.02178
vn 0.41436 0.90996 0.01661
vn 0.26011 0.96551 0.01112
vn 0.11572 0.99327 0.00554
vn 0.00000 1.00000 0.00000
vn -0.11572 0.99327 0.00554
vn -0.26011 0.96551 0.01112
vn -0.41436 0.90996 0.01661
vn -0.56716 0.82332 0.02178
vn -0.70686 0.70686 0.02632
vn -0.82314 0.56704 0.02996
vn -0.90960 0.41420 0.03258
vn -0.96501 0.25998 0.03419
vn -0.99268 0.11565 0.03495
vn -0.99938 0.00000 0.03512
vn -0.99268 -0.11565 0.03495
vn -0.96501 -0.25998 0.03419
vn -0.90960 -0.41420 0.03258
vn -0.82314 -0.56704 0.02996
vn -0.70686 -0.70686 0.02632
vn -0.56716 -0.82332 0.02178
vn -0.41436 -0.90996 0.01661
vn -0.26011 -0.96551 0.01112
vn -0.11572 -0.99327 0.00554
vn -0.00000 -1.00000 0.00000
vn 0.11572 -0.99327 0.00554
vn 0.26011 -0.96551 0.01112
vn 0.41436 -0.90996 0.01661
vn 0.56716 -0.82332 0.02178
vn 0.70686 -0.70686 0.02632
vn 0.82314 -0.56704 0.02996
vn 0.90960 -0.41420 0.03258
vn 0.96501 -0.25998 0.03419
vn 0.99268 -0.11565 0.03495
vn 0.99927 0.00000 0.03830
vn 0.99255 0.11563 0.03831
vn 0.96489 0.25995 0.03768
vn 0.90949 0.41415 0.03611
vn 0.82305 0.56698 0.03343
vn 0.70680 0.70680 0.02961
vn 0.56712 0.82326 0.02479
vn 0.41434 0.90992 0.01924
vn 0.26011 0.96549 0.01331
vn 0.11572 0.99326 0.00726
vn 0.00000 1.00000 0.00122
vn -0.11572 0.99326 0.00726
vn -0.26011 0.96549 0.01331
vn -0.41434 0.90992 0.01924
vn -0.56712 0.82326 0.02479
vn -0.70680 0.70680 0.02961
vn -0.82305 0.56698 0.03343
vn -0.90949 0.41415 0.03611
vn -0.96489 0.25995 0.03768
vn -0.99255 0.11563 0.03831
vn -0.99927 0.00000 0.03830
vn -0.99255 -0.11563 0.03831
vn -0.96489 -0.25995 0.03768
vn -0.90949 -0.41415 0.03611
vn -0.82305 -0.56698 0.03343
vn -0.70680 -0.70680 0.02961
vn -0.56712 -0.82326 0.02479
vn -0.41434 -0.90992 0.01924
vn -0.26011 -0.96549 0.01331
vn -0.11572 -0.99326 0.00726
vn -0.00000 -1.00000 0.00122
vn 0.11572 -0.99326 0.00726
vn 0.26011 -0.96549 0.01331
vn 0.41434 -0.90992 0.01924
vn 0.56712 -0.82326 0.02479
vn 0.70680 -0.70680 0.02961
vn 0.82305 -0.56698 0.03343
vn 0.90949 -0.41415 0.03611
vn 0.96489 -0.25995 0.03768
vn 0.99255 -0.11563 0.03831
vn 0.99834 0.00000 0.05760
vn 0.99141 0.11550 0.06135
vn 0.96358 0.25959 0.06415
vn 0.90813 0.41353 0.06549
vn 0.82178 0.56610 0.06496
vn 0.70573 0.70573 0.06229
vn 0.56636 0.82215 0.05752
vn 0.41388 0.90890 0.05097
vn 0.25989 0.96467 0.04315
vn 0.11565 0.99269 0.03457
vn 0.00000 0.99967 0.02560
vn -0.11565 0.99269 0.03457
vn -0.25989 0.96467 0.04315
vn -0.41388 0.90890 0.05097
vn -0.56636 0.82215 0.05752
vn -0.70573 0.70573 0.06229
vn -0.82178 0.56610 0.06496
vn -0.90813 0.41353 0.06549
vn -0.96358 0.25959 0.06415
vn -0.99141 0.11550 0.06135
vn -0.99834 0.00000 0.05760
vn -0.99141 -0.11550 0.06135
vn -0.96358 -0.25959 0.06415
vn -0.90813 -0.41353 0.06549
vn -0.82178 -0.56610 0.06496
vn -0.70573 -0.70573 0.06229
vn -0.56636 -0.82215 0.05752
vn -0.41388 -0.90890 0.05097
vn -0.25989 -0.96467 0.04315
vn -0.11565 -0.99269 0.03457
vn -0.00000 -0.99967 0.02560
vn 0.11565 -0.99269 0.03457
vn 0.25989 -0.96467 0.04315
vn 0.41388 -0.90890 0.05097
vn 0.56636 -0.82215 0.05752
vn 0.70573 -0.70573 0.06229
vn 0.82178 -0.56610 0.06496
vn 0.90813 -0.41353 0.06549
vn 0.96358 -0.25959 0.06415
vn 0.99141 -0.11550 0.06135
vn 0.99192 0.00000 0.12687
vn 0.98435 0.11468 0.13378
vn 0.95625 0.25762 0.13862
vn 0.90108 0.41032 0.14032
vn 0.81563 0.56187 0.13802
vn 0.70099 0.70099 0.13122
vn 0.56319 0.81756 0.12002
vn 0.41212 0.90504 0.10513
vn 0.25913 0.96186 0.08762
vn 0.11545 0.99095 0.06855
vn 0.00000 0.99881 0.04872
vn -0.11545 0.99095 0.06855
vn -0.25913 0.96186 0.08762
vn -0.41212 0.90504 0.10513
vn -0.56319 0.81756 0.12002
vn -0.70099 0.70099 0.13122
vn -0.81563 0.56187 0.13802
vn -0.90108 0.41032 0.14032
vn -0.95625 0.25762 0.13862
vn -0.98435 0.11468 0.13378
vn -0.99192 0.00000 0.12687
vn -0.98435 -0.11468 0.13378
vn -0.95625 -0.25762 0.13862
vn -0.90108 -0.41032 0.14032
vn -0.81563 -0.56187 0.13802
vn -0.70099 -0.70099 0.13122
vn -0.56319 -0.81756 0.12002
vn -0.41212 -0.90504 0.10513
vn -0.25913 -0.96186 0.08762
vn -0.11545 -0.99095 0.06855
vn -0.00000 -0.99881 0.04872
vn 0.11545 -0.99095 0.06855
vn 0.25913 -0.96186 0.08762
vn 0.41212 -0.90504 0.10513
vn 0.56319 -0.81756 0.12002
vn 0.70099 -0.70099 0.13122
vn 0.81563 -0.56187 0.13802
vn 0.90108 -0.41032 0.14032
vn 0.95625 -0.25762 0.13862
vn 0.98435 -0.11468 0.13378
vn 0.98447 0.00000 0.17553
vn 0.97668 0.11378 0.18206
vn 0.94877 0.25560 0.18575
vn 0.89434 0.40725 0.18521
vn 0.81016 0.55809 0.17939
vn 0.69709 0.69709 0.16771
vn 0.56084 0.81415 0.15040
vn 0.41099 0.90254 0.12847
vn 0.25874 0.96040 0.10335
vn 0.11538 0.99038 0.07644
vn 0.00000 0.99881 0.04872
vn -0.11538 0.99038 0.07644
vn -0.25874 0.96040 0.10335
vn -0.41099 0.90254 0.12847
vn -0.56084 0.81415 0.15040
vn -0.69709 0.69709 0.16771
vn -0.81016 0.55809 0.17939
vn -0.89434 0.40725 0.18521
vn -0.94877 0.25560 0.18575
vn -0.97668 0.11378 0.18206
vn -0.98447 0.00000 0.17553
vn -0.97668 -0.11378 0.18206
vn -0.94877 -0.25560 0.18575
vn -0.89434 -0.40725 0.18521
vn -0.81016 -0.55809 0.17939
vn -0.69709 -0.69709 0.16771
vn -0.56084 -0.81415 0.15040
vn -0.41099 -0.90254 0.12847
vn -0.25874 -0.96040 0.10335
vn -0.11538 -0.99038 0.07644
vn -0.00000 -0.99881 0.04872
vn 0.11538 -0.99038 0.07644
vn 0.25874 -0.96040 0.10335
vn 0.41099 -0.90254 0.12847
vn 0.56084 -0.81415 0.15040
vn 0.69709 -0.69709 0.16771
vn 0.81016 -0.55809 0.17939
vn 0.89434 -0.40725 0.18521
vn 0.94877 -0.25560 0.18575
vn 0.97668 -0.11378 0.18206
vn 0.98518 0.00000 0.17155
vn 0.97740 0.11387 0.17811
vn 0.94947 0.25579 0.18189
vn 0.89496 0.40754 0.18154
vn 0.81066 0.55844 0.17600
vn 0.69745 0.69745 0.16471
vn 0.56106 0.81446 0.14790
vn 0.41109 0.90277 0.12654
vn 0.25877 0.96053 0.10205
vn 0.11539 0.99043 0.07579
vn 0.00000 0.99881 0.04872
vn -0.11539 0.99043 0.07579
vn -0.25877 0.96053 0.10205
vn -0.41109 0.90277 0.12654
vn -0.56106 0.81446 0.14790
vn -0.69745 0.69745 0.16471
vn -0.81066 0.55844 0.17600
vn -0.89496 0.40754 0.18154
vn -0.94947 0.25579 0.18189
vn -0.97740 0.11387 0.17811
vn -0.98518 0.00000 0.17155
vn -0.97740 -0.11387 0.17811
vn -0.94947 -0.25579 0.18189
vn -0.89496 -0.40754 0.18154
vn -0.81066 -0.55844 0.17600
vn -0.69745 -0.69745 0.16471
vn -0.56106 -0.81446 0.14790
vn -0.41109 -0.90277 0.12654
vn -0.25877 -0.96053 0.10205
vn -0.11539 -0.99043 0.07579
vn -0.00000 -0.99881 0.04872
vn 0.11539 -0.99043 0.07579
vn 0.25877 -0.96053 0.10205
vn 0.41109 -0.90277 0.12654
vn 0.56106 -0.81446 0.14790
vn 0.69745 -0.69745 0.16471
vn 0.81066 -0.55844 0.17600
vn 0.89496 -0.40754 0.18154
vn 0.94947 -0.25579 0.18189
vn 0.97740 -0.11387 0.17811
vn 0.98555 0.00000 0.16939
vn 0.97778 0.11391 0.17597
vn 0.94984 0.25589 0.17980
vn 0.89530 0.40769 0.17955
vn 0.81093 0.55863 0.17416
vn 0.69764 0.69764 0.16309
vn 0.56117 0.81462 0.14655
vn 0.41114 0.90289 0.12550
vn 0.25879 0.96060 0.10135
vn 0.11539 0.99045 0.07543
vn 0.00000 0.99881 0.04872
vn -0.11539 0.99045 0.07543
vn -0.25879 0.96060 0.10135
vn -0.41114 0.90289 0.12550
vn -0.56117 0.81462 0.14655
vn -0.69764 0.69764 0.16309
vn -0.81093 0.55863 0.17416
vn -0.89530 0.40769 0.17955
vn -0.94984 0.25589 0.17980
vn -0.97778 0.11391 0.17597
vn -0.98555 0.00000 0.16939
vn -0.97778 -0.11391 0.17597
vn -0.94984 -0.25589 0.17980
vn -0.89530 -0.40769 0.17955
vn -0.81093 -0.55863 0.17416
vn -0.69764 -0.69764 0.16309
vn -0.56117 -0.81462 0.14655
vn -0.41114 -0.90289 0.12550
vn -0.25879 -0.96060 0.10135
vn -0.11539 -0.99045 0.07543
vn -0.00000 -0.99881 0.04872
vn 0.11539 -0.99045 0.07543
vn 0.25879 -0.96060 0.10135
vn 0.41114 -0.90289 0.12550
vn 0.56117 -0.81462 0.14655
vn 0.69764 -0.69764 0.16309
vn 0.81093 -0.55863 0.17416
vn 0.89530 -0.40769 0.17955
vn 0.94984 -0.25589 0.17980
vn 0.97778 -0.11391 0.17597
vn 0.00000 0.00000 1.00000
vn 0.00000 0.00000 1.00000
vn 0.00000 0.00000 1.00000
vn 0.00000 0.00000 1.00000
vn 0.00000 0.00000 1.00000
vn 0.00000 0.00000 1.00000
vn 0.00000 0.00000 1.00000
vn 0.00000 0.00000 1.00000
vn 0.00000 0.00000 1.00000
vn 0.00000 0.00000 1.00000
vn 0.00000 0.00000 1.00000
vn 0.00000 0.00000 1.00000
vn 0.00000 0.00000 1.00000
vn 0.00000 0.00000 1.00000
vn 0.00000 0.00000 1.00000
vn 0.00000 0.00000 1.00000
vn 0.00000 0.00000 1.00000
vn 0.00000 0.00000 1.00000
vn 0.00000 0.00000 1.00000
vn 0.00000 0.00000 1.00000
vn 0.00000 0.00000 1.00000
vn 0.00000 0.00000 1.00000
vn 0.00000 0.00000 1.00000
vn 0.00000 0.00000 1.00000
vn 0.00000 0.00000 1.00000
vn 0.00000 0.00000 1.00000
vn 0.00000 0.00000 1.00000
vn 0.00000 0.00000 1.00000
vn 0.00000 0.00000 1.00000
vn 0.00000 0.00000 1.00000
vn 0.00000 0.00000 1.00000
vn 0.00000 0.00000 1.00000
vn 0.00000 0.00000 1.00000
vn 0.00000 0.00000 1.00000
vn 0.00000 0.00000 1.00000
vn 0.00000 0.00000 1.00000
vn 0.00000 0.00000 1.00000
vn 0.00000 0.00000 1.00000
vn 0.00000 0.00000 1.00000
vn 0.00000 0.00000 1.00000
vn 0.00000 0.00000 1.00000
vn 0.86447 0.00000 -0.50268
vn 0.80721 0.19189 -0.55821
vn 0.71037 0.39016 -0.58579
vn 0.57436 0.57436 -0.58329
vn 0.40259 0.73301 -0.54829
vn 0.20307 0.85427 -0.47851
vn 0.00000 0.92765 -0.37344
vn -0.20307 0.85427 -0.47851
vn -0.40259 0.73301 -0.54829
vn -0.57436 0.57436 -0.58329
vn -0.71037 0.39016 -0.58579
vn -0.80721 0.19189 -0.55821
vn -0.86447 0.00000 -0.50268
vn -0.80721 -0.19189 -0.55821
vn -0.71037 -0.39016 -0.58579
vn -0.57436 -0.57436 -0.58329
vn -0.40259 -0.73301 -0.54829
vn -0.20307 -0.85427 -0.47851
vn -0.00000 -0.92765 -0.37344
vn 0.20307 -0.85427 -0.47851
vn 0.40259 -0.73301 -0.54829
vn 0.57436 -0.57436 -0.58329
vn 0.71037 -0.39016 -0.58579
vn 0.80721 -0.19189 -0.55821
vn 0.91871 0.00000 -0.39494
vn 0.87109 0.20707 -0.44534
vn 0.77306 0.42459 -0.47128
vn 0.62455 0.62455 -0.46890
vn 0.43319 0.78873 -0.43616
vn 0.21452 0.90241 -0.37369
vn 0.00000 0.95845 -0.28525
vn -0.21452 0.90241 -0.37369
vn -0.43319 0.78873 -0.43616
vn -0.62455 0.62455 -0.46890
vn -0.77306 0.42459 -0.47128
vn -0.87109 0.20707 -0.44534
vn -0.91871 0.00000 -0.39494
vn -0.87109 -0.20707 -0.44534
vn -0.77306 -0.42459 -0.47128
vn -0.62455 -0.62455 -0.46890
vn -0.43319 -0.78873 -0.43616
vn -0.21452 -0.90241 -0.37369
vn -0.00000 -0.95845 -0.28525
vn 0.21452 -0.90241 -0.37369
vn 0.43319 -0.78873 -0.43616
vn 0.62455 -0.62455 -0.46890
vn 0.77306 -0.42459 -0.47128
vn 0.87109 -0.20707 -0.44534
vn 0.97352 0.00000 -0.22861
vn 0.93885 0.22318 -0.26220
vn 0.84139 0.46211 -0.28020
vn 0.67913 0.67913 -0.27853
vn 0.46536 0.84730 -0.25595
vn 0.22587 0.95015 -0.21493
vn 0.00000 0.98704 -0.16047
vn -0.22587 0.95015 -0.21493
vn -0.46536 0.84730 -0.25595
vn -0.67913 0.67913 -0.27853
vn -0.84139 0.46211 -0.28020
vn -0.93885 0.22318 -0.26220
vn -0.97352 0.00000 -0.22861
vn -0.93885 -0.22318 -0.26220
vn -0.84139 -0.46211 -0.28020
vn -0.67913 -0.67913 -0.27853
vn -0.46536 -0.84730 -0.25595
vn -0.22587 -0.95015 -0.21493
vn -0.00000 -0.98704 -0.16047
vn 0.22587 -0.95015 -0.21493
vn 0.46536 -0.84730 -0.25595
vn 0.67913 -0.67913 -0.27853
vn 0.84139 -0.46211 -0.28020
vn 0.93885 -0.22318 -0.26220
vn 0.98782 0.00000 -0.15559
vn 0.95713 0.22752 -0.17928
vn 0.86017 0.47243 -0.19213
vn 0.69410 0.69410 -0.19093
vn 0.47398 0.86300 -0.17485
vn 0.22879 0.96246 -0.14603
vn 0.00000 0.99411 -0.10840
vn -0.22879 0.96246 -0.14603
vn -0.47398 0.86300 -0.17485
vn -0.69410 0.69410 -0.19093
vn -0.86017 0.47243 -0.19213
vn -0.95713 0.22752 -0.17928
vn -0.98782 0.00000 -0.15559
vn -0.95713 -0.22752 -0.17928
vn -0.86017 -0.47243 -0.19213
vn -0.69410 -0.69410 -0.19093
vn -0.47398 -0.86300 -0.17485
vn -0.22879 -0.96246 -0.14603
vn -0.00000 -0.99411 -0.10840
vn 0.22879 -0.96246 -0.14603
vn 0.47398 -0.86300 -0.17485
vn 0.69410 -0.69410 -0.19093
vn 0.86017 -0.47243 -0.19213
vn 0.95713 -0.22752 -0.17928
vn 0.99576 0.00000 -0.09197
vn 0.96738 0.22996 -0.10625
vn 0.87078 0.47826 -0.11405
vn 0.70255 0.70255 -0.11332
vn 0.47881 0.87179 -0.10358
vn 0.23041 0.96927 -0.08623
vn 0.00000 0.99796 -0.06381
vn -0.23041 0.96927 -0.08623
vn -0.47881 0.87179 -0.10358
vn -0.70255 0.70255 -0.11332
vn -0.87078 0.47826 -0.11405
vn -0.96738 0.22996 -0.10625
vn -0.99576 0.00000 -0.09197
vn -0.96738 -0.22996 -0.10625
vn -0.87078 -0.47826 -0.11405
vn -0.70255 -0.70255 -0.11332
vn -0.47881 -0.87179 -0.10358
vn -0.23041 -0.96927 -0.08623
vn -0.00000 -0.99796 -0.06381
vn 0.23041 -0.96927 -0.08623
vn 0.47881 -0.87179 -0.10358
vn 0.70255 -0.70255 -0.11332
vn 0.87078 -0.47826 -0.11405
vn 0.96738 -0.22996 -0.10625
vn 0.99953 0.00000 -0.03053
vn 0.97228 0.23113 -0.03532
vn 0.87587 0.48105 -0.03794
vn 0.70660 0.70660 -0.03769
vn 0.48111 0.87598 -0.03442
vn 0.23118 0.97249 -0.02861
vn 0.00000 0.99978 -0.02114
vn -0.23118 0.97249 -0.02861
vn -0.48111 0.87598 -0.03442
vn -0.70660 0.70660 -0.03769
vn -0.87587 0.48105 -0.03794
vn -0.97228 0.23113 -0.03532
vn -0.99953 0.00000 -0.03053
vn -0.97228 -0.23113 -0.03532
vn -0.87587 -0.48105 -0.03794
vn -0.70660 -0.70660 -0.03769
vn -0.48111 -0.87598 -0.03442
vn -0.23118 -0.97249 -0.02861
vn -0.00000 -0.99978 -0.02114
vn 0.23118 -0.97249 -0.02861
vn 0.48111 -0.87598 -0.03442
vn 0.70660 -0.70660 -0.03769
vn 0.87587 -0.48105 -0.03794
vn 0.97228 -0.23113 -0.03532
vn 0.99953 0.00000 0.03053
vn 0.97228 0.23113 0.03532
vn 0.87587 0.48105 0.03794
vn 0.70660 0.70660 0.03769
vn 0.48111 0.87598 0.03442
vn 0.23118 0.97249 0.02861
vn 0.00000 0.99978 0.02114
vn -0.23118 0.97249 0.02861
vn -0.48111 0.87598 0.03442
vn -0.70660 0.70660 0.03769
vn -0.87587 0.48105 0.03794
vn -0.97228 0.23113 0.03532
vn -0.99953 0.00000 0.03053
vn -0.97228 -0.23113 0.03532
vn -0.87587 -0.48105 0.03794
vn -0.70660 -0.70660 0.03769
vn -0.48111 -0.87598 0.03442
vn -0.23118 -0.97249 0.02861
vn -0.00000 -0.99978 0.02114
vn 0.23118 -0.97249 0.02861
vn 0.48111 -0.87598 0.03442
vn 0.70660 -0.70660 0.03769
vn 0.87587 -0.48105 0.03794
vn 0.97228 -0.23113 0.03532
vn 0.99576 0.00000 0.09197
vn 0.96738 0.22996 0.10625
vn 0.87078 0.47826 0.11405
vn 0.70255 0.70255 0.11332
vn 0.47881 0.87179 0.10358
vn 0.23041 0.96927 0.08623
vn 0.00000 0.99796 0.06381
vn -0.23041 0.96927 0.08623
vn -0.47881 0.87179 0.10358
vn -0.70255 0.70255 0.11332
vn -0.87078 0.47826 0.11405
vn -0.96738 0.22996 0.10625
vn -0.99576 0.00000 0.09197
vn -0.96738 -0.22996 0.10625
vn -0.87078 -0.47826 0.11405
vn -0.70255 -0.70255 0.11332
vn -0.47881 -0.87179 0.10358
vn -0.23041 -0.96927 0.08623
vn -0.00000 -0.99796 0.06381
vn 0.23041 -0.96927 0.08623
vn 0.47881 -0.87179 0.10358
vn 0.70255 -0.70255 0.11332
vn 0.87078 -0.47826 0.11405
vn 0.96738 -0.22996 0.10625
vn 0.98782 0.00000 0.15559
vn 0.95713 0.22752 0.17928
vn 0.86017 0.47243 0.19213
vn 0.69410 0.69410 0.19093
vn 0.47398 0.86300 0.17485
vn 0.22879 0.96246 0.14603
vn 0.00000 0.99411 0.10840
vn -0.22879 0.96246 0.14603
vn -0.47398 0.86300 0.17485
vn -0.69410 0.69410 0.19093
vn -0.86017 0.47243 0.19213
vn -0.95713 0.22752 0.17928
vn -0.98782 0.00000 0.15559
vn -0.95713 -0.22752 0.17928
vn -0.86017 -0.47243 0.19213
vn -0.69410 -0.69410 0.19093
vn -0.47398 -0.86300 0.17485
vn -0.22879 -0.96246 0.14603
vn -0.00000 -0.99411 0.10840
vn 0.22879 -0.96246 0.14603
vn 0.47398 -0.86300 0.17485
vn 0.69410 -0.69410 0.19093
vn 0.86017 -0.47243 0.19213
vn 0.95713 -0.22752 0.17928
vn 0.97352 0.00000 0.22861
vn 0.93885 0.22318 0.26220
vn 0.84139 0.46211 0.28020
vn 0.67913 0.67913 0.27853
vn 0.46536 0.84730 0.25595
vn 0.22587 0.95015 0.21493
vn 0.00000 0.98704 0.16047
vn -0.22587 0.95015 0.21493
vn -0.46536 0.84730 0.25595
vn -0.67913 0.67913 0.27853
vn -0.84139 0.46211 0.28020
vn -0.93885 0.22318 0.26220
vn -0.97352 0.00000 0.22861
vn -0.93885 -0.22318 0.26220
vn -0.84139 -0.46211 0.28020
vn -0.67913 -0.67913 0.27853
vn -0.46536 -0.84730 0.25595
vn -0.22587 -0.95015 0.21493
vn -0.00000 -0.98704 0.16047
vn 0.22587 -0.95015 0.21493
vn 0.46536 -0.84730 0.25595
vn 0.67913 -0.67913 0.27853
vn 0.84139 -0.46211 0.28020
vn 0.93885 -0.22318 0.26220
vn 0.91871 0.00000 0.39494
vn 0.87109 0.20707 0.44534
vn 0.77306 0.42459 0.47128
vn 0.62455 0.62455 0.46890
vn 0.43319 0.78873 0.43616
vn 0.21452 0.90241 0.37369
vn 0.00000 0.95845 0.28525
vn -0.21452 0.90241 0.37369
vn -0.43319 0.78873 0.43616
vn -0.62455 0.62455 0.46890
vn -0.77306 0.42459 0.47128
vn -0.87109 0.20707 0.44534
vn -0.91871 0.00000 0.39494
vn -0.87109 -0.20707 0.44534
vn -0.77306 -0.42459 0.47128
vn -0.62455 -0.62455 0.46890
vn -0.43319 -0.78873 0.43616
vn -0.21452 -0.90241 0.37369
vn -0.00000 -0.95845 0.28525
vn 0.21452 -0.90241 0.37369
vn 0.43319 -0.78873 0.43616
vn 0.62455 -0.62455 0.46890
vn 0.77306 -0.42459 0.47128
vn 0.87109 -0.20707 0.44534
vn 0.86447 0.00000 0.50268
vn 0.80721 0.19189 0.55821
vn 0.71037 0.39016 0.58579
vn 0.57436 0.57436 0.58329
vn 0.40259 0.73301 0.54829
vn 0.20307 0.85427 0.47851
vn 0.00000 0.92765 0.37344
vn -0.20307 0.85427 0.47851
vn -0.40259 0.73301 0.54829
vn -0.57436 0.57436 0.58329
vn -0.71037 0.39016 0.58579
vn -0.80721 0.19189 0.55821
vn -0.86447 0.00000 0.50268
vn -0.80721 -0.19189 0.55821
vn -0.71037 -0.39016 0.58579
vn -0.57436 -0.57436 0.58329
vn -0.40259 -0.73301 0.54829
vn -0.20307 -0.85427 0.47851
vn -0.00000 -0.92765 0.37344
vn 0.20307 -0.85427 0.47851
vn 0.40259 -0.73301 0.54829
vn 0.57436 -0.57436 0.58329
vn 0.71037 -0.39016 0.58579
vn 0.80721 -0.19189 0.55821
vn 0.52673 0.00000 -0.85004
vn 0.46959 0.12583 -0.87387
vn 0.41032 0.23690 -0.88064
vn 0.34439 0.34439 -0.87338
vn 0.26434 0.45785 -0.84882
vn 0.15716 0.58654 -0.79453
vn 0.00000 0.73513 -0.67792
vn -0.15716 0.58654 -0.79453
vn -0.26434 0.45785 -0.84882
vn -0.34439 0.34439 -0.87338
vn -0.41032 0.23690 -0.88064
vn -0.46959 0.12583 -0.87387
vn -0.52673 0.00000 -0.85004
vn -0.46959 -0.12583 -0.87387
vn -0.41032 -0.23690 -0.88064
vn -0.34439 -0.34439 -0.87338
vn -0.26434 -0.45785 -0.84882
vn -0.15716 -0.58654 -0.79453
vn -0.00000 -0.73513 -0.67792
vn 0.15716 -0.58654 -0.79453
vn 0.26434 -0.45785 -0.84882
vn 0.34439 -0.34439 -0.87338
vn 0.41032 -0.23690 -0.88064
vn 0.46959 -0.12583 -0.87387
vn 0.67834 0.00000 -0.73475
vn 0.61641 0.16517 -0.76991
vn 0.54166 0.31273 -0.78026
vn 0.45188 0.45188 -0.76916
vn 0.34011 0.58909 -0.73301
vn 0.19447 0.72578 -0.65987
vn 0.00000 0.85030 -0.52629
vn -0.19447 0.72578 -0.65987
vn -0.34011 0.58909 -0.73301
vn -0.45188 0.45188 -0.76916
vn -0.54166 0.31273 -0.78026
vn -0.61641 0.16517 -0.76991
vn -0.67834 0.00000 -0.73475
vn -0.61641 -0.16517 -0.76991
vn -0.54166 -0.31273 -0.78026
vn -0.45188 -0.45188 -0.76916
vn -0.34011 -0.58909 -0.73301
vn -0.19447 -0.72578 -0.65987
vn -0.00000 -0.85030 -0.52629
vn 0.19447 -0.72578 -0.65987
vn 0.34011 -0.58909 -0.73301
vn 0.45188 -0.45188 -0.76916
vn 0.54166 -0.31273 -0.78026
vn 0.61641 -0.16517 -0.76991
vn 0.92763 0.00000 -0.37350
vn 0.88135 0.23616 -0.40920
vn 0.78566 0.45360 -0.42070
vn 0.64545 0.64545 -0.40839
vn 0.46415 0.80392 -0.37185
vn 0.24604 0.91824 -0.31033
vn 0.00000 0.97454 -0.22422
vn -0.24604 0.91824 -0.31033
vn -0.46415 0.80392 -0.37185
vn -0.64545 0.64545 -0.40839
vn -0.78566 0.45360 -0.42070
vn -0.88135 0.23616 -0.40920
vn -0.92763 0.00000 -0.37350
vn -0.88135 -0.23616 -0.40920
vn -0.78566 -0.45360 -0.42070
vn -0.64545 -0.64545 -0.40839
vn -0.46415 -0.80392 -0.37185
vn -0.24604 -0.91824 -0.31033
vn -0.00000 -0.97454 -0.22422
vn 0.24604 -0.91824 -0.31033
vn 0.46415 -0.80392 -0.37185
vn 0.64545 -0.64545 -0.40839
vn 0.78566 -0.45360 -0.42070
vn 0.88135 -0.23616 -0.40920
vn 0.99211 0.00000 -0.12539
vn 0.95650 0.25629 -0.13940
vn 0.85699 0.49479 -0.14405
vn 0.70024 0.70024 -0.13907
vn 0.49609 0.85926 -0.12476
vn 0.25747 0.96089 -0.10194
vn 0.00000 0.99740 -0.07203
vn -0.25747 0.96089 -0.10194
vn -0.49609 0.85926 -0.12476
vn -0.70024 0.70024 -0.13907
vn -0.85699 0.49479 -0.14405
vn -0.95650 0.25629 -0.13940
vn -0.99211 0.00000 -0.12539
vn -0.95650 -0.25629 -0.13940
vn -0.85699 -0.49479 -0.14405
vn -0.70024 -0.70024 -0.13907
vn -0.49609 -0.85926 -0.12476
vn -0.25747 -0.96089 -0.10194
vn -0.00000 -0.99740 -0.07203
vn 0.25747 -0.96089 -0.10194
vn 0.49609 -0.85926 -0.12476
vn 0.70024 -0.70024 -0.13907
vn 0.85699 -0.49479 -0.14405
vn 0.95650 -0.25629 -0.13940
vn 0.99211 0.00000 0.12539
vn 0.95650 0.25629 0.13940
vn 0.85699 0.49479 0.14405
vn 0.70024 0.70024 0.13907
vn 0.49609 0.85926 0.12476
vn 0.25747 0.96089 0.10194
vn 0.00000 0.99740 0.07203
vn -0.25747 0.96089 0.10194
vn -0.49609 0.85926 0.12476
vn -0.70024 0.70024 0.13907
vn -0.85699 0.49479 0.14405
vn -0.95650 0.25629 0.13940
vn -0.99211 0.00000 0.12539
vn -0.95650 -0.25629 0.13940
vn -0.85699 -0.49479 0.14405
vn -0.70024 -0.70024 0.13907
vn -0.49609 -0.85926 0.12476
vn -0.25747 -0.96089 0.10194
vn -0.00000 -0.99740 0.07203
vn 0.25747 -0.96089 0.10194
vn 0.49609 -0.85926 0.12476
vn 0.70024 -0.70024 0.13907
vn 0.85699 -0.49479 0.14405
vn 0.95650 -0.25629 0.13940
vn 0.92763 0.00000 0.37350
vn 0.88135 0.23616 0.40920
vn 0.78566 0.45360 0.42070
vn 0.64545 0.64545 0.40839
vn 0.46415 0.80392 0.37185
vn 0.24604 0.91824 0.31033
vn 0.00000 0.97454 0.22422
vn -0.24604 0.91824 0.31033
vn -0.46415 0.80392 0.37185
vn -0.64545 0.64545 0.40839
vn -0.78566 0.45360 0.42070
vn -0.88135 0.23616 0.40920
vn -0.92763 0.00000 0.37350
vn -0.88135 -0.23616 0.40920
vn -0.78566 -0.45360 0.42070
vn -0.64545 -0.64545 0.40839
vn -0.46415 -0.80392 0.37185
vn -0.24604 -0.91824 0.31033
vn -0.00000 -0.97454 0.22422
vn 0.24604 -0.91824 0.31033
vn 0.46415 -0.80392 0.37185
vn 0.64545 -0.64545 0.40839
vn 0.78566 -0.45360 0.42070
vn 0.88135 -0.23616 0.40920
vn 0.67834 0.00000 0.73475
vn 0.61641 0.16517 0.76991
vn 0.54166 0.31273 0.78026
vn 0.45188 0.45188 0.76916
vn 0.34011 0.58909 0.73301
vn 0.19447 0.72578 0.65987
vn 0.00000 0.85030 0.52629
vn -0.19447 0.72578 0.65987
vn -0.34011 0.58909 0.73301
vn -0.45188 0.45188 0.76916
vn -0.54166 0.31273 0.78026
vn -0.61641 0.16517 0.76991
vn -0.67834 0.00000 0.73475
vn -0.61641 -0.16517 0.76991
vn -0.54166 -0.31273 0.78026
vn -0.45188 -0.45188 0.76916
vn -0.34011 -0.58909 0.73301
vn -0.19447 -0.72578 0.65987
vn -0.00000 -0.85030 0.52629
vn 0.19447 -0.72578 0.65987
vn 0.34011 -0.58909 0.73301
vn 0.45188 -0.45188 0.76916
vn 0.54166 -0.31273 0.78026
vn 0.61641 -0.16517 0.76991
vn 0.52673 0.00000 0.85004
vn 0.46959 0.12583 0.87387
vn 0.41032 0.23690 0.88064
vn 0.34439 0.34439 0.87338
vn 0.26434 0.45785 0.84882
vn 0.15716 0.58654 0.79453
vn 0.00000 0.73513 0.67792
vn -0.15716 0.58654 0.79453
vn -0.26434 0.45785 0.84882
vn -0.34439 0.34439 0.87338
vn -0.41032 0.23690 0.88064
vn -0.46959 0.12583 0.87387
vn -0.52673 0.00000 0.85004
vn -0.46959 -0.12583 0.87387
vn -0.41032 -0.23690 0.88064
vn -0.34439 -0.34439 0.87338
vn -0.26434 -0.45785 0.84882
vn -0.15716 -0.58654 0.79453
vn -0.00000 -0.73513 0.67792
vn 0.15716 -0.58654 0.79453
vn 0.26434 -0.45785 0.84882
vn 0.34439 -0.34439 0.87338
vn 0.41032 -0.23690 0.88064
vn 0.46959 -0.12583 0.87387
vn 0.87058 0.00000 -0.49203
vn 0.81169 0.18526 -0.55393
vn 0.72696 0.35009 -0.59073
vn 0.62180 0.49587 -0.60620
vn 0.49781 0.62424 -0.60208
vn 0.35409 0.73528 -0.57791
vn 0.18856 0.82611 -0.53102
vn 0.00000 0.88946 -0.45700
vn -0.18856 0.82611 -0.53102
vn -0.35409 0.73528 -0.57791
vn -0.49781 0.62424 -0.60208
vn -0.62180 0.49587 -0.60620
vn -0.72696 0.35009 -0.59073
vn -0.81169 0.18526 -0.55393
vn -0.87058 0.00000 -0.49203
vn -0.81169 -0.18526 -0.55393
vn -0.72696 -0.35009 -0.59073
vn -0.62180 -0.49587 -0.60620
vn -0.49781 -0.62424 -0.60208
vn -0.35409 -0.73528 -0.57791
vn -0.18856 -0.82611 -0.53102
vn -0.00000 -0.88946 -0.45700
vn 0.18856 -0.82611 -0.53102
vn 0.35409 -0.73528 -0.57791
vn 0.49781 -0.62424 -0.60208
vn 0.62180 -0.49587 -0.60620
vn 0.72696 -0.35009 -0.59073
vn 0.81169 -0.18526 -0.55393
vn 0.88828 0.00000 -0.45931
vn 0.83278 0.19008 -0.51996
vn 0.74856 0.36049 -0.55652
vn 0.64130 0.51142 -0.57200
vn 0.51320 0.64354 -0.56787
vn 0.36414 0.75615 -0.54373
vn 0.19304 0.84578 -0.49739
vn 0.00000 0.90500 -0.42541
vn -0.19304 0.84578 -0.49739
vn -0.36414 0.75615 -0.54373
vn -0.51320 0.64354 -0.56787
vn -0.64130 0.51142 -0.57200
vn -0.74856 0.36049 -0.55652
vn -0.83278 0.19008 -0.51996
vn -0.88828 0.00000 -0.45931
vn -0.83278 -0.19008 -0.51996
vn -0.74856 -0.36049 -0.55652
vn -0.64130 -0.51142 -0.57200
vn -0.51320 -0.64354 -0.56787
vn -0.36414 -0.75615 -0.54373
vn -0.19304 -0.84578 -0.49739
vn -0.00000 -0.90500 -0.42541
vn 0.19304 -0.84578 -0.49739
vn 0.36414 -0.75615 -0.54373
vn 0.51320 -0.64354 -0.56787
vn 0.64130 -0.51142 -0.57200
vn 0.74856 -0.36049 -0.55652
vn 0.83278 -0.19008 -0.51996
vn 0.93449 0.00000 -0.35600
vn 0.88956 0.20304 -0.40921
vn 0.80794 0.38908 -0.44254
vn 0.69542 0.55458 -0.45699
vn 0.55581 0.69696 -0.45312
vn 0.39156 0.81309 -0.43077
vn 0.20498 0.89809 -0.38912
vn 0.00000 0.94494 -0.32726
vn -0.20498 0.89809 -0.38912
vn -0.39156 0.81309 -0.43077
vn -0.55581 0.69696 -0.45312
vn -0.69542 0.55458 -0.45699
vn -0.80794 0.38908 -0.44254
vn -0.88956 0.20304 -0.40921
vn -0.93449 0.00000 -0.35600
vn -0.88956 -0.20304 -0.40921
vn -0.80794 -0.38908 -0.44254
vn -0.69542 -0.55458 -0.45699
vn -0.55581 -0.69696 -0.45312
vn -0.39156 -0.81309 -0.43077
vn -0.20498 -0.89809 -0.38912
vn -0.00000 -0.94494 -0.32726
vn 0.20498 -0.89809 -0.38912
vn 0.39156 -0.81309 -0.43077
vn 0.55581 -0.69696 -0.45312
vn 0.69542 -0.55458 -0.45699
vn 0.80794 -0.38908 -0.44254
vn 0.88956 -0.20304 -0.40921
vn 0.98368 0.00000 -0.17994
vn 0.95308 0.21753 -0.21052
vn 0.87669 0.42219 -0.23058
vn 0.75907 0.60534 -0.23952
vn 0.60571 0.75954 -0.23711
vn 0.42292 0.87820 -0.22340
vn 0.21808 0.95547 -0.19878
vn 0.00000 0.98645 -0.16404
vn -0.21808 0.95547 -0.19878
vn -0.42292 0.87820 -0.22340
vn -0.60571 0.75954 -0.23711
vn -0.75907 0.60534 -0.23952
vn -0.87669 0.42219 -0.23058
vn -0.95308 0.21753 -0.21052
vn -0.98368 0.00000 -0.17994
vn -0.95308 -0.21753 -0.21052
vn -0.87669 -0.42219 -0.23058
vn -0.75907 -0.60534 -0.23952
vn -0.60571 -0.75954 -0.23711
vn -0.42292 -0.87820 -0.22340
vn -0.21808 -0.95547 -0.19878
vn -0.00000 -0.98645 -0.16404
vn 0.21808 -0.95547 -0.19878
vn 0.42292 -0.87820 -0.22340
vn 0.60571 -0.75954 -0.23711
vn 0.75907 -0.60534 -0.23952
vn 0.87669 -0.42219 -0.23058
vn 0.95308 -0.21753 -0.21052
vn 0.99934 0.00000 -0.03643
vn 0.97403 0.22232 -0.04287
vn 0.89997 0.43340 -0.04717
vn 0.78089 0.62274 -0.04910
vn 0.62275 0.78091 -0.04858
vn 0.43343 0.90003 -0.04562
vn 0.22234 0.97413 -0.04038
vn 0.00000 0.99945 -0.03312
vn -0.22234 0.97413 -0.04038
vn -0.43343 0.90003 -0.04562
vn -0.62275 0.78091 -0.04858
vn -0.78089 0.62274 -0.04910
vn -0.89997 0.43340 -0.04717
vn -0.97403 0.22232 -0.04287
vn -0.99934 0.00000 -0.03643
vn -0.97403 -0.22232 -0.04287
vn -0.89997 -0.43340 -0.04717
vn -0.78089 -0.62274 -0.04910
vn -0.62275 -0.78091 -0.04858
vn -0.43343 -0.90003 -0.04562
vn -0.22234 -0.97413 -0.04038
vn -0.00000 -0.99945 -0.03312
vn 0.22234 -0.97413 -0.04038
vn 0.43343 -0.90003 -0.04562
vn 0.62275 -0.78091 -0.04858
vn 0.78089 -0.62274 -0.04910
vn 0.89997 -0.43340 -0.04717
vn 0.97403 -0.22232 -0.04287
vn 1.00000 0.00000 -0.00000
vn 0.97493 0.22252 -0.00000
vn 0.90097 0.43388 -0.00000
vn 0.78183 0.62349 -0.00000
vn 0.62349 0.78183 -0.00000
vn 0.43388 0.90097 -0.00000
vn 0.22252 0.97493 -0.00000
vn 0.00000 1.00000 -0.00000
vn -0.22252 0.97493 -0.00000
vn -0.43388 0.90097 -0.00000
vn -0.62349 0.78183 -0.00000
vn -0.78183 0.62349 -0.00000
vn -0.90097 0.43388 -0.00000
vn -0.97493 0.22252 -0.00000
vn -1.00000 0.00000 -0.00000
vn -0.97493 -0.22252 -0.00000
vn -0.90097 -0.43388 -0.00000
vn -0.78183 -0.62349 -0.00000
vn -0.62349 -0.78183 -0.00000
vn -0.43388 -0.90097 -0.00000
vn -0.22252 -0.97493 -0.00000
vn -0.00000 -1.00000 -0.00000
vn 0.22252 -0.97493 -0.00000
vn 0.43388 -0.90097 -0.00000
vn 0.62349 -0.78183 -0.00000
vn 0.78183 -0.62349 -0.00000
vn 0.90097 -0.43388 -0.00000
vn 0.97493 -0.22252 -0.00000
vn 1.00000 0.00000 -0.00000
vn 0.97493 0.22252 -0.00000
vn 0.90097 0.43388 -0.00000
vn 0.78183 0.62349 -0.00000
vn 0.62349 0.78183 -0.00000
vn 0.43388 0.90097 -0.00000
vn 0.22252 0.97493 -0.00000
vn 0.00000 1.00000 -0.00000
vn -0.22252 0.97493 -0.00000
vn -0.43388 0.90097 -0.00000
vn -0.62349 0.78183 -0.00000
vn -0.78183 0.62349 -0.00000
vn -0.90097 0.43388 -0.00000
vn -0.97493 0.22252 -0.00000
vn -1.00000 0.00000 -0.00000
vn -0.97493 -0.22252 -0.00000
vn -0.90097 -0.43388 -0.00000
vn -0.78183 -0.62349 -0.00000
vn -0.62349 -0.78183 -0.00000
vn -0.43388 -0.90097 -0.00000
vn -0.22252 -0.97493 -0.00000
vn -0.00000 -1.00000 -0.00000
vn 0.22252 -0.97493 -0.00000
vn 0.43388 -0.90097 -0.00000
vn 0.62349 -0.78183 -0.00000
vn 0.78183 -0.62349 -0.00000
vn 0.90097 -0.43388 -0.00000
vn 0.97493 -0.22252 -0.00000
vn 1.00000 0.00000 -0.00000
vn 0.97493 0.22252 -0.00000
vn 0.90097 0.43388 -0.00000
vn 0.78183 0.62349 -0.00000
vn 0.62349 0.78183 -0.00000
vn 0.43388 0.90097 -0.00000
vn 0.22252 0.97493 -0.00000
vn 0.00000 1.00000 -0.00000
vn -0.22252 0.97493 -0.00000
vn -0.43388 0.90097 -0.00000
vn -0.62349 0.78183 -0.00000
vn -0.78183 0.62349 -0.00000
vn -0.90097 0.43388 -0.00000
vn -0.97493 0.22252 -0.00000
vn -1.00000 0.00000 -0.00000
vn -0.97493 -0.22252 -0.00000
vn -0.90097 -0.43388 -0.00000
vn -0.78183 -0.62349 -0.00000
vn -0.62349 -0.78183 -0.00000
vn -0.43388 -0.90097 -0.00000
vn -0.22252 -0.97493 -0.00000
vn -0.00000 -1.00000 -0.00000
vn 0.22252 -0.97493 -0.00000
vn 0.43388 -0.90097 -0.00000
vn 0.62349 -0.78183 -0.00000
vn 0.78183 -0.62349 -0.00000
vn 0.90097 -0.43388 -0.00000
vn 0.97493 -0.22252 -0.00000
vn 1.00000 0.00000 -0.00000
vn 0.97493 0.22252 -0.00000
vn 0.90097 0.43388 -0.00000
vn 0.78183 0.62349 -0.00000
vn 0.62349 0.78183 -0.00000
vn 0.43388 0.90097 -0.00000
vn 0.22252 0.97493 -0.00000
vn 0.00000 1.00000 -0.00000
vn -0.22252 0.97493 -0.00000
vn -0.43388 0.90097 -0.00000
vn -0.62349 0.78183 -0.00000
vn -0.78183 0.62349 -0.00000
vn -0.90097 0.43388 -0.00000
vn -0.97493 0.22252 -0.00000
vn -1.00000 0.00000 -0.00000
vn -0.97493 -0.22252 -0.00000
vn -0.90097 -0.43388 -0.00000
vn -0.78183 -0.62349 -0.00000
vn -0.62349 -0.78183 -0.00000
vn -0.43388 -0.90097 -0.00000
vn -0.22252 -0.97493 -0.00000
vn -0.00000 -1.00000 -0.00000
vn 0.22252 -0.97493 -0.00000
vn 0.43388 -0.90097 -0.00000
vn 0.62349 -0.78183 -0.00000
vn 0.78183 -0.62349 -0.00000
vn 0.90097 -0.43388 -0.00000
vn 0.97493 -0.22252 -0.00000
vn 1.00000 0.00000 -0.00000
vn 0.97493 0.22252 -0.00000
vn 0.90097 0.43388 -0.00000
vn 0.78183 0.62349 -0.00000
vn 0.62349 0.78183 -0.00000
vn 0.43388 0.90097 -0.00000
vn 0.22252 0.97493 -0.00000
vn 0.00000 1.00000 -0.00000
vn -0.22252 0.97493 -0.00000
vn -0.43388 0.90097 -0.00000
vn -0.62349 0.78183 -0.00000
vn -0.78183 0.62349 -0.00000
vn -0.90097 0.43388 -0.00000
vn -0.97493 0.22252 -0.00000
vn -1.00000 0.00000 -0.00000
vn -0.97493 -0.22252 -0.00000
vn -0.90097 -0.43388 -0.00000
vn -0.78183 -0.62349 -0.00000
vn -0.62349 -0.78183 -0.00000
vn -0.43388 -0.90097 -0.00000
vn -0.22252 -0.97493 -0.00000
vn -0.00000 -1.00000 -0.00000
vn 0.22252 -0.97493 -0.00000
vn 0.43388 -0.90097 -0.00000
vn 0.62349 -0.78183 -0.00000
vn 0.78183 -0.62349 -0.00000
vn 0.90097 -0.43388 -0.00000
vn 0.97493 -0.22252 -0.00000
vn 1.00000 0.00000 -0.00000
vn 0.97493 0.22252 -0.00000
vn 0.90097 0.43388 -0.00000
vn 0.78183 0.62349 -0.00000
vn 0.62349 0.78183 -0.00000
vn 0.43388 0.90097 -0.00000
vn 0.22252 0.97493 -0.00000
vn 0.00000 1.00000 -0.00000
vn -0.22252 0.97493 -0.00000
vn -0.43388 0.90097 -0.00000
vn -0.62349 0.78183 -0.00000
vn -0.78183 0.62349 -0.00000
vn -0.90097 0.43388 -0.00000
vn -0.97493 0.22252 -0.00000
vn -1.00000 0.00000 -0.00000
vn -0.97493 -0.22252 -0.00000
vn -0.90097 -0.43388 -0.00000
vn -0.78183 -0.62349 -0.00000
vn -0.62349 -0.78183 -0.00000
vn -0.43388 -0.90097 -0.00000
vn -0.22252 -0.97493 -0.00000
vn -0.00000 -1.00000 -0.00000
vn 0.22252 -0.97493 -0.00000
vn 0.43388 -0.90097 -0.00000
vn 0.62349 -0.78183 -0.00000
vn 0.78183 -0.62349 -0.00000
vn 0.90097 -0.43388 -0.00000
vn 0.97493 -0.22252 -0.00000
vn 1.00000 0.00000 -0.00000
vn 0.97493 0.22252 -0.00000
vn 0.90097 0.43388 -0.00000
vn 0.78183 0.62349 -0.00000
vn 0.62349 0.78183 -0.00000
vn 0.43388 0.90097 -0.00000
vn 0.22252 0.97493 -0.00000
vn 0.00000 1.00000 -0.00000
vn -0.22252 0.97493 -0.00000
vn -0.43388 0.90097 -0.00000
vn -0.62349 0.78183 -0.00000
vn -0.78183 0.62349 -0.00000
vn -0.90097 0.43388 -0.00000
vn -0.97493 0.22252 -0.00000
vn -1.00000 0.00000 -0.00000
vn -0.97493 -0.22252 -0.00000
vn -0.90097 -0.43388 -0.00000
vn -0.78183 -0.62349 -0.00000
vn -0.62349 -0.78183 -0.00000
vn -0.43388 -0.90097 -0.00000
vn -0.22252 -0.97493 -0.00000
vn -0.00000 -1.00000 -0.00000
vn 0.22252 -0.97493 -0.00000
vn 0.43388 -0.90097 -0.00000
vn 0.62349 -0.78183 -0.00000
vn 0.78183 -0.62349 -0.00000
vn 0.90097 -0.43388 -0.00000
vn 0.97493 -0.22252 -0.00000
vn 1.00000 0.00000 -0.00000
vn 0.97493 0.22252 -0.00000
vn 0.90097 0.43388 -0.00000
vn 0.78183 0.62349 -0.00000
vn 0.62349 0.78183 -0.00000
vn 0.43388 0.90097 -0.00000
vn 0.22252 0.97493 -0.00000
vn 0.00000 1.00000 -0.00000
vn -0.22252 0.97493 -0.00000
vn -0.43388 0.90097 -0.00000
vn -0.62349 0.78183 -0.00000
vn -0.78183 0.62349 -0.00000
vn -0.90097 0.43388 -0.00000
vn -0.97493 0.22252 -0.00000
vn -1.00000 0.00000 -0.00000
vn -0.97493 -0.22252 -0.00000
vn -0.90097 -0.43388 -0.00000
vn -0.78183 -0.62349 -0.00000
vn -0.62349 -0.78183 -0.00000
vn -0.43388 -0.90097 -0.00000
vn -0.22252 -0.97493 -0.00000
vn -0.00000 -1.00000 -0.00000
vn 0.22252 -0.97493 -0.00000
vn 0.43388 -0.90097 -0.00000
vn 0.62349 -0.78183 -0.00000
vn 0.78183 -0.62349 -0.00000
vn 0.90097 -0.43388 -0.00000
vn 0.97493 -0.22252 -0.00000
vn 1.00000 0.00000 -0.00000
vn 0.97493 0.22252 -0.00000
vn 0.90097 0.43388 -0.00000
vn 0.78183 0.62349 -0.00000
vn 0.62349 0.78183 -0.00000
vn 0.43388 0.90097 -0.00000
vn 0.22252 0.97493 -0.00000
vn 0.00000 1.00000 -0.00000
vn -0.22252 0.97493 -0.00000
vn -0.43388 0.90097 -0.00000
vn -0.62349 0.78183 -0.00000
vn -0.78183 0.62349 -0.00000
vn -0.90097 0.43388 -0.00000
vn -0.97493 0.22252 -0.00000
vn -1.00000 0.00000 -0.00000
vn -0.97493 -0.22252 -0.00000
vn -0.90097 -0.43388 -0.00000
vn -0.78183 -0.62349 -0.00000
vn -0.62349 -0.78183 -0.00000
vn -0.43388 -0.90097 -0.00000
vn -0.22252 -0.97493 -0.00000
vn -0.00000 -1.00000 -0.00000
vn 0.22252 -0.97493 -0.00000
vn 0.43388 -0.90097 -0.00000
vn 0.62349 -0.78183 -0.00000
vn 0.78183 -0.62349 -0.00000
vn 0.90097 -0.43388 -0.00000
vn 0.97493 -0.22252 -0.00000
vn 1.00000 0.00000 -0.00000
vn 0.97493 0.22252 -0.00000
vn 0.90097 0.43388 -0.00000
vn 0.78183 0.62349 -0.00000
vn 0.62349 0.78183 -0.00000
vn 0.43388 0.90097 -0.00000
vn 0.22252 0.97493 -0.00000
vn 0.00000 1.00000 -0.00000
vn -0.22252 0.97493 -0.00000
vn -0.43388 0.90097 -0.00000
vn -0.62349 0.78183 -0.00000
vn -0.78183 0.62349 -0.00000
vn -0.90097 0.43388 -0.00000
vn -0.97493 0.22252 -0.00000
vn -1.00000 0.00000 -0.00000
vn -0.97493 -0.22252 -0.00000
vn -0.90097 -0.43388 -0.00000
vn -0.78183 -0.62349 -0.00000
vn -0.62349 -0.78183 -0.00000
vn -0.43388 -0.90097 -0.00000
vn -0.22252 -0.97493 -0.00000
vn -0.00000 -1.00000 -0.00000
vn 0.22252 -0.97493 -0.00000
vn 0.43388 -0.90097 -0.00000
vn 0.62349 -0.78183 -0.00000
vn 0.78183 -0.62349 -0.00000
vn 0.90097 -0.43388 -0.00000
vn 0.97493 -0.22252 -0.00000
vn 1.00000 0.00000 -0.00000
vn 0.97493 0.22252 -0.00000
vn 0.90097 0.43388 -0.00000
vn 0.78183 0.62349 -0.00000
vn 0.62349 0.78183 -0.00000
vn 0.43388 0.90097 -0.00000
vn 0.22252 0.97493 -0.00000
vn 0.00000 1.00000 -0.00000
vn -0.22252 0.97493 -0.00000
vn -0.43388 0.90097 -0.00000
vn -0.62349 0.78183 -0.00000
vn -0.78183 0.62349 -0.00000
vn -0.90097 0.43388 -0.00000
vn -0.97493 0.22252 -0.00000
vn -1.00000 0.00000 -0.00000
vn -0.97493 -0.22252 -0.00000
vn -0.90097 -0.43388 -0.00000
vn -0.78183 -0.62349 -0.00000
vn -0.62349 -0.78183 -0.00000
vn -0.43388 -0.90097 -0.00000
vn -0.22252 -0.97493 -0.00000
vn -0.00000 -1.00000 -0.00000
vn 0.22252 -0.97493 -0.00000
vn 0.43388 -0.90097 -0.00000
vn 0.62349 -0.78183 -0.00000
vn 0.78183 -0.62349 -0.00000
vn 0.90097 -0.43388 -0.00000
vn 0.97493 -0.22252 -0.00000
vn 1.00000 0.00000 -0.00000
vn 0.97493 0.22252 -0.00000
vn 0.90097 0.43388 -0.00000
vn 0.78183 0.62349 -0.00000
vn 0.62349 0.78183 -0.00000
vn 0.43388 0.90097 -0.00000
vn 0.22252 0.97493 -0.00000
vn 0.00000 1.00000 -0.00000
vn -0.22252 0.97493 -0.00000
vn -0.43388 0.90097 -0.00000
vn -0.62349 0.78183 -0.00000
vn -0.78183 0.62349 -0.00000
vn -0.90097 0.43388 -0.00000
vn -0.97493 0.22252 -0.00000
vn -1.00000 0.00000 -0.00000
vn -0.97493 -0.22252 -0.00000
vn -0.90097 -0.43388 -0.00000
vn -0.78183 -0.62349 -0.00000
vn -0.62349 -0.78183 -0.00000
vn -0.43388 -0.90097 -0.00000
vn -0.22252 -0.97493 -0.00000
vn -0.00000 -1.00000 -0.00000
vn 0.22252 -0.97493 -0.00000
vn 0.43388 -0.90097 -0.00000
vn 0.62349 -0.78183 -0.00000
vn 0.78183 -0.62349 -0.00000
vn 0.90097 -0.43388 -0.00000
vn 0.97493 -0.22252 -0.00000
vn 1.00000 0.00000 -0.00000
vn 0.97493 0.22252 -0.00000
vn 0.90097 0.43388 -0.00000
vn 0.78183 0.62349 -0.00000
vn 0.62349 0.78183 -0.00000
vn 0.43388 0.90097 -0.00000
vn 0.22252 0.97493 -0.00000
vn 0.00000 1.00000 -0.00000
vn -0.22252 0.97493 -0.00000
vn -0.43388 0.90097 -0.00000
vn -0.62349 0.78183 -0.00000
vn -0.78183 0.62349 -0.00000
vn -0.90097 0.43388 -0.00000
vn -0.97493 0.22252 -0.00000
vn -1.00000 0.00000 -0.00000
vn -0.97493 -0.22252 -0.00000
vn -0.90097 -0.43388 -0.00000
vn -0.78183 -0.62349 -0.00000
vn -0.62349 -0.78183 -0.00000
vn -0.43388 -0.90097 -0.00000
vn -0.22252 -0.97493 -0.00000
vn -0.00000 -1.00000 -0.00000
vn 0.22252 -0.97493 -0.00000
vn 0.43388 -0.90097 -0.00000
vn 0.62349 -0.78183 -0.00000
vn 0.78183 -0.62349 -0.00000
vn 0.90097 -0.43388 -0.00000
vn 0.97493 -0.22252 -0.00000
vn 0.99994 0.00000 0.01136
vn 0.97484 0.22250 0.01344
vn 0.90087 0.43384 0.01484
vn 0.78174 0.62341 0.01550
vn 0.62342 0.78174 0.01538
vn 0.43384 0.90087 0.01448
vn 0.22250 0.97485 0.01287
vn 0.00000 0.99994 0.01061
vn -0.22250 0.97485 0.01287
vn -0.43384 0.90087 0.01448
vn -0.62342 0.78174 0.01538
vn -0.78174 0.62341 0.01550
vn -0.90087 0.43384 0.01484
vn -0.97484 0.22250 0.01344
vn -0.99994 0.00000 0.01136
vn -0.97484 -0.22250 0.01344
vn -0.90087 -0.43384 0.01484
vn -0.78174 -0.62341 0.01550
vn -0.62342 -0.78174 0.01538
vn -0.43384 -0.90087 0.01448
vn -0.22250 -0.97485 0.01287
vn -0.00000 -0.99994 0.01061
vn 0.22250 -0.97485 0.01287
vn 0.43384 -0.90087 0.01448
vn 0.62342 -0.78174 0.01538
vn 0.78174 -0.62341 0.01550
vn 0.90087 -0.43384 0.01484
vn 0.97484 -0.22250 0.01344
vn 0.99228 0.00000 0.12403
vn 0.96445 0.22013 0.14624
vn 0.88920 0.42822 0.16111
vn 0.77071 0.61462 0.16805
vn 0.61476 0.77088 0.16678
vn 0.42848 0.88974 0.15736
vn 0.22032 0.96530 0.14016
vn 0.00000 0.99326 0.11588
vn -0.22032 0.96530 0.14016
vn -0.42848 0.88974 0.15736
vn -0.61476 0.77088 0.16678
vn -0.77071 0.61462 0.16805
vn -0.88920 0.42822 0.16111
vn -0.96445 0.22013 0.14624
vn -0.99228 0.00000 0.12403
vn -0.96445 -0.22013 0.14624
vn -0.88920 -0.42822 0.16111
vn -0.77071 -0.61462 0.16805
vn -0.61476 -0.77088 0.16678
vn -0.42848 -0.88974 0.15736
vn -0.22032 -0.96530 0.14016
vn -0.00000 -0.99326 0.11588
vn 0.22032 -0.96530 0.14016
vn 0.42848 -0.88974 0.15736
vn 0.61476 -0.77088 0.16678
vn 0.77071 -0.61462 0.16805
vn 0.88920 -0.42822 0.16111
vn 0.96445 -0.22013 0.14624
vn 0.97513 0.00000 0.22162
vn 0.94151 0.21489 0.25956
vn 0.86373 0.41595 0.28453
vn 0.74678 0.59554 0.29605
vn 0.59594 0.74729 0.29396
vn 0.41675 0.86538 0.27828
vn 0.21550 0.94416 0.24925
vn 0.00000 0.97823 0.20750
vn -0.21550 0.94416 0.24925
vn -0.41675 0.86538 0.27828
vn -0.59594 0.74729 0.29396
vn -0.74678 0.59554 0.29605
vn -0.86373 0.41595 0.28453
vn -0.94151 0.21489 0.25956
vn -0.97513 0.00000 0.22162
vn -0.94151 -0.21489 0.25956
vn -0.86373 -0.41595 0.28453
vn -0.74678 -0.59554 0.29605
vn -0.59594 -0.74729 0.29396
vn -0.41675 -0.86538 0.27828
vn -0.21550 -0.94416 0.24925
vn -0.00000 -0.97823 0.20750
vn 0.21550 -0.94416 0.24925
vn 0.41675 -0.86538 0.27828
vn 0.59594 -0.74729 0.29396
vn 0.74678 -0.59554 0.29605
vn 0.86373 -0.41595 0.28453
vn 0.94151 -0.21489 0.25956
vn 0.97513 0.00000 0.22162
vn 0.94151 0.21489 0.25956
vn 0.86373 0.41595 0.28453
vn 0.74678 0.59554 0.29605
vn 0.59594 0.74729 0.29396
vn 0.41675 0.86538 0.27828
vn 0.21550 0.94416 0.24925
vn 0.00000 0.97823 0.20750
vn -0.21550 0.94416 0.24925
vn -0.41675 0.86538 0.27828
vn -0.59594 0.74729 0.29396
vn -0.74678 0.59554 0.29605
vn -0.86373 0.41595 0.28453
vn -0.94151 0.21489 0.25956
vn -0.97513 0.00000 0.22162
vn -0.94151 -0.21489 0.25956
vn -0.86373 -0.41595 0.28453
vn -0.74678 -0.59554 0.29605
vn -0.59594 -0.74729 0.29396
vn -0.41675 -0.86538 0.27828
vn -0.21550 -0.94416 0.24925
vn -0.00000 -0.97823 0.20750
vn 0.21550 -0.94416 0.24925
vn 0.41675 -0.86538 0.27828
vn 0.59594 -0.74729 0.29396
vn 0.74678 -0.59554 0.29605
vn 0.86373 -0.41595 0.28453
vn 0.94151 -0.21489 0.25956
vn 0.00000 0.00000 1.00000
vn 0.00000 0.00000 1.00000
vn 0.00000 0.00000 1.00000
vn 0.00000 0.00000 1.00000
vn 0.00000 0.00000 1.00000
vn 0.00000 0.00000 1.00000
vn 0.00000 0.00000 1.00000
vn 0.00000 0.00000 1.00000
vn 0.00000 0.00000 1.00000
vn 0.00000 0.00000 1.00000
vn 0.00000 0.00000 1.00000
vn 0.00000 0.00000 1.00000
vn 0.00000 0.00000 1.00000
vn 0.00000 0.00000 1.00000
vn 0.00000 0.00000 1.00000
vn 0.00000 0.00000 1.00000
vn 0.00000 0.00000 1.00000
vn 0.00000 0.00000 1.00000
vn 0.00000 0.00000 1.00000
vn 0.00000 0.00000 1.00000
vn 0.00000 0.00000 1.00000
vn 0.00000 0.00000 1.00000
vn 0.00000 0.00000 1.00000
vn 0.00000 0.00000 1.00000
vn 0.00000 0.00000 1.00000
vn 0.00000 0.00000 1.00000
vn 0.00000 0.00000 1.00000
vn 0.00000 0.00000 1.00000
vn 0.00000 0.00000 1.00000
vn 1.00000 0.00000 -0.00000
vn 0.86603 0.50000 -0.00000
vn 0.50000 0.86603 -0.00000
vn 0.00000 1.00000 -0.00000
vn -0.50000 0.86603 -0.00000
vn -0.86603 0.50000 -0.00000
vn -1.00000 0.00000 -0.00000
vn -0.86603 -0.50000 -0.00000
vn -0.50000 -0.86603 -0.00000
vn -0.00000 -1.00000 -0.00000
vn 0.50000 -0.86603 -0.00000
vn 0.86603 -0.50000 -0.00000
vn 1.00000 0.00000 -0.00000
vn 0.86603 0.50000 -0.00000
vn 0.50000 0.86603 -0.00000
vn 0.00000 1.00000 -0.00000
vn -0.50000 0.86603 -0.00000
vn -0.86603 0.50000 -0.00000
vn -1.00000 0.00000 -0.00000
vn -0.86603 -0.50000 -0.00000
vn -0.50000 -0.86603 -0.00000
vn -0.00000 -1.00000 -0.00000
vn 0.50000 -0.86603 -0.00000
vn 0.86603 -0.50000 -0.00000
vn 1.00000 0.00000 -0.00000
vn 0.86603 0.50000 -0.00000
vn 0.50000 0.86603 -0.00000
vn 0.00000 1.00000 -0.00000
vn -0.50000 0.86603 -0.00000
vn -0.86603 0.50000 -0.00000
vn -1.00000 0.00000 -0.00000
vn -0.86603 -0.50000 -0.00000
vn -0.50000 -0.86603 -0.00000
vn -0.00000 -1.00000 -0.00000
vn 0.50000 -0.86603 -0.00000
vn 0.86603 -0.50000 -0.00000
vn 1.00000 0.00000 -0.00000
vn 0.86603 0.50000 -0.00000
vn 0.50000 0.86603 -0.00000
vn 0.00000 1.00000 -0.00000
vn -0.50000 0.86603 -0.00000
vn -0.86603 0.50000 -0.00000
vn -1.00000 0.00000 -0.00000
vn -0.86603 -0.50000 -0.00000
vn -0.50000 -0.86603 -0.00000
vn -0.00000 -1.00000 -0.00000
vn 0.50000 -0.86603 -0.00000
vn 0.86603 -0.50000 -0.00000
vn 1.00000 0.00000 -0.00000
vn 0.86603 0.50000 -0.00000
vn 0.50000 0.86603 -0.00000
vn 0.00000 1.00000 -0.00000
vn -0.50000 0.86603 -0.00000
vn -0.86603 0.50000 -0.00000
vn -1.00000 0.00000 -0.00000
vn -0.86603 -0.50000 -0.00000
vn -0.50000 -0.86603 -0.00000
vn -0.00000 -1.00000 -0.00000
vn 0.50000 -0.86603 -0.00000
vn 0.86603 -0.50000 -0.00000
vn 1.00000 0.00000 -0.00000
vn 0.86603 0.50000 -0.00000
vn 0.50000 0.86603 -0.00000
vn 0.00000 1.00000 -0.00000
vn -0.50000 0.86603 -0.00000
vn -0.86603 0.50000 -0.00000
vn -1.00000 0.00000 -0.00000
vn -0.86603 -0.50000 -0.00000
vn -0.50000 -0.86603 -0.00000
vn -0.00000 -1.00000 -0.00000
vn 0.50000 -0.86603 -0.00000
vn 0.86603 -0.50000 -0.00000
vn 1.00000 0.00000 -0.00000
vn 0.86603 0.50000 -0.00000
vn 0.50000 0.86603 -0.00000
vn 0.00000 1.00000 -0.00000
vn -0.50000 0.86603 -0.00000
vn -0.86603 0.50000 -0.00000
vn -1.00000 0.00000 -0.00000
vn -0.86603 -0.50000 -0.00000
vn -0.50000 -0.86603 -0.00000
vn -0.00000 -1.00000 -0.00000
vn 0.50000 -0.86603 -0.00000
vn 0.86603 -0.50000 -0.00000
vn 1.00000 0.00000 -0.00000
vn 0.86603 0.50000 -0.00000
vn 0.50000 0.86603 -0.00000
vn 0.00000 1.00000 -0.00000
vn -0.50000 0.86603 -0.00000
vn -0.86603 0.50000 -0.00000
vn -1.00000 0.00000 -0.00000
vn -0.86603 -0.50000 -0.00000
vn -0.50000 -0.86603 -0.00000
vn -0.00000 -1.00000 -0.00000
vn 0.50000 -0.86603 -0.00000
vn 0.86603 -0.50000 -0.00000
vn 1.00000 0.00000 -0.00000
vn 0.86603 0.50000 -0.00000
vn 0.50000 0.86603 -0.00000
vn 0.00000 1.00000 -0.00000
vn -0.50000 0.86603 -0.00000
vn -0.86603 0.50000 -0.00000
vn -1.00000 0.00000 -0.00000
vn -0.86603 -0.50000 -0.00000
vn -0.50000 -0.86603 -0.00000
vn -0.00000 -1.00000 -0.00000
vn 0.50000 -0.86603 -0.00000
vn 0.86603 -0.50000 -0.00000
vn 1.00000 0.00000 -0.00000
vn 0.86603 0.50000 -0.00000
vn 0.50000 0.86603 -0.00000
vn 0.00000 1.00000 -0.00000
vn -0.50000 0.86603 -0.00000
vn -0.86603 0.50000 -0.00000
vn -1.00000 0.00000 -0.00000
vn -0.86603 -0.50000 -0.00000
vn -0.50000 -0.86603 -0.00000
vn -0.00000 -1.00000 -0.00000
vn 0.50000 -0.86603 -0.00000
vn 0.86603 -0.50000 -0.00000
vn 1.00000 0.00000 -0.00000
vn 0.86603 0.50000 -0.00000
vn 0.50000 0.86603 -0.00000
vn 0.00000 1.00000 -0.00000
vn -0.50000 0.86603 -0.00000
vn -0.86603 0.50000 -0.00000
vn -1.00000 0.00000 -0.00000
vn -0.86603 -0.50000 -0.00000
vn -0.50000 -0.86603 -0.00000
vn -0.00000 -1.00000 -0.00000
vn 0.50000 -0.86603 -0.00000
vn 0.86603 -0.50000 -0.00000
vn 1.00000 0.00000 -0.00000
vn 0.86603 0.50000 -0.00000
vn 0.50000 0.86603 -0.00000
vn 0.00000 1.00000 -0.00000
vn -0.50000 0.86603 -0.00000
vn -0.86603 0.50000 -0.00000
vn -1.00000 0.00000 -0.00000
vn -0.86603 -0.50000 -0.00000
vn -0.50000 -0.86603 -0.00000
vn -0.00000 -1.00000 -0.00000
vn 0.50000 -0.86603 -0.00000
vn 0.86603 -0.50000 -0.00000
vn 1.00000 0.00000 -0.00000
vn 0.86603 0.50000 -0.00000
vn 0.50000 0.86603 -0.00000
vn 0.00000 1.00000 -0.00000
vn -0.50000 0.86603 -0.00000
vn -0.86603 0.50000 -0.00000
vn -1.00000 0.00000 -0.00000
vn -0.86603 -0.50000 -0.00000
vn -0.50000 -0.86603 -0.00000
vn -0.00000 -1.00000 -0.00000
vn 0.50000 -0.86603 -0.00000
vn 0.86603 -0.50000 -0.00000
vn 1.00000 0.00000 -0.00000
vn 0.86603 0.50000 -0.00000
vn 0.50000 0.86603 -0.00000
vn 0.00000 1.00000 -0.00000
vn -0.50000 0.86603 -0.00000
vn -0.86603 0.50000 -0.00000
vn -1.00000 0.00000 -0.00000
vn -0.86603 -0.50000 -0.00000
vn -0.50000 -0.86603 -0.00000
vn -0.00000 -1.00000 -0.00000
vn 0.50000 -0.86603 -0.00000
vn 0.86603 -0.50000 -0.00000
vn 1.00000 0.00000 -0.00000
vn 0.86603 0.50000 -0.00000
vn 0.50000 0.86603 -0.00000
vn 0.00000 1.00000 -0.00000
vn -0.50000 0.86603 -0.00000
vn -0.86603 0.50000 -0.00000
vn -1.00000 0.00000 -0.00000
vn -0.86603 -0.50000 -0.00000
vn -0.50000 -0.86603 -0.00000
vn -0.00000 -1.00000 -0.00000
vn 0.50000 -0.86603 -0.00000
vn 0.86603 -0.50000 -0.00000
vn 1.00000 0.00000 -0.00000
vn 0.86603 0.50000 -0.00000
vn 0.50000 0.86603 -0.00000
vn 0.00000 1.00000 -0.00000
vn -0.50000 0.86603 -0.00000
vn -0.86603 0.50000 -0.00000
vn -1.00000 0.00000 -0.00000
vn -0.86603 -0.50000 -0.00000
vn -0.50000 -0.86603 -0.00000
vn -0.00000 -1.00000 -0.00000
vn 0.50000 -0.86603 -0.00000
vn 0.86603 -0.50000 -0.00000
vn 1.00000 0.00000 0.00000
vn 1.00000 0.00000 0.00000
vn 1.00000 0.00000 0.00000
vn 1.00000 0.00000 0.00000
vn -1.00000 0.00000 0.00000
vn -1.00000 0.00000 0.00000
vn -1.00000 0.00000 0.00000
vn -1.00000 0.00000 0.00000
vn 0.00000 1.00000 0.00000
vn 0.00000 1.00000 0.00000
vn 0.00000 1.00000 0.00000
vn 0.00000 1.00000 0.00000
vn 0.00000 -1.00000 0.00000
vn 0.00000 -1.00000 0.00000
vn 0.00000 -1.00000 0.00000
vn 0.00000 -1.00000 0.00000
vn 0.00000 0.00000 1.00000
vn 0.00000 0.00000 1.00000
vn 0.00000 0.00000 1.00000
vn 0.00000 0.00000 1.00000
vn 0.00000 0.00000 -1.00000
vn 0.00000 0.00000 -1.00000
vn 0.00000 0.00000 -1.00000
vn 0.00000 0.00000 -1.00000
vn -0.19612 0.98058 0.00000
vn -0.19612 0.98058 0.00000
vn -0.19612 0.98058 0.00000
vn -0.19612 0.98058 0.00000
vn 0.19612 -0.98058 0.00000
vn 0.19612 -0.98058 0.00000
vn 0.19612 -0.98058 0.00000
vn 0.19612 -0.98058 0.00000
vn -0.54627 0.00000 -0.83761
vn -0.54627 0.00000 -0.83761
vn -0.54627 0.00000 -0.83761
vn -0.54627 0.00000 -0.83761
vn -1.00000 0.00000 0.00000
vn -1.00000 0.00000 0.00000
vn -1.00000 0.00000 0.00000
vn -1.00000 0.00000 0.00000
vn 0.10806 0.00000 0.99414
vn 0.10806 0.00000 0.99414
vn 0.10806 0.00000 0.99414
vn 0.10806 0.00000 0.99414
vn 1.00000 0.00000 0.00000
vn 1.00000 0.00000 0.00000
vn 1.00000 0.00000 0.00000
vn 1.00000 0.00000 0.00000
vn 0.87058 0.00000 -0.49203
vn 0.81169 0.18526 -0.55393
vn 0.72696 0.35009 -0.59073
vn 0.62180 0.49587 -0.60620
vn 0.49781 0.62424 -0.60208
vn 0.35409 0.73528 -0.57791
vn 0.18856 0.82611 -0.53102
vn 0.00000 0.88946 -0.45700
vn -0.18856 0.82611 -0.53102
vn -0.35409 0.73528 -0.57791
vn -0.49781 0.62424 -0.60208
vn -0.62180 0.49587 -0.60620
vn -0.72696 0.35009 -0.59073
vn -0.81169 0.18526 -0.55393
vn -0.87058 0.00000 -0.49203
vn -0.81169 -0.18526 -0.55393
vn -0.72696 -0.35009 -0.59073
vn -0.62180 -0.49587 -0.60620
vn -0.49781 -0.62424 -0.60208
vn -0.35409 -0.73528 -0.57791
vn -0.18856 -0.82611 -0.53102
vn -0.00000 -0.88946 -0.45700
vn 0.18856 -0.82611 -0.53102
vn 0.35409 -0.73528 -0.57791
vn 0.49781 -0.62424 -0.60208
vn 0.62180 -0.49587 -0.60620
vn 0.72696 -0.35009 -0.59073
vn 0.81169 -0.18526 -0.55393
vn 0.88828 0.00000 -0.45931
vn 0.83278 0.19008 -0.51996
vn 0.74856 0.36049 -0.55652
vn 0.64130 0.51142 -0.57200
vn 0.51320 0.64354 -0.56787
vn 0.36414 0.75615 -0.54373
vn 0.19304 0.84578 -0.49739
vn 0.00000 0.90500 -0.42541
vn -0.19304 0.84578 -0.49739
vn -0.36414 0.75615 -0.54373
vn -0.51320 0.64354 -0.56787
vn -0.64130 0.51142 -0.57200
vn -0.74856 0.36049 -0.55652
vn -0.83278 0.19008 -0.51996
vn -0.88828 0.00000 -0.45931
vn -0.83278 -0.19008 -0.51996
vn -0.74856 -0.36049 -0.55652
vn -0.64130 -0.51142 -0.57200
vn -0.51320 -0.64354 -0.56787
vn -0.36414 -0.75615 -0.54373
vn -0.19304 -0.84578 -0.49739
vn -0.00000 -0.90500 -0.42541
vn 0.19304 -0.84578 -0.49739
vn 0.36414 -0.75615 -0.54373
vn 0.51320 -0.64354 -0.56787
vn 0.64130 -0.51142 -0.57200
vn 0.74856 -0.36049 -0.55652
vn 0.83278 -0.19008 -0.51996
vn 0.93449 0.00000 -0.35600
vn 0.88956 0.20304 -0.40921
vn 0.80794 0.38908 -0.44254
vn 0.69542 0.55458 -0.45699
vn 0.55581 0.69696 -0.45312
vn 0.39156 0.81309 -0.43077
vn 0.20498 0.89809 -0.38912
vn 0.00000 0.94494 -0.32726
vn -0.20498 0.89809 -0.38912
vn -0.39156 0.81309 -0.43077
vn -0.55581 0.69696 -0.45312
vn -0.69542 0.55458 -0.45699
vn -0.80794 0.38908 -0.44254
vn -0.88956 0.20304 -0.40921
vn -0.93449 0.00000 -0.35600
vn -0.88956 -0.20304 -0.40921
vn -0.80794 -0.38908 -0.44254
vn -0.69542 -0.55458 -0.45699
vn -0.55581 -0.69696 -0.45312
vn -0.39156 -0.81309 -0.43077
vn -0.20498 -0.89809 -0.38912
vn -0.00000 -0.94494 -0.32726
vn 0.20498 -0.89809 -0.38912
vn 0.39156 -0.81309 -0.43077
vn 0.55581 -0.69696 -0.45312
vn 0.69542 -0.55458 -0.45699
vn 0.80794 -0.38908 -0.44254
vn 0.88956 -0.20304 -0.40921
vn 0.98368 0.00000 -0.17994
vn 0.95308 0.21753 -0.21052
vn 0.87669 0.42219 -0.23058
vn 0.75907 0.60534 -0.23952
vn 0.60571 0.75954 -0.23711
vn 0.42292 0.87820 -0.22340
vn 0.21808 0.95547 -0.19878
vn 0.00000 0.98645 -0.16404
vn -0.21808 0.95547 -0.19878
vn -0.42292 0.87820 -0.22340
vn -0.60571 0.75954 -0.23711
vn -0.75907 0.60534 -0.23952
vn -0.87669 0.42219 -0.23058
vn -0.95308 0.21753 -0.21052
vn -0.98368 0.00000 -0.17994
vn -0.95308 -0.21753 -0.21052
vn -0.87669 -0.42219 -0.23058
vn -0.75907 -0.60534 -0.23952
vn -0.60571 -0.75954 -0.23711
vn -0.42292 -0.87820 -0.22340
vn -0.21808 -0.95547 -0.19878
vn -0.00000 -0.98645 -0.16404
vn 0.21808 -0.95547 -0.19878
vn 0.42292 -0.87820 -0.22340
vn 0.60571 -0.75954 -0.23711
vn 0.75907 -0.60534 -0.23952
vn 0.87669 -0.42219 -0.23058
vn 0.95308 -0.21753 -0.21052
vn 0.99934 0.00000 -0.03643
vn 0.97403 0.22232 -0.04287
vn 0.89997 0.43340 -0.04717
vn 0.78089 0.62274 -0.04910
vn 0.62275 0.78091 -0.04858
vn 0.43343 0.90003 -0.04562
vn 0.22234 0.97413 -0.04038
vn 0.00000 0.99945 -0.03312
vn -0.22234 0.97413 -0.04038
vn -0.43343 0.90003 -0.04562
vn -0.62275 0.78091 -0.04858
vn -0.78089 0.62274 -0.04910
vn -0.89997 0.43340 -0.04717
vn -0.97403 0.22232 -0.04287
vn -0.99934 0.00000 -0.03643
vn -0.97403 -0.22232 -0.04287
vn -0.89997 -0.43340 -0.04717
vn -0.78089 -0.62274 -0.04910
vn -0.62275 -0.78091 -0.04858
vn -0.43343 -0.90003 -0.04562
vn -0.22234 -0.97413 -0.04038
vn -0.00000 -0.99945 -0.03312
vn 0.22234 -0.97413 -0.04038
vn 0.43343 -0.90003 -0.04562
vn 0.62275 -0.78091 -0.04858
vn 0.78089 -0.62274 -0.04910
vn 0.89997 -0.43340 -0.04717
vn 0.97403 -0.22232 -0.04287
vn 1.00000 0.00000 -0.00000
vn 0.97493 0.22252 -0.00000
vn 0.90097 0.43388 -0.00000
vn 0.78183 0.62349 -0.00000
vn 0.62349 0.78183 -0.00000
vn 0.43388 0.90097 -0.00000
vn 0.22252 0.97493 -0.00000
vn 0.00000 1.00000 -0.00000
vn -0.22252 0.97493 -0.00000
vn -0.43388 0.90097 -0.00000
vn -0.62349 0.78183 -0.00000
vn -0.78183 0.62349 -0.00000
vn -0.90097 0.43388 -0.00000
vn -0.97493 0.22252 -0.00000
vn -1.00000 0.00000 -0.00000
vn -0.97493 -0.22252 -0.00000
vn -0.90097 -0.43388 -0.00000
vn -0.78183 -0.62349 -0.00000
vn -0.62349 -0.78183 -0.00000
vn -0.43388 -0.90097 -0.00000
vn -0.22252 -0.97493 -0.00000
vn -0.00000 -1.00000 -0.00000
vn 0.22252 -0.97493 -0.00000
vn 0.43388 -0.90097 -0.00000
vn 0.62349 -0.78183 -0.00000
vn 0.78183 -0.62349 -0.00000
vn 0.90097 -0.43388 -0.00000
vn 0.97493 -0.22252 -0.00000
vn 1.00000 0.00000 -0.00000
vn 0.97493 0.22252 -0.00000
vn 0.90097 0.43388 -0.00000
vn 0.78183 0.62349 -0.00000
vn 0.62349 0.78183 -0.00000
vn 0.43388 0.90097 -0.00000
vn 0.22252 0.97493 -0.00000
vn 0.00000 1.00000 -0.00000
vn -0.22252 0.97493 -0.00000
vn -0.43388 0.90097 -0.00000
vn -0.62349 0.78183 -0.00000
vn -0.78183 0.62349 -0.00000
vn -0.90097 0.43388 -0.00000
vn -0.97493 0.22252 -0.00000
vn -1.00000 0.00000 -0.00000
vn -0.97493 -0.22252 -0.00000
vn -0.90097 -0.43388 -0.00000
vn -0.78183 -0.62349 -0.00000
vn -0.62349 -0.78183 -0.00000
vn -0.43388 -0.90097 -0.00000
vn -0.22252 -0.97493 -0.00000
vn -0.00000 -1.00000 -0.00000
vn 0.22252 -0.97493 -0.00000
vn 0.43388 -0.90097 -0.00000
vn 0.62349 -0.78183 -0.00000
vn 0.78183 -0.62349 -0.00000
vn 0.90097 -0.43388 -0.00000
vn 0.97493 -0.22252 -0.00000
vn 1.00000 0.00000 -0.00000
vn 0.97493 0.22252 -0.00000
vn 0.90097 0.43388 -0.00000
vn 0.78183 0.62349 -0.00000
vn 0.62349 0.78183 -0.00000
vn 0.43388 0.90097 -0.00000
vn 0.22252 0.97493 -0.00000
vn 0.00000 1.00000 -0.00000
vn -0.22252 0.97493 -0.00000
vn -0.43388 0.90097 -0.00000
vn -0.62349 0.78183 -0.00000
vn -0.78183 0.62349 -0.00000
vn -0.90097 0.43388 -0.00000
vn -0.97493 0.22252 -0.00000
vn -1.00000 0.00000 -0.00000
vn -0.97493 -0.22252 -0.00000
vn -0.90097 -0.43388 -0.00000
vn -0.78183 -0.62349 -0.00000
vn -0.62349 -0.78183 -0.00000
vn -0.43388 -0.90097 -0.00000
vn -0.22252 -0.97493 -0.00000
vn -0.00000 -1.00000 -0.00000
vn 0.22252 -0.97493 -0.00000
vn 0.43388 -0.90097 -0.00000
vn 0.62349 -0.78183 -0.00000
vn 0.78183 -0.62349 -0.00000
vn 0.90097 -0.43388 -0.00000
vn 0.97493 -0.22252 -0.00000
vn 1.00000 0.00000 -0.00000
vn 0.97493 0.22252 -0.00000
vn 0.90097 0.43388 -0.00000
vn 0.78183 0.62349 -0.00000
vn 0.62349 0.78183 -0.00000
vn 0.43388 0.90097 -0.00000
vn 0.22252 0.97493 -0.00000
vn 0.00000 1.00000 -0.00000
vn -0.22252 0.97493 -0.00000
vn -0.43388 0.90097 -0.00000
vn -0.62349 0.78183 -0.00000
vn -0.78183 0.62349 -0.00000
vn -0.90097 0.43388 -0.00000
vn -0.97493 0.22252 -0.00000
vn -1.00000 0.00000 -0.00000
vn -0.97493 -0.22252 -0.00000
vn -0.90097 -0.43388 -0.00000
vn -0.78183 -0.62349 -0.00000
vn -0.62349 -0.78183 -0.00000
vn -0.43388 -0.90097 -0.00000
vn -0.22252 -0.97493 -0.00000
vn -0.00000 -1.00000 -0.00000
vn 0.22252 -0.97493 -0.00000
vn 0.43388 -0.90097 -0.00000
vn 0.62349 -0.78183 -0.00000
vn 0.78183 -0.62349 -0.00000
vn 0.90097 -0.43388 -0.00000
vn 0.97493 -0.22252 -0.00000
vn 1.00000 0.00000 -0.00000
vn 0.97493 0.22252 -0.00000
vn 0.90097 0.43388 -0.00000
vn 0.78183 0.62349 -0.00000
vn 0.62349 0.78183 -0.00000
vn 0.43388 0.90097 -0.00000
vn 0.22252 0.97493 -0.00000
vn 0.00000 1.00000 -0.00000
vn -0.22252 0.97493 -0.00000
vn -0.43388 0.90097 -0.00000
vn -0.62349 0.78183 -0.00000
vn -0.78183 0.62349 -0.00000
vn -0.90097 0.43388 -0.00000
vn -0.97493 0.22252 -0.00000
vn -1.00000 0.00000 -0.00000
vn -0.97493 -0.22252 -0.00000
vn -0.90097 -0.43388 -0.00000
vn -0.78183 -0.62349 -0.00000
vn -0.62349 -0.78183 -0.00000
vn -0.43388 -0.90097 -0.00000
vn -0.22252 -0.97493 -0.00000
vn -0.00000 -1.00000 -0.00000
vn 0.22252 -0.97493 -0.00000
vn 0.43388 -0.90097 -0.00000
vn 0.62349 -0.78183 -0.00000
vn 0.78183 -0.62349 -0.00000
vn 0.90097 -0.43388 -0.00000
vn 0.97493 -0.22252 -0.00000
vn 1.00000 0.00000 -0.00000
vn 0.97493 0.22252 -0.00000
vn 0.90097 0.43388 -0.00000
vn 0.78183 0.62349 -0.00000
vn 0.62349 0.78183 -0.00000
vn 0.43388 0.90097 -0.00000
vn 0.22252 0.97493 -0.00000
vn 0.00000 1.00000 -0.00000
vn -0.22252 0.97493 -0.00000
vn -0.43388 0.90097 -0.00000
vn -0.62349 0.78183 -0.00000
vn -0.78183 0.62349 -0.00000
vn -0.90097 0.43388 -0.00000
vn -0.97493 0.22252 -0.00000
vn -1.00000 0.00000 -0.00000
vn -0.97493 -0.22252 -0.00000
vn -0.90097 -0.43388 -0.00000
vn -0.78183 -0.62349 -0.00000
vn -0.62349 -0.78183 -0.00000
vn -0.43388 -0.90097 -0.00000
vn -0.22252 -0.97493 -0.00000
vn -0.00000 -1.00000 -0.00000
vn 0.22252 -0.97493 -0.00000
vn 0.43388 -0.90097 -0.00000
vn 0.62349 -0.78183 -0.00000
vn 0.78183 -0.62349 -0.00000
vn 0.90097 -0.43388 -0.00000
vn 0.97493 -0.22252 -0.00000
vn 1.00000 0.00000 -0.00000
vn 0.97493 0.22252 -0.00000
vn 0.90097 0.43388 -0.00000
vn 0.78183 0.62349 -0.00000
vn 0.62349 0.78183 -0.00000
vn 0.43388 0.90097 -0.00000
vn 0.22252 0.97493 -0.00000
vn 0.00000 1.00000 -0.00000
vn -0.22252 0.97493 -0.00000
vn -0.43388 0.90097 -0.00000
vn -0.62349 0.78183 -0.00000
vn -0.78183 0.62349 -0.00000
vn -0.90097 0.43388 -0.00000
vn -0.97493 0.22252 -0.00000
vn -1.00000 0.00000 -0.00000
vn -0.97493 -0.22252 -0.00000
vn -0.90097 -0.43388 -0.00000
vn -0.78183 -0.62349 -0.00000
vn -0.62349 -0.78183 -0.00000
vn -0.43388 -0.90097 -0.00000
vn -0.22252 -0.97493 -0.00000
vn -0.00000 -1.00000 -0.00000
vn 0.22252 -0.97493 -0.00000
vn 0.43388 -0.90097 -0.00000
vn 0.62349 -0.78183 -0.00000
vn 0.78183 -0.62349 -0.00000
vn 0.90097 -0.43388 -0.00000
vn 0.97493 -0.22252 -0.00000
vn 1.00000 0.00000 -0.00000
vn 0.97493 0.22252 -0.00000
vn 0.90097 0.43388 -0.00000
vn 0.78183 0.62349 -0.00000
vn 0.62349 0.78183 -0.00000
vn 0.43388 0.90097 -0.00000
vn 0.22252 0.97493 -0.00000
vn 0.00000 1.00000 -0.00000
vn -0.22252 0.97493 -0.00000
vn -0.43388 0.90097 -0.00000
vn -0.62349 0.78183 -0.00000
vn -0.78183 0.62349 -0.00000
vn -0.90097 0.43388 -0.00000
vn -0.97493 0.22252 -0.00000
vn -1.00000 0.00000 -0.00000
vn -0.97493 -0.22252 -0.00000
vn -0.90097 -0.43388 -0.00000
vn -0.78183 -0.62349 -0.00000
vn -0.62349 -0.78183 -0.00000
vn -0.43388 -0.90097 -0.00000
vn -0.22252 -0.97493 -0.00000
vn -0.00000 -1.00000 -0.00000
vn 0.22252 -0.97493 -0.00000
vn 0.43388 -0.90097 -0.00000
vn 0.62349 -0.78183 -0.00000
vn 0.78183 -0.62349 -0.00000
vn 0.90097 -0.43388 -0.00000
vn 0.97493 -0.22252 -0.00000
vn 1.00000 0.00000 -0.00000
vn 0.97493 0.22252 -0.00000
vn 0.90097 0.43388 -0.00000
vn 0.78183 0.62349 -0.00000
vn 0.62349 0.78183 -0.00000
vn 0.43388 0.90097 -0.00000
vn 0.22252 0.97493 -0.00000
vn 0.00000 1.00000 -0.00000
vn -0.22252 0.97493 -0.00000
vn -0.43388 0.90097 -0.00000
vn -0.62349 0.78183 -0.00000
vn -0.78183 0.62349 -0.00000
vn -0.90097 0.43388 -0.00000
vn -0.97493 0.22252 -0.00000
vn -1.00000 0.00000 -0.00000
vn -0.97493 -0.22252 -0.00000
vn -0.90097 -0.43388 -0.00000
vn -0.78183 -0.62349 -0.00000
vn -0.62349 -0.78183 -0.00000
vn -0.43388 -0.90097 -0.00000
vn -0.22252 -0.97493 -0.00000
vn -0.00000 -1.00000 -0.00000
vn 0.22252 -0.97493 -0.00000
vn 0.43388 -0.90097 -0.00000
vn 0.62349 -0.78183 -0.00000
vn 0.78183 -0.62349 -0.00000
vn 0.90097 -0.43388 -0.00000
vn 0.97493 -0.22252 -0.00000
vn 1.00000 0.00000 -0.00000
vn 0.97493 0.22252 -0.00000
vn 0.90097 0.43388 -0.00000
vn 0.78183 0.62349 -0.00000
vn 0.62349 0.78183 -0.00000
vn 0.43388 0.90097 -0.00000
vn 0.22252 0.97493 -0.00000
vn 0.00000 1.00000 -0.00000
vn -0.22252 0.97493 -0.00000
vn -0.43388 0.90097 -0.00000
vn -0.62349 0.78183 -0.00000
vn -0.78183 0.62349 -0.00000
vn -0.90097 0.43388 -0.00000
vn -0.97493 0.22252 -0.00000
vn -1.00000 0.00000 -0.00000
vn -0.97493 -0.22252 -0.00000
vn -0.90097 -0.43388 -0.00000
vn -0.78183 -0.62349 -0.00000
vn -0.62349 -0.78183 -0.00000
vn -0.43388 -0.90097 -0.00000
vn -0.22252 -0.97493 -0.00000
vn -0.00000 -1.00000 -0.00000
vn 0.22252 -0.97493 -0.00000
vn 0.43388 -0.90097 -0.00000
vn 0.62349 -0.78183 -0.00000
vn 0.78183 -0.62349 -0.00000
vn 0.90097 -0.43388 -0.00000
vn 0.97493 -0.22252 -0.00000
vn 1.00000 0.00000 -0.00000
vn 0.97493 0.22252 -0.00000
vn 0.90097 0.43388 -0.00000
vn 0.78183 0.62349 -0.00000
vn 0.62349 0.78183 -0.00000
vn 0.43388 0.90097 -0.00000
vn 0.22252 0.97493 -0.00000
vn 0.00000 1.00000 -0.00000
vn -0.22252 0.97493 -0.00000
vn -0.43388 0.90097 -0.00000
vn -0.62349 0.78183 -0.00000
vn -0.78183 0.62349 -0.00000
vn -0.90097 0.43388 -0.00000
vn -0.97493 0.22252 -0.00000
vn -1.00000 0.00000 -0.00000
vn -0.97493 -0.22252 -0.00000
vn -0.90097 -0.43388 -0.00000
vn -0.78183 -0.62349 -0.00000
vn -0.62349 -0.78183 -0.00000
vn -0.43388 -0.90097 -0.00000
vn -0.22252 -0.97493 -0.00000
vn -0.00000 -1.00000 -0.00000
vn 0.22252 -0.97493 -0.00000
vn 0.43388 -0.90097 -0.00000
vn 0.62349 -0.78183 -0.00000
vn 0.78183 -0.62349 -0.00000
vn 0.90097 -0.43388 -0.00000
vn 0.97493 -0.22252 -0.00000
vn 1.00000 0.00000 -0.00000
vn 0.97493 0.22252 -0.00000
vn 0.90097 0.43388 -0.00000
vn 0.78183 0.62349 -0.00000
vn 0.62349 0.78183 -0.00000
vn 0.43388 0.90097 -0.00000
vn 0.22252 0.97493 -0.00000
vn 0.00000 1.00000 -0.00000
vn -0.22252 0.97493 -0.00000
vn -0.43388 0.90097 -0.00000
vn -0.62349 0.78183 -0.00000
vn -0.78183 0.62349 -0.00000
vn -0.90097 0.43388 -0.00000
vn -0.97493 0.22252 -0.00000
vn -1.00000 0.00000 -0.00000
vn -0.97493 -0.22252 -0.00000
vn -0.90097 -0.43388 -0.00000
vn -0.78183 -0.62349 -0.00000
vn -0.62349 -0.78183 -0.00000
vn -0.43388 -0.90097 -0.00000
vn -0.22252 -0.97493 -0.00000
vn -0.00000 -1.00000 -0.00000
vn 0.22252 -0.97493 -0.00000
vn 0.43388 -0.90097 -0.00000
vn 0.62349 -0.78183 -0.00000
vn 0.78183 -0.62349 -0.00000
vn 0.90097 -0.43388 -0.00000
vn 0.97493 -0.22252 -0.00000
vn 1.00000 0.00000 -0.00000
vn 0.97493 0.22252 -0.00000
vn 0.90097 0.43388 -0.00000
vn 0.78183 0.62349 -0.00000
vn 0.62349 0.78183 -0.00000
vn 0.43388 0.90097 -0.00000
vn 0.22252 0.97493 -0.00000
vn 0.00000 1.00000 -0.00000
vn -0.22252 0.97493 -0.00000
vn -0.43388 0.90097 -0.00000
vn -0.62349 0.78183 -0.00000
vn -0.78183 0.62349 -0.00000
vn -0.90097 0.43388 -0.00000
vn -0.97493 0.22252 -0.00000
vn -1.00000 0.00000 -0.00000
vn -0.97493 -0.22252 -0.00000
vn -0.90097 -0.43388 -0.00000
vn -0.78183 -0.62349 -0.00000
vn -0.62349 -0.78183 -0.00000
vn -0.43388 -0.90097 -0.00000
vn -0.22252 -0.97493 -0.00000
vn -0.00000 -1.00000 -0.00000
vn 0.22252 -0.97493 -0.00000
vn 0.43388 -0.90097 -0.00000
vn 0.62349 -0.78183 -0.00000
vn 0.78183 -0.62349 -0.00000
vn 0.90097 -0.43388 -0.00000
vn 0.97493 -0.22252 -0.00000
vn 0.99994 0.00000 0.01136
vn 0.97484 0.22250 0.01344
vn 0.90087 0.43384 0.01484
vn 0.78174 0.62341 0.01550
vn 0.62342 0.78174 0.01538
vn 0.43384 0.90087 0.01448
vn 0.22250 0.97485 0.01287
vn 0.00000 0.99994 0.01061
vn -0.22250 0.97485 0.01287
vn -0.43384 0.90087 0.01448
vn -0.62342 0.78174 0.01538
vn -0.78174 0.62341 0.01550
vn -0.90087 0.43384 0.01484
vn -0.97484 0.22250 0.01344
vn -0.99994 0.00000 0.01136
vn -0.97484 -0.22250 0.01344
vn -0.90087 -0.43384 0.01484
vn -0.78174 -0.62341 0.01550
vn -0.62342 -0.78174 0.01538
vn -0.43384 -0.90087 0.01448
vn -0.22250 -0.97485 0.01287
vn -0.00000 -0.99994 0.01061
vn 0.22250 -0.97485 0.01287
vn 0.43384 -0.90087 0.01448
vn 0.62342 -0.78174 0.01538
vn 0.78174 -0.62341 0.01550
vn 0.90087 -0.43384 0.01484
vn 0.97484 -0.22250 0.01344
vn 0.99228 0.00000 0.12403
vn 0.96445 0.22013 0.14624
vn 0.88920 0.42822 0.16111
vn 0.77071 0.61462 0.16805
vn 0.61476 0.77088 0.16678
vn 0.42848 0.88974 0.15736
vn 0.22032 0.96530 0.14016
vn 0.00000 0.99326 0.11588
vn -0.22032 0.96530 0.14016
vn -0.42848 0.88974 0.15736
vn -0.61476 0.77088 0.16678
vn -0.77071 0.61462 0.16805
vn -0.88920 0.42822 0.16111
vn -0.96445 0.22013 0.14624
vn -0.99228 0.00000 0.12403
vn -0.96445 -0.22013 0.14624
vn -0.88920 -0.42822 0.16111
vn -0.77071 -0.61462 0.16805
vn -0.61476 -0.77088 0.16678
vn -0.42848 -0.88974 0.15736
vn -0.22032 -0.96530 0.14016
vn -0.00000 -0.99326 0.11588
vn 0.22032 -0.96530 0.14016
vn 0.42848 -0.88974 0.15736
vn 0.61476 -0.77088 0.16678
vn 0.77071 -0.61462 0.16805
vn 0.88920 -0.42822 0.16111
vn 0.96445 -0.22013 0.14624
vn 0.97513 0.00000 0.22162
vn 0.94151 0.21489 0.25956
vn 0.86373 0.41595 0.28453
vn 0.74678 0.59554 0.29605
vn 0.59594 0.74729 0.29396
vn 0.41675 0.86538 0.27828
vn 0.21550 0.94416 0.24925
vn 0.00000 0.97823 0.20750
vn -0.21550 0.94416 0.24925
vn -0.41675 0.86538 0.27828
vn -0.59594 0.74729 0.29396
vn -0.74678 0.59554 0.29605
vn -0.86373 0.41595 0.28453
vn -0.94151 0.21489 0.25956
vn -0.97513 0.00000 0.22162
vn -0.94151 -0.21489 0.25956
vn -0.86373 -0.41595 0.28453
vn -0.74678 -0.59554 0.29605
vn -0.59594 -0.74729 0.29396
vn -0.41675 -0.86538 0.27828
vn -0.21550 -0.94416 0.24925
vn -0.00000 -0.97823 0.20750
vn 0.21550 -0.94416 0.24925
vn 0.41675 -0.86538 0.27828
vn 0.59594 -0.74729 0.29396
vn 0.74678 -0.59554 0.29605
vn 0.86373 -0.41595 0.28453
vn 0.94151 -0.21489 0.25956
vn 0.97513 0.00000 0.22162
vn 0.94151 0.21489 0.25956
vn 0.86373 0.41595 0.28453
vn 0.74678 0.59554 0.29605
vn 0.59594 0.74729 0.29396
vn 0.41675 0.86538 0.27828
vn 0.21550 0.94416 0.24925
vn 0.00000 0.97823 0.20750
vn -0.21550 0.94416 0.24925
vn -0.41675 0.86538 0.27828
vn -0.59594 0.74729 0.29396
vn -0.74678 0.59554 0.29605
vn -0.86373 0.41595 0.28453
vn -0.94151 0.21489 0.25956
vn -0.97513 0.00000 0.22162
vn -0.94151 -0.21489 0.25956
vn -0.86373 -0.41595 0.28453
vn -0.74678 -0.59554 0.29605
vn -0.59594 -0.74729 0.29396
vn -0.41675 -0.86538 0.27828
vn -0.21550 -0.94416 0.24925
vn -0.00000 -0.97823 0.20750
vn 0.21550 -0.94416 0.24925
vn 0.41675 -0.86538 0.27828
vn 0.59594 -0.74729 0.29396
vn 0.74678 -0.59554 0.29605
vn 0.86373 -0.41595 0.28453
vn 0.94151 -0.21489 0.25956
vn 0.00000 0.00000 1.00000
vn 0.00000 0.00000 1.00000
vn 0.00000 0.00000 1.00000
vn 0.00000 0.00000 1.00000
vn 0.00000 0.00000 1.00000
vn 0.00000 0.00000 1.00000
vn 0.00000 0.00000 1.00000
vn 0.00000 0.00000 1.00000
vn 0.00000 0.00000 1.00000
vn 0.00000 0.00000 1.00000
vn 0.00000 0.00000 1.00000
vn 0.00000 0.00000 1.00000
vn 0.00000 0.00000 1.00000
vn 0.00000 0.00000 1.00000
vn 0.00000 0.00000 1.00000
vn 0.00000 0.00000 1.00000
vn 0.00000 0.00000 1.00000
vn 0.00000 0.00000 1.00000
vn 0.00000 0.00000 1.00000
vn 0.00000 0.00000 1.00000
vn 0.00000 0.00000 1.00000
vn 0.00000 0.00000 1.00000
vn 0.00000 0.00000 1.00000
vn 0.00000 0.00000 1.00000
vn 0.00000 0.00000 1.00000
vn 0.00000 0.00000 1.00000
vn 0.00000 0.00000 1.00000
vn 0.00000 0.00000 1.00000
vn 0.00000 0.00000 1.00000
vn 1.00000 0.00000 -0.00000
vn 0.86603 0.50000 -0.00000
vn 0.50000 0.86603 -0.00000
vn 0.00000 1.00000 -0.00000
vn -0.50000 0.86603 -0.00000
vn -0.86603 0.50000 -0.00000
vn -1.00000 0.00000 -0.00000
vn -0.86603 -0.50000 -0.00000
vn -0.50000 -0.86603 -0.00000
vn -0.00000 -1.00000 -0.00000
vn 0.50000 -0.86603 -0.00000
vn 0.86603 -0.50000 -0.00000
vn 1.00000 0.00000 -0.00000
vn 0.86603 0.50000 -0.00000
vn 0.50000 0.86603 -0.00000
vn 0.00000 1.00000 -0.00000
vn -0.50000 0.86603 -0.00000
vn -0.86603 0.50000 -0.00000
vn -1.00000 0.00000 -0.00000
vn -0.86603 -0.50000 -0.00000
vn -0.50000 -0.86603 -0.00000
vn -0.00000 -1.00000 -0.00000
vn 0.50000 -0.86603 -0.00000
vn 0.86603 -0.50000 -0.00000
vn 1.00000 0.00000 -0.00000
vn 0.86603 0.50000 -0.00000
vn 0.50000 0.86603 -0.00000
vn 0.00000 1.00000 -0.00000
vn -0.50000 0.86603 -0.00000
vn -0.86603 0.50000 -0.00000
vn -1.00000 0.00000 -0.00000
vn -0.86603 -0.50000 -0.00000
vn -0.50000 -0.86603 -0.00000
vn -0.00000 -1.00000 -0.00000
vn 0.50000 -0.86603 -0.00000
vn 0.86603 -0.50000 -0.00000
vn 1.00000 0.00000 -0.00000
vn 0.86603 0.50000 -0.00000
vn 0.50000 0.86603 -0.00000
vn 0.00000 1.00000 -0.00000
vn -0.50000 0.86603 -0.00000
vn -0.86603 0.50000 -0.00000
vn -1.00000 0.00000 -0.00000
vn -0.86603 -0.50000 -0.00000
vn -0.50000 -0.86603 -0.00000
vn -0.00000 -1.00000 -0.00000
vn 0.50000 -0.86603 -0.00000
vn 0.86603 -0.50000 -0.00000
vn 1.00000 0.00000 -0.00000
vn 0.86603 0.50000 -0.00000
vn 0.50000 0.86603 -0.00000
vn 0.00000 1.00000 -0.00000
vn -0.50000 0.86603 -0.00000
vn -0.86603 0.50000 -0.00000
vn -1.00000 0.00000 -0.00000
vn -0.86603 -0.50000 -0.00000
vn -0.50000 -0.86603 -0.00000
vn -0.00000 -1.00000 -0.00000
vn 0.50000 -0.86603 -0.00000
vn 0.86603 -0.50000 -0.00000
vn 1.00000 0.00000 -0.00000
vn 0.86603 0.50000 -0.00000
vn 0.50000 0.86603 -0.00000
vn 0.00000 1.00000 -0.00000
vn -0.50000 0.86603 -0.00000
vn -0.86603 0.50000 -0.00000
vn -1.00000 0.00000 -0.00000
vn -0.86603 -0.50000 -0.00000
vn -0.50000 -0.86603 -0.00000
vn -0.00000 -1.00000 -0.00000
vn 0.50000 -0.86603 -0.00000
vn 0.86603 -0.50000 -0.00000
vn 1.00000 0.00000 -0.00000
vn 0.86603 0.50000 -0.00000
vn 0.50000 0.86603 -0.00000
vn 0.00000 1.00000 -0.00000
vn -0.50000 0.86603 -0.00000
vn -0.86603 0.50000 -0.00000
vn -1.00000 0.00000 -0.00000
vn -0.86603 -0.50000 -0.00000
vn -0.50000 -0.86603 -0.00000
vn -0.00000 -1.00000 -0.00000
vn 0.50000 -0.86603 -0.00000
vn 0.86603 -0.50000 -0.00000
vn 1.00000 0.00000 -0.00000
vn 0.86603 0.50000 -0.00000
vn 0.50000 0.86603 -0.00000
vn 0.00000 1.00000 -0.00000
vn -0.50000 0.86603 -0.00000
vn -0.86603 0.50000 -0.00000
vn -1.00000 0.00000 -0.00000
vn -0.86603 -0.50000 -0.00000
vn -0.50000 -0.86603 -0.00000
vn -0.00000 -1.00000 -0.00000
vn 0.50000 -0.86603 -0.00000
vn 0.86603 -0.50000 -0.00000
vn 1.00000 0.00000 -0.00000
vn 0.86603 0.50000 -0.00000
vn 0.50000 0.86603 -0.00000
vn 0.00000 1.00000 -0.00000
vn -0.50000 0.86603 -0.00000
vn -0.86603 0.50000 -0.00000
vn -1.00000 0.00000 -0.00000
vn -0.86603 -0.50000 -0.00000
vn -0.50000 -0.86603 -0.00000
vn -0.00000 -1.00000 -0.00000
vn 0.50000 -0.86603 -0.00000
vn 0.86603 -0.50000 -0.00000
vn 1.00000 0.00000 -0.00000
vn 0.86603 0.50000 -0.00000
vn 0.50000 0.86603 -0.00000
vn 0.00000 1.00000 -0.00000
vn -0.50000 0.86603 -0.00000
vn -0.86603 0.50000 -0.00000
vn -1.00000 0.00000 -0.00000
vn -0.86603 -0.50000 -0.00000
vn -0.50000 -0.86603 -0.00000
vn -0.00000 -1.00000 -0.00000
vn 0.50000 -0.86603 -0.00000
vn 0.86603 -0.50000 -0.00000
vn 1.00000 0.00000 -0.00000
vn 0.86603 0.50000 -0.00000
vn 0.50000 0.86603 -0.00000
vn 0.00000 1.00000 -0.00000
vn -0.50000 0.86603 -0.00000
vn -0.86603 0.50000 -0.00000
vn -1.00000 0.00000 -0.00000
vn -0.86603 -0.50000 -0.00000
vn -0.50000 -0.86603 -0.00000
vn -0.00000 -1.00000 -0.00000
vn 0.50000 -0.86603 -0.00000
vn 0.86603 -0.50000 -0.00000
vn 1.00000 0.00000 -0.00000
vn 0.86603 0.50000 -0.00000
vn 0.50000 0.86603 -0.00000
vn 0.00000 1.00000 -0.00000
vn -0.50000 0.86603 -0.00000
vn -0.86603 0.50000 -0.00000
vn -1.00000 0.00000 -0.00000
vn -0.86603 -0.50000 -0.00000
vn -0.50000 -0.86603 -0.00000
vn -0.00000 -1.00000 -0.00000
vn 0.50000 -0.86603 -0.00000
vn 0.86603 -0.50000 -0.00000
vn 1.00000 0.00000 -0.00000
vn 0.86603 0.50000 -0.00000
vn 0.50000 0.86603 -0.00000
vn 0.00000 1.00000 -0.00000
vn -0.50000 0.86603 -0.00000
vn -0.86603 0.50000 -0.00000
vn -1.00000 0.00000 -0.00000
vn -0.86603 -0.50000 -0.00000
vn -0.50000 -0.86603 -0.00000
vn -0.00000 -1.00000 -0.00000
vn 0.50000 -0.86603 -0.00000
vn 0.86603 -0.50000 -0.00000
vn 1.00000 0.00000 -0.00000
vn 0.86603 0.50000 -0.00000
vn 0.50000 0.86603 -0.00000
vn 0.00000 1.00000 -0.00000
vn -0.50000 0.86603 -0.00000
vn -0.86603 0.50000 -0.00000
vn -1.00000 0.00000 -0.00000
vn -0.86603 -0.50000 -0.00000
vn -0.50000 -0.86603 -0.00000
vn -0.00000 -1.00000 -0.00000
vn 0.50000 -0.86603 -0.00000
vn 0.86603 -0.50000 -0.00000
vn 1.00000 0.00000 -0.00000
vn 0.86603 0.50000 -0.00000
vn 0.50000 0.86603 -0.00000
vn 0.00000 1.00000 -0.00000
vn -0.50000 0.86603 -0.00000
vn -0.86603 0.50000 -0.00000
vn -1.00000 0.00000 -0.00000
vn -0.86603 -0.50000 -0.00000
vn -0.50000 -0.86603 -0.00000
vn -0.00000 -1.00000 -0.00000
vn 0.50000 -0.86603 -0.00000
vn 0.86603 -0.50000 -0.00000
vn 1.00000 0.00000 -0.00000
vn 0.86603 0.50000 -0.00000
vn 0.50000 0.86603 -0.00000
vn 0.00000 1.00000 -0.00000
vn -0.50000 0.86603 -0.00000
vn -0.86603 0.50000 -0.00000
vn -1.00000 0.00000 -0.00000
vn -0.86603 -0.50000 -0.00000
vn -0.50000 -0.86603 -0.00000
vn -0.00000 -1.00000 -0.00000
vn 0.50000 -0.86603 -0.00000
vn 0.86603 -0.50000 -0.00000
vn 1.00000 0.00000 0.00000
vn 1.00000 0.00000 0.00000
vn 1.00000 0.00000 0.00000
vn 1.00000 0.00000 0.00000
vn -1.00000 0.00000 0.00000
vn -1.00000 0.00000 0.00000
vn -1.00000 0.00000 0.00000
vn -1.00000 0.00000 0.00000
vn 0.00000 1.00000 0.00000
vn 0.00000 1.00000 0.00000
vn 0.00000 1.00000 0.00000
vn 0.00000 1.00000 0.00000
vn 0.00000 -1.00000 0.00000
vn 0.00000 -1.00000 0.00000
vn 0.00000 -1.00000 0.00000
vn 0.00000 -1.00000 0.00000
vn 0.00000 0.00000 1.00000
vn 0.00000 0.00000 1.00000
vn 0.00000 0.00000 1.00000
vn 0.00000 0.00000 1.00000
vn 0.00000 0.00000 -1.00000
vn 0.00000 0.00000 -1.00000
vn 0.00000 0.00000 -1.00000
vn 0.00000 0.00000 -1.00000
vn 0.19612 0.98058 0.00000
vn 0.19612 0.98058 0.00000
vn 0.19612 0.98058 0.00000
vn 0.19612 0.98058 0.00000
vn -0.19612 -0.98058 0.00000
vn -0.19612 -0.98058 0.00000
vn -0.19612 -0.98058 0.00000
vn -0.19612 -0.98058 0.00000
vn 0.54627 0.00000 -0.83761
vn 0.54627 0.00000 -0.83761
vn 0.54627 0.00000 -0.83761
vn 0.54627 0.00000 -0.83761
vn 1.00000 0.00000 -0.00000
vn 1.00000 0.00000 -0.00000
vn 1.00000 0.00000 -0.00000
vn 1.00000 0.00000 -0.00000
vn -0.10806 0.00000 0.99414
vn -0.10806 0.00000 0.99414
vn -0.10806 0.00000 0.99414
vn -0.10806 0.00000 0.99414
vn -1.00000 0.00000 -0.00000
vn -1.00000 0.00000 -0.00000
vn -1.00000 0.00000 -0.00000
vn -1.00000 0.00000 -0.00000
vn 0.76217 0.00000 -0.64738
vn 0.68576 0.22282 -0.69288
vn 0.57827 0.42014 -0.69935
vn 0.43687 0.60130 -0.66901
vn 0.24915 0.76680 -0.59156
vn 0.00000 0.89604 -0.44397
vn -0.24915 0.76680 -0.59156
vn -0.43687 0.60130 -0.66901
vn -0.57827 0.42014 -0.69935
vn -0.68576 0.22282 -0.69288
vn -0.76217 0.00000 -0.64738
vn -0.68576 -0.22282 -0.69288
vn -0.57827 -0.42014 -0.69935
vn -0.43687 -0.60130 -0.66901
vn -0.24915 -0.76680 -0.59156
vn -0.00000 -0.89604 -0.44397
vn 0.24915 -0.76680 -0.59156
vn 0.43687 -0.60130 -0.66901
vn 0.57827 -0.42014 -0.69935
vn 0.68576 -0.22282 -0.69288
vn 0.83441 0.00000 -0.55115
vn 0.76184 0.24754 -0.59860
vn 0.64384 0.46778 -0.60551
vn 0.48154 0.66278 -0.57344
vn 0.26840 0.82606 -0.49557
vn 0.00000 0.93313 -0.35954
vn -0.26840 0.82606 -0.49557
vn -0.48154 0.66278 -0.57344
vn -0.64384 0.46778 -0.60551
vn -0.76184 0.24754 -0.59860
vn -0.83441 0.00000 -0.55115
vn -0.76184 -0.24754 -0.59860
vn -0.64384 -0.46778 -0.60551
vn -0.48154 -0.66278 -0.57344
vn -0.26840 -0.82606 -0.49557
vn -0.00000 -0.93313 -0.35954
vn 0.26840 -0.82606 -0.49557
vn 0.48154 -0.66278 -0.57344
vn 0.64384 -0.46778 -0.60551
vn 0.76184 -0.24754 -0.59860
vn 0.93194 0.00000 -0.36261
vn 0.87045 0.28283 -0.40289
vn 0.73826 0.53638 -0.40900
vn 0.54340 0.74793 -0.38120
vn 0.29292 0.90150 -0.31859
vn 0.00000 0.97520 -0.22134
vn -0.29292 0.90150 -0.31859
vn -0.54340 0.74793 -0.38120
vn -0.73826 0.53638 -0.40900
vn -0.87045 0.28283 -0.40289
vn -0.93194 0.00000 -0.36261
vn -0.87045 -0.28283 -0.40289
vn -0.73826 -0.53638 -0.40900
vn -0.54340 -0.74793 -0.38120
vn -0.29292 -0.90150 -0.31859
vn -0.00000 -0.97520 -0.22134
vn 0.29292 -0.90150 -0.31859
vn 0.54340 -0.74793 -0.38120
vn 0.73826 -0.53638 -0.40900
vn 0.87045 -0.28283 -0.40289
vn 0.97458 0.00000 -0.22404
vn 0.92044 0.29907 -0.25170
vn 0.78206 0.56820 -0.25598
vn 0.57108 0.78603 -0.23669
vn 0.30310 0.93284 -0.19477
vn 0.00000 0.99113 -0.13291
vn -0.30310 0.93284 -0.19477
vn -0.57108 0.78603 -0.23669
vn -0.78206 0.56820 -0.25598
vn -0.92044 0.29907 -0.25170
vn -0.97458 0.00000 -0.22404
vn -0.92044 -0.29907 -0.25170
vn -0.78206 -0.56820 -0.25598
vn -0.57108 -0.78603 -0.23669
vn -0.30310 -0.93284 -0.19477
vn -0.00000 -0.99113 -0.13291
vn 0.30310 -0.93284 -0.19477
vn 0.57108 -0.78603 -0.23669
vn 0.78206 -0.56820 -0.25598
vn 0.92044 -0.29907 -0.25170
vn 0.99708 0.00000 -0.07639
vn 0.94750 0.30786 -0.08635
vn 0.80588 0.58551 -0.08791
vn 0.58586 0.80636 -0.08092
vn 0.30834 0.94898 -0.06603
vn 0.00000 0.99900 -0.04465
vn -0.30834 0.94898 -0.06603
vn -0.58586 0.80636 -0.08092
vn -0.80588 0.58551 -0.08791
vn -0.94750 0.30786 -0.08635
vn -0.99708 0.00000 -0.07639
vn -0.94750 -0.30786 -0.08635
vn -0.80588 -0.58551 -0.08791
vn -0.58586 -0.80636 -0.08092
vn -0.30834 -0.94898 -0.06603
vn -0.00000 -0.99900 -0.04465
vn 0.30834 -0.94898 -0.06603
vn 0.58586 -0.80636 -0.08092
vn 0.80588 -0.58551 -0.08791
vn 0.94750 -0.30786 -0.08635
vn 0.99708 0.00000 0.07639
vn 0.94750 0.30786 0.08635
vn 0.80588 0.58551 0.08791
vn 0.58586 0.80636 0.08092
vn 0.30834 0.94898 0.06603
vn 0.00000 0.99900 0.04465
vn -0.30834 0.94898 0.06603
vn -0.58586 0.80636 0.08092
vn -0.80588 0.58551 0.08791
vn -0.94750 0.30786 0.08635
vn -0.99708 0.00000 0.07639
vn -0.94750 -0.30786 0.08635
vn -0.80588 -0.58551 0.08791
vn -0.58586 -0.80636 0.08092
vn -0.30834 -0.94898 0.06603
vn -0.00000 -0.99900 0.04465
vn 0.30834 -0.94898 0.06603
vn 0.58586 -0.80636 0.08092
vn 0.80588 -0.58551 0.08791
vn 0.94750 -0.30786 0.08635
vn 0.97458 0.00000 0.22404
vn 0.92044 0.29907 0.25170
vn 0.78206 0.56820 0.25598
vn 0.57108 0.78603 0.23669
vn 0.30310 0.93284 0.19477
vn 0.00000 0.99113 0.13291
vn -0.30310 0.93284 0.19477
vn -0.57108 0.78603 0.23669
vn -0.78206 0.56820 0.25598
vn -0.92044 0.29907 0.25170
vn -0.97458 0.00000 0.22404
vn -0.92044 -0.29907 0.25170
vn -0.78206 -0.56820 0.25598
vn -0.57108 -0.78603 0.23669
vn -0.30310 -0.93284 0.19477
vn -0.00000 -0.99113 0.13291
vn 0.30310 -0.93284 0.19477
vn 0.57108 -0.78603 0.23669
vn 0.78206 -0.56820 0.25598
vn 0.92044 -0.29907 0.25170
vn 0.93194 0.00000 0.36261
vn 0.87045 0.28283 0.40289
vn 0.73826 0.53638 0.40900
vn 0.54340 0.74793 0.38120
vn 0.29292 0.90150 0.31859
vn 0.00000 0.97520 0.22134
vn -0.29292 0.90150 0.31859
vn -0.54340 0.74793 0.38120
vn -0.73826 0.53638 0.40900
vn -0.87045 0.28283 0.40289
vn -0.93194 0.00000 0.36261
vn -0.87045 -0.28283 0.40289
vn -0.73826 -0.53638 0.40900
vn -0.54340 -0.74793 0.38120
vn -0.29292 -0.90150 0.31859
vn -0.00000 -0.97520 0.22134
vn 0.29292 -0.90150 0.31859
vn 0.54340 -0.74793 0.38120
vn 0.73826 -0.53638 0.40900
vn 0.87045 -0.28283 0.40289
vn 0.83441 0.00000 0.55115
vn 0.76184 0.24754 0.59860
vn 0.64384 0.46778 0.60551
vn 0.48154 0.66278 0.57344
vn 0.26840 0.82606 0.49557
vn 0.00000 0.93313 0.35954
vn -0.26840 0.82606 0.49557
vn -0.48154 0.66278 0.57344
vn -0.64384 0.46778 0.60551
vn -0.76184 0.24754 0.59860
vn -0.83441 0.00000 0.55115
vn -0.76184 -0.24754 0.59860
vn -0.64384 -0.46778 0.60551
vn -0.48154 -0.66278 0.57344
vn -0.26840 -0.82606 0.49557
vn -0.00000 -0.93313 0.35954
vn 0.26840 -0.82606 0.49557
vn 0.48154 -0.66278 0.57344
vn 0.64384 -0.46778 0.60551
vn 0.76184 -0.24754 0.59860
vn 0.76217 0.00000 0.64738
vn 0.68576 0.22282 0.69288
vn 0.57827 0.42014 0.69935
vn 0.43687 0.60130 0.66901
vn 0.24915 0.76680 0.59156
vn 0.00000 0.89604 0.44397
vn -0.24915 0.76680 0.59156
vn -0.43687 0.60130 0.66901
vn -0.57827 0.42014 0.69935
vn -0.68576 0.22282 0.69288
vn -0.76217 0.00000 0.64738
vn -0.68576 -0.22282 0.69288
vn -0.57827 -0.42014 0.69935
vn -0.43687 -0.60130 0.66901
vn -0.24915 -0.76680 0.59156
vn -0.00000 -0.89604 0.44397
vn 0.24915 -0.76680 0.59156
vn 0.43687 -0.60130 0.66901
vn 0.57827 -0.42014 0.69935
vn 0.68576 -0.22282 0.69288
vn 0.00000 0.00000 -1.00000
vn 0.00000 0.00000 -1.00000
vn 0.00000 0.00000 -1.00000
vn 0.00000 0.00000 -1.00000
vn 0.00000 0.00000 -1.00000
vn 0.00000 0.00000 -1.00000
vn 0.00000 0.00000 -1.00000
vn 0.00000 0.00000 -1.00000
vn 0.00000 0.00000 -1.00000
vn 0.00000 0.00000 -1.00000
vn 0.00000 0.00000 -1.00000
vn 0.00000 0.00000 -1.00000
vn 0.00000 0.00000 -1.00000
vn 0.00000 0.00000 -1.00000
vn 0.00000 0.00000 -1.00000
vn 0.00000 0.00000 -1.00000
vn 0.00000 0.00000 -1.00000
vn 0.00000 0.00000 -1.00000
vn 0.00000 0.00000 -1.00000
vn 0.00000 0.00000 -1.00000
vn 0.00000 0.00000 -1.00000
f 1/1/1 2/2/2 42/42/42
f 1/1/1 42/42/42 41/41/41
f 2/2/2 3/3/3 43/43/43
f 2/2/2 43/43/43 42/42/42
f 3/3/3 4/4/4 44/44/44
f 3/3/3 44/44/44 43/43/43
f 4/4/4 5/5/5 45/45/45
f 4/4/4 45/45/45 44/44/44
f 5/5/5 6/6/6 46/46/46
f 5/5/5 46/46/46 45/45/45
f 6/6/6 7/7/7 47/47/47
f 6/6/6 47/47/47 46/46/46
f 7/7/7 8/8/8 48/48/48
f 7/7/7 48/48/48 47/47/47
f 8/8/8 9/9/9 49/49/49
f 8/8/8 49/49/49 48/48/48
f 9/9/9 10/10/10 50/50/50
f 9/9/9 50/50/50 49/49/49
f 10/10/10 11/11/11 51/51/51
f 10/10/10 51/51/51 50/50/50
f 11/11/11 12/12/12 52/52/52
f 11/11/11 52/52/52 51/51/51
f 12/12/12 13/13/13 53/53/53
f 12/12/12 53/53/53 52/52/52
f 13/13/13 14/14/14 54/54/54
f 13/13/13 54/54/54 53/53/53
f 14/14/14 15/15/15 55/55/55
f 14/14/14 55/55/55 54/54/54
f 15/15/15 16/16/16 56/56/56
f 15/15/15 56/56/56 55/55/55
f 16/16/16 17/17/17 57/57/57
f 16/16/16 57/57/57 56/56/56
f 17/17/17 18/18/18 58/58/58
f 17/17/17 58/58/58 57/57/57
f 18/18/18 19/19/19 59/59/59
f 18/18/18 59/59/59 58/58/58
f 19/19/19 20/20/20 60/60/60
f 19/19/19 60/60/60 59/59/59
f 20/20/20 21/21/21 61/61/61
f 20/20/20 61/61/61 60/60/60
f 21/21/21 22/22/22 62/62/62
f 21/21/21 62/62/62 61/61/61
f 22/22/22 23/23/23 63/63/63
f 22/22/22 63/63/63 62/62/62
f 23/23/23 24/24/24 64/64/64
f 23/23/23 64/64/64 63/63/63
f 24/24/24 25/25/25 65/65/65
f 24/24/24 65/65/65 64/64/64
f 25/25/25 26/26/26 66/66/66
f 25/25/25 66/66/66 65/65/65
f 26/26/26 27/27/27 67/67/67
f 26/26/26 67/67/67 66/66/66
f 27/27/27 28/28/28 68/68/68
f 27/27/27 68/68/68 67/67/67
f 28/28/28 29/29/29 69/69/69
f 28/28/28 69/69/69 68/68/68
f 29/29/29 30/30/30 70/70/70
f 29/29/29 70/70/70 69/69/69
f 30/30/30 31/31/31 71/71/71
f 30/30/30 71/71/71 70/70/70
f 31/31/31 32/32/32 72/72/72
f 31/31/31 72/72/72 71/71/71
f 32/32/32 33/33/33 73/73/73
f 32/32/32 73/73/73 72/72/72
f 33/33/33 34/34/34 74/74/74
f 33/33/33 74/74/74 73/73/73
f 34/34/34 35/35/35 75/75/75
f 34/34/34 75/75/75 74/74/74
f 35/35/35 36/36/36 76/76/76
f 35/35/35 76/76/76 75/75/75
f 36/36/36 37/37/37 77/77/77
f 36/36/36 77/77/77 76/76/76
f 37/37/37 38/38/38 78/78/78
f 37/37/37 78/78/78 77/77/77
f 38/38/38 39/39/39 79/79/79
f 38/38/38 79/79/79 78/78/78
f 39/39/39 40/40/40 80/80/80
f 39/39/39 80/80/80 79/79/79
f 40/40/40 1/1/1 41/41/41
f 40/40/40 41/41/41 80/80/80
f 41/41/41 42/42/42 82/82/82
f 41/41/41 82/82/82 81/81/81
f 42/42/42 43/43/43 83/83/83
f 42/42/42 83/83/83 82/82/82
f 43/43/43 44/44/44 84/84/84
f 43/43/43 84/84/84 83/83/83
f 44/44/44 45/45/45 85/85/85
f 44/44/44 85/85/85 84/84/84
f 45/45/45 46/46/46 86/86/86
f 45/45/45 86/86/86 85/85/85
f 46/46/46 47/47/47 87/87/87
f 46/46/46 87/87/87 86/86/86
f 47/47/47 48/48/48 88/88/88
f 47/47/47 88/88/88 87/87/87
f 48/48/48 49/49/49 89/89/89
f 48/48/48 89/89/89 88/88/88
f 49/49/49 50/50/50 90/90/90
f 49/49/49 90/90/90 89/89/89
f 50/50/50 51/51/51 91/91/91
f 50/50/50 91/91/91 90/90/90
f 51/51/51 52/52/52 92/92/92
f 51/51/51 92/92/92 91/91/91
f 52/52/52 53/53/53 93/93/93
f 52/52/52 93/93/93 92/92/92
f 53/53/53 54/54/54 94/94/94
f 53/53/53 94/94/94 93/93/93
f 54/54/54 55/55/55 95/95/95
f 54/54/54 95/95/95 94/94/94
f 55/55/55 56/56/56 96/96/96
f 55/55/55 96/96/96 95/95/95
f 56/56/56 57/57/57 97/97/97
f 56/56/56 97/97/97 96/96/96
f 57/57/57 58/58/58 98/98/98
f 57/57/57 98/98/98 97/97/97
f 58/58/58 59/59/59 99/99/99
f 58/58/58 99/99/99 98/98/98
f 59/59/59 60/60/60 100/100/100
f 59/59/59 100/100/100 99/99/99
f 60/60/60 61/61/61 101/101/101
f 60/60/60 101/101/101 100/100/100
f 61/61/61 62/62/62 102/102/102
f 61/61/61 102/102/102 101/101/101
f 62/62/62 63/63/63 103/103/103
f 62/62/62 103/103/103 102/102/102
f 63/63/63 64/64/64 104/104/104
f 63/63/63 104/104/104 103/103/103
f 64/64/64 65/65/65 105/105/105
f 64/64/64 105/105/105 104/104/104
f 65/65/65 66/66/66 106/106/106
f 65/65/65 106/106/106 105/105/105
f 66/66/66 67/67/67 107/107/107
f 66/66/66 107/107/107 106/106/106
f 67/67/67 68/68/68 108/108/108
f 67/67/67 108/108/108 107/107/107
f 68/68/68 69/69/69 109/109/109
f 68/68/68 109/109/109 108/108/108
f 69/69/69 70/70/70 110/110/110
f 69/69/69 110/110/110 109/109/109
f 70/70/70 71/71/71 111/111/111
f 70/70/70 111/111/111 110/110/110
f 71/71/71 72/72/72 112/112/112
f 71/71/71 112/112/112 111/111/111
f 72/72/72 73/73/73 113/113/113
f 72/72/72 113/113/113 112/112/112
f 73/73/73 74/74/74 114/114/114
f 73/73/73 114/114/114 113/113/113
f 74/74/74 75/75/75 115/115/115
f 74/74/74 115/115/115 114/114/114
f 75/75/75 76/76/76 116/116/116
f 75/75/75 116/116/116 115/115/115
f 76/76/76 77/77/77 117/117/117
f 76/76/76 117/117/117 116/116/116
f 77/77/77 78/78/78 118/118/118
f 77/77/77 118/118/118 117/117/117
f 78/78/78 79/79/79 119/119/119
f 78/78/78 119/119/119 118/118/118
f 79/79/79 80/80/80 120/120/120
f 79/79/79 120/120/120 119/119/119
f 80/80/80 41/41/41 81/81/81
f 80/80/80 81/81/81 120/120/120
f 81/81/81 82/82/82 122/122/122
f 81/81/81 122/122/122 121/121/121
f 82/82/82 83/83/83 123/123/123
f 82/82/82 123/123/123 122/122/122
f 83/83/83 84/84/84 124/124/124
f 83/83/83 124/124/124 123/123/123
f 84/84/84 85/85/85 125/125/125
f 84/84/84 125/125/125 124/124/124
f 85/85/85 86/86/86 126/126/126
f 85/85/85 126/126/126 125/125/125
f 86/86/86 87/87/87 127/127/127
f 86/86/86 127/127/127 126/126/126
f 87/87/87 88/88/88 128/128/128
f 87/87/87 128/128/128 127/127/127
f 88/88/88 89/89/89 129/129/129
f 88/88/88 129/129/129 128/128/128
f 89/89/89 90/90/90 130/130/130
f 89/89/89 130/130/130 129/129/129
f 90/90/90 91/91/91 131/131/131
f 90/90/90 131/131/131 130/130/130
f 91/91/91 92/92/92 132/132/132
f 91/91/91 132/132/132 131/131/131
f 92/92/92 93/93/93 133/133/133
f 92/92/92 133/133/133 132/132/132
f 93/93/93 94/94/94 134/134/134
f 93/93/93 134/134/134 133/133/133
f 94/94/94 95/95/95 135/135/135
f 94/94/94 135/135/135 134/134/134
f 95/95/95 96/96/96 136/136/136
f 95/95/95 136/136/136 135/135/135
f 96/96/96 97/97/97 137/137/137
f 96/96/96 137/137/137 136/136/136
f 97/97/97 98/98/98 138/138/138
f 97/97/97 138/138/138 137/137/137
f 98/98/98 99/99/99 139/139/139
f 98/98/98 139/139/139 138/138/138
f 99/99/99 100/100/100 140/140/140
f 99/99/99 140/140/140 139/139/139
f 100/100/100 101/101/101 141/141/141
f 100/100/100 141/141/141 140/140/140
f 101/101/101 102/102/102 142/142/142
f 101/101/101 142/142/142 141/141/141
f 102/102/102 103/103/103 143/143/143
f 102/102/102 143/143/143 142/142/142
f 103/103/103 104/104/104 144/144/144
f 103/103/103 144/144/144 143/143/143
f 104/104/104 105/105/105 145/145/145
f 104/104/104 145/145/145 144/144/144
f 105/105/105 106/106/106 146/146/146
f 105/105/105 146/146/146 145/145/145
f 106/106/106 107/107/107 147/147/147
f 106/106/106 147/147/147 146/146/146
f 107/107/107 108/108/108 148/148/148
f 107/107/107 148/148/148 147/147/147
f 108/108/108 109/109/109 149/149/149
f 108/108/108 149/149/149 148/148/148
f 109/109/109 110/110/110 150/150/150
f 109/109/109 150/150/150 149/149/149
f 110/110/110 111/111/111 151/151/151
f 110/110/110 151/151/151 150/150/150
f 111/111/111 112/112/112 152/152/152
f 111/111/111 152/152/152 151/151/151
f 112/112/112 113/113/113 153/153/153
f 112/112/112 153/153/153 152/152/152
f 113/113/113 114/114/114 154/154/154
f 113/113/113 154/154/154 153/153/153
f 114/114/114 115/115/115 155/155/155
f 114/114/114 155/155/155 154/154/154
f 115/115/115 116/116/116 156/156/156
f 115/115/115 156/156/156 155/155/155
f 116/116/116 117/117/117 157/157/157
f 116/116/116 157/157/157 156/156/156
f 117/117/117 118/118/118 158/158/158
f 117/117/117 158/158/158 157/157/157
f 118/118/118 119/119/119 159/159/159
f 118/118/118 159/159/159 158/158/158
f 119/119/119 120/120/120 160/160/160
f 119/119/119 160/160/160 159/159/159
f 120/120/120 81/81/81 121/121/121
f 120/120/120 121/121/121 160/160/160
f 121/121/121 122/122/122 162/162/162
f 121/121/121 162/162/162 161/161/161
f 122/122/122 123/123/123 163/163/163
f 122/122/122 163/163/163 162/162/162
f 123/123/123 124/124/124 164/164/164
f 123/123/123 164/164/164 163/163/163
f 124/124/124 125/125/125 165/165/165
f 124/124/124 165/165/165 164/164/164
f 125/125/125 126/126/126 166/166/166
f 125/125/125 166/166/166 165/165/165
f 126/126/126 127/127/127 167/167/167
f 126/126/126 167/167/167 166/166/166
f 127/127/127 128/128/128 168/168/168
f 127/127/127 168/168/168 167/167/167
f 128/128/128 129/129/129 169/169/169
f 128/128/128 169/169/169 168/168/168
f 129/129/129 130/130/130 170/170/170
f 129/129/129 170/170/170 169/169/169
f 130/130/130 131/131/131 171/171/171
f 130/130/130 171/171/171 170/170/170
f 131/131/131 132/132/132 172/172/172
f 131/131/131 172/172/172 171/171/171
f 132/132/132 133/133/133 173/173/173
f 132/132/132 173/173/173 172/172/172
f 133/133/133 134/134/134 174/174/174
f 133/133/133 174/174/174 173/173/173
f 134/134/134 135/135/135 175/175/175
f 134/134/134 175/175/175 174/174/174
f 135/135/135 136/136/136 176/176/176
f 135/135/135 176/176/176 175/175/175
f 136/136/136 137/137/137 177/177/177
f 136/136/136 177/177/177 176/176/176
f 137/137/137 138/138/138 178/178/178
f 137/137/137 178/178/178 177/177/177
f 138/138/138 139/139/139 179/179/179
f 138/138/138 179/179/179 178/178/178
f 139/139/139 140/140/140 180/180/180
f 139/139/139 180/180/180 179/179/179
f 140/140/140 141/141/141 181/181/181
f 140/140/140 181/181/181 180/180/180
f 141/141/141 142/142/142 182/182/182
f 141/141/141 182/182/182 181/181/181
f 142/142/142 143/143/143 183/183/183
f 142/142/142 183/183/183 182/182/182
f 143/143/143 144/144/144 184/184/184
f 143/143/143 184/184/184 183/183/183
f 144/144/144 145/145/145 185/185/185
f 144/144/144 185/185/185 184/184/184
f 145/145/145 146/146/146 186/186/186
f 145/145/145 186/186/186 185/185/185
f 146/146/146 147/147/147 187/187/187
f 146/146/146 187/187/187 186/186/186
f 147/147/147 148/148/148 188/188/188
f 147/147/147 188/188/188 187/187/187
f 148/148/148 149/149/149 189/189/189
f 148/148/148 189/189/189 188/188/188
f 149/149/149 150/150/150 190/190/190
f 149/149/149 190/190/190 189/189/189
f 150/150/150 151/151/151 191/191/191
f 150/150/150 191/191/191 190/190/190
f 151/151/151 152/152/152 192/192/192
f 151/151/151 192/192/192 191/191/191
f 152/152/152 153/153/153 193/193/193
f 152/152/152 193/193/193 192/192/192
f 153/153/153 154/154/154 194/194/194
f 153/153/153 194/194/194 193/193/193
f 154/154/154 155/155/155 195/195/195
f 154/154/154 195/195/195 194/194/194
f 155/155/155 156/156/156 196/196/196
f 155/155/155 196/196/196 195/195/195
f 156/156/156 157/157/157 197/197/197
f 156/156/156 197/197/197 196/196/196
f 157/157/157 158/158/158 198/198/198
f 157/157/157 198/198/198 197/197/197
f 158/158/158 159/159/159 199/199/199
f 158/158/158 199/199/199 198/198/198
f 159/159/159 160/160/160 200/200/200
f 159/159/159 200/200/200 199/199/199
f 160/160/160 121/121/121 161/161/161
f 160/160/160 161/161/161 200/200/200
f 161/161/161 162/162/162 202/202/202
f 161/161/161 202/202/202 201/201/201
f 162/162/162 163/163/163 203/203/203
f 162/162/162 203/203/203 202/202/202
f 163/163/163 164/164/164 204/204/204
f 163/163/163 204/204/204 203/203/203
f 164/164/164 165/165/165 205/205/205
f 164/164/164 205/205/205 204/204/204
f 165/165/165 166/166/166 206/206/206
f 165/165/165 206/206/206 205/205/205
f 166/166/166 167/167/167 207/207/207
f 166/166/166 207/207/207 206/206/206
f 167/167/167 168/168/168 208/208/208
f 167/167/167 208/208/208 207/207/207
f 168/168/168 169/169/169 209/209/209
f 168/168/168 209/209/209 208/208/208
f 169/169/169 170/170/170 210/210/210
f 169/169/169 210/210/210 209/209/209
f 170/170/170 171/171/171 211/211/211
f 170/170/170 211/211/211 210/210/210
f 171/171/171 172/172/172 212/212/212
f 171/171/171 212/212/212 211/211/211
f 172/172/172 173/173/173 213/213/213
f 172/172/172 213/213/213 212/212/212
f 173/173/173 174/174/174 214/214/214
f 173/173/173 214/214/214 213/213/213
f 174/174/174 175/175/175 215/215/215
f 174/174/174 215/215/215 214/214/214
f 175/175/175 176/176/176 216/216/216
f 175/175/175 216/216/216 215/215/215
f 176/176/176 177/177/177 217/217/217
f 176/176/176 217/217/217 216/216/216
f 177/177/177 178/178/178 218/218/218
f 177/177/177 218/218/218 217/217/217
f 178/178/178 179/179/179 219/219/219
f 178/178/178 219/219/219 218/218/218
f 179/179/179 180/180/180 220/220/220
f 179/179/179 220/220/220 219/219/219
f 180/180/180 181/181/181 221/221/221
f 180/180/180 221/221/221 220/220/220
f 181/181/181 182/182/182 222/222/222
f 181/181/181 222/222/222 221/221/221
f 182/182/182 183/183/183 223/223/223
f 182/182/182 223/223/223 222/222/222
f 183/183/183 184/184/184 224/224/224
f 183/183/183 224/224/224 223/223/223
f 184/184/184 185/185/185 225/225/225
f 184/184/184 225/225/225 224/224/224
f 185/185/185 186/186/186 226/226/226
f 185/185/185 226/226/226 225/225/225
f 186/186/186 187/187/187 227/227/227
f 186/186/186 227/227/227 226/226/226
f 187/187/187 188/188/188 228/228/228
f 187/187/187 228/228/228 227/227/227
f 188/188/188 189/189/189 229/229/229
f 188/188/188 229/229/229 228/228/228
f 189/189/189 190/190/190 230/230/230
f 189/189/189 230/230/230 229/229/229
f 190/190/190 191/191/191 231/231/231
f 190/190/190 231/231/231 230/230/230
f 191/191/191 192/192/192 232/232/232
f 191/191/191 232/232/232 231/231/231
f 192/192/192 193/193/193 233/233/233
f 192/192/192 233/233/233 232/232/232
f 193/193/193 194/194/194 234/234/234
f 193/193/193 234/234/234 233/233/233
f 194/194/194 195/195/195 235/235/235
f 194/194/194 235/235/235 234/234/234
f 195/195/195 196/196/196 236/236/236
f 195/195/195 236/236/236 235/235/235
f 196/196/196 197/197/197 237/237/237
f 196/196/196 237/237/237 236/236/236
f 197/197/197 198/198/198 238/238/238
f 197/197/197 238/238/238 237/237/237
f 198/198/198 199/199/199 239/239/239
f 198/198/198 239/239/239 238/238/238
f 199/199/199 200/200/200 240/240/240
f 199/199/199 240/240/240 239/239/239
f 200/200/200 161/161/161 201/201/201
f 200/200/200 201/201/201 240/240/240
f 201/201/201 202/202/202 242/242/242
f 201/201/201 242/242/242 241/241/241
f 202/202/202 203/203/203 243/243/243
f 202/202/202 243/243/243 242/242/242
f 203/203/203 204/204/204 244/244/244
f 203/203/203 244/244/244 243/243/243
f 204/204/204 205/205/205 245/245/245
f 204/204/204 245/245/245 244/244/244
f 205/205/205 206/206/206 246/246/246
f 205/205/205 246/246/246 245/245/245
f 206/206/206 207/207/207 247/247/247
f 206/206/206 247/247/247 246/246/246
f 207/207/207 208/208/208 248/248/248
f 207/207/207 248/248/248 247/247/247
f 208/208/208 209/209/209 249/249/249
f 208/208/208 249/249/249 248/248/248
f 209/209/209 210/210/210 250/250/250
f 209/209/209 250/250/250 249/249/249
f 210/210/210 211/211/211 251/251/251
f 210/210/210 251/251/251 250/250/250
f 211/211/211 212/212/212 252/252/252
f 211/211/211 252/252/252 251/251/251
f 212/212/212 213/213/213 253/253/253
f 212/212/212 253/253/253 252/252/252
f 213/213/213 214/214/214 254/254/254
f 213/213/213 254/254/254 253/253/253
f 214/214/214 215/215/215 255/255/255
f 214/214/214 255/255/255 254/254/254
f 215/215/215 216/216/216 256/256/256
f 215/215/215 256/256/256 255/255/255
f 216/216/216 217/217/217 257/257/257
f 216/216/216 257/257/257 256/256/256
f 217/217/217 218/218/218 258/258/258
f 217/217/217 258/258/258 257/257/257
f 218/218/218 219/219/219 259/259/259
f 218/218/218 259/259/259 258/258/258
f 219/219/219 220/220/220 260/260/260
f 219/219/219 260/260/260 259/259/259
f 220/220/220 221/221/221 261/261/261
f 220/220/220 261/261/261 260/260/260
f 221/221/221 222/222/222 262/262/262
f 221/221/221 262/262/262 261/261/261
f 222/222/222 223/223/223 263/263/263
f 222/222/222 263/263/263 262/262/262
f 223/223/223 224/224/224 264/264/264
f 223/223/223 264/264/264 263/263/263
f 224/224/224 225/225/225 265/265/265
f 224/224/224 265/265/265 264/264/264
f 225/225/225 226/226/226 266/266/266
f 225/225/225 266/266/266 265/265/265
f 226/226/226 227/227/227 267/267/267
f 226/226/226 267/267/267 266/266/266
f 227/227/227 228/228/228 268/268/268
f 227/227/227 268/268/268 267/267/267
f 228/228/228 229/229/229 269/269/269
f 228/228/228 269/269/269 268/268/268
f 229/229/229 230/230/230 270/270/270
f 229/229/229 270/270/270 269/269/269
f 230/230/230 231/231/231 271/271/271
f 230/230/230 271/271/271 270/270/270
f 231/231/231 232/232/232 272/272/272
f 231/231/231 272/272/272 271/271/271
f 232/232/232 233/233/233 273/273/273
f 232/232/232 273/273/273 272/272/272
f 233/233/233 234/234/234 274/274/274
f 233/233/233 274/274/274 273/273/273
f 234/234/234 235/235/235 275/275/275
f 234/234/234 275/275/275 274/274/274
f 235/235/235 236/236/236 276/276/276
f 235/235/235 276/276/276 275/275/275
f 236/236/236 237/237/237 277/277/277
f 236/236/236 277/277/277 276/276/276
f 237/237/237 238/238/238 278/278/278
f 237/237/237 278/278/278 277/277/277
f 238/238/238 239/239/239 279/279/279
f 238/238/238 279/279/279 278/278/278
f 239/239/239 240/240/240 280/280/280
f 239/239/239 280/280/280 279/279/279
f 240/240/240 201/201/201 241/241/241
f 240/240/240 241/241/241 280/280/280
f 241/241/241 242/242/242 282/282/282
f 241/241/241 282/282/282 281/281/281
f 242/242/242 243/243/243 283/283/283
f 242/242/242 283/283/283 282/282/282
f 243/243/243 244/244/244 284/284/284
f 243/243/243 284/284/284 283/283/283
f 244/244/244 245/245/245 285/285/285
f 244/244/244 285/285/285 284/284/284
f 245/245/245 246/246/246 286/286/286
f 245/245/245 286/286/286 285/285/285
f 246/246/246 247/247/247 287/287/287
f 246/246/246 287/287/287 286/286/286
f 247/247/247 248/248/248 288/288/288
f 247/247/247 288/288/288 287/287/287
f 248/248/248 249/249/249 289/289/289
f 248/248/248 289/289/289 288/288/288
f 249/249/249 250/250/250 290/290/290
f 249/249/249 290/290/290 289/289/289
f 250/250/250 251/251/251 291/291/291
f 250/250/250 291/291/291 290/290/290
f 251/251/251 252/252/252 292/292/292
f 251/251/251 292/292/292 291/291/291
f 252/252/252 253/253/253 293/293/293
f 252/252/252 293/293/293 292/292/292
f 253/253/253 254/254/254 294/294/294
f 253/253/253 294/294/294 293/293/293
f 254/254/254 255/255/255 295/295/295
f 254/254/254 295/295/295 294/294/294
f 255/255/255 256/256/256 296/296/296
f 255/255/255 296/296/296 295/295/295
f 256/256/256 257/257/257 297/297/297
f 256/256/256 297/297/297 296/296/296
f 257/257/257 258/258/258 298/298/298
f 257/257/257 298/298/298 297/297/297
f 258/258/258 259/259/259 299/299/299
f 258/258/258 299/299/299 298/298/298
f 259/259/259 260/260/260 300/300/300
f 259/259/259 300/300/300 299/299/299
f 260/260/260 261/261/261 301/301/301
f 260/260/260 301/301/301 300/300/300
f 261/261/261 262/262/262 302/302/302
f 261/261/261 302/302/302 301/301/301
f 262/262/262 263/263/263 303/303/303
f 262/262/262 303/303/303 302/302/302
f 263/263/263 264/264/264 304/304/304
f 263/263/263 304/304/304 303/303/303
f 264/264/264 265/265/265 305/305/305
f 264/264/264 305/305/305 304/304/304
f 265/265/265 266/266/266 306/306/306
f 265/265/265 306/306/306 305/305/305
f 266/266/266 267/267/267 307/307/307
f 266/266/266 307/307/307 306/306/306
f 267/267/267 268/268/268 308/308/308
f 267/267/267 308/308/308 307/307/307
f 268/268/268 269/269/269 309/309/309
f 268/268/268 309/309/309 308/308/308
f 269/269/269 270/270/270 310/310/310
f 269/269/269 310/310/310 309/309/309
f 270/270/270 271/271/271 311/311/311
f 270/270/270 311/311/311 310/310/310
f 271/271/271 272/272/272 312/312/312
f 271/271/271 312/312/312 311/311/311
f 272/272/272 273/273/273 313/313/313
f 272/272/272 313/313/313 312/312/312
f 273/273/273 274/274/274 314/314/314
f 273/273/273 314/314/314 313/313/313
f 274/274/274 275/275/275 315/315/315
f 274/274/274 315/315/315 314/314/314
f 275/275/275 276/276/276 316/316/316
f 275/275/275 316/316/316 315/315/315
f 276/276/276 277/277/277 317/317/317
f 276/276/276 317/317/317 316/316/316
f 277/277/277 278/278/278 318/318/318
f 277/277/277 318/318/318 317/317/317
f 278/278/278 279/279/279 319/319/319
f 278/278/278 319/319/319 318/318/318
f 279/279/279 280/280/280 320/320/320
f 279/279/279 320/320/320 319/319/319
f 280/280/280 241/241/241 281/281/281
f 280/280/280 281/281/281 320/320/320
f 281/281/281 282/282/282 322/322/322
f 281/281/281 322/322/322 321/321/321
f 282/282/282 283/283/283 323/323/323
f 282/282/282 323/323/323 322/322/322
f 283/283/283 284/284/284 324/324/324
f 283/283/283 324/324/324 323/323/323
f 284/284/284 285/285/285 325/325/325
f 284/284/284 325/325/325 324/324/324
f 285/285/285 286/286/286 326/326/326
f 285/285/285 326/326/326 325/325/325
f 286/286/286 287/287/287 327/327/327
f 286/286/286 327/327/327 326/326/326
f 287/287/287 288/288/288 328/328/328
f 287/287/287 328/328/328 327/327/327
f 288/288/288 289/289/289 329/329/329
f 288/288/288 329/329/329 328/328/328
f 289/289/289 290/290/290 330/330/330
f 289/289/289 330/330/330 329/329/329
f 290/290/290 291/291/291 331/331/331
f 290/290/290 331/331/331 330/330/330
f 291/291/291 292/292/292 332/332/332
f 291/291/291 332/332/332 331/331/331
f 292/292/292 293/293/293 333/333/333
f 292/292/292 333/333/333 332/332/332
f 293/293/293 294/294/294 334/334/334
f 293/293/293 334/334/334 333/333/333
f 294/294/294 295/295/295 335/335/335
f 294/294/294 335/335/335 334/334/334
f 295/295/295 296/296/296 336/336/336
f 295/295/295 336/336/336 335/335/335
f 296/296/296 297/297/297 337/337/337
f 296/296/296 337/337/337 336/336/336
f 297/297/297 298/298/298 338/338/338
f 297/297/297 338/338/338 337/337/337
f 298/298/298 299/299/299 339/339/339
f 298/298/298 339/339/339 338/338/338
f 299/299/299 300/300/300 340/340/340
f 299/299/299 340/340/340 339/339/339
f 300/300/300 301/301/301 341/341/341
f 300/300/300 341/341/341 340/340/340
f 301/301/301 302/302/302 342/342/342
f 301/301/301 342/342/342 341/341/341
f 302/302/302 303/303/303 343/343/343
f 302/302/302 343/343/343 342/342/342
f 303/303/303 304/304/304 344/344/344
f 303/303/303 344/344/344 343/343/343
f 304/304/304 305/305/305 345/345/345
f 304/304/304 345/345/345 344/344/344
f 305/305/305 306/306/306 346/346/346
f 305/305/305 346/346/346 345/345/345
f 306/306/306 307/307/307 347/347/347
f 306/306/306 347/347/347 346/346/346
f 307/307/307 308/308/308 348/348/348
f 307/307/307 348/348/348 347/347/347
f 308/308/308 309/309/309 349/349/349
f 308/308/308 349/349/349 348/348/348
f 309/309/309 310/310/310 350/350/350
f 309/309/309 350/350/350 349/349/349
f 310/310/310 311/311/311 351/351/351
f 310/310/310 351/351/351 350/350/350
f 311/311/311 312/312/312 352/352/352
f 311/311/311 352/352/352 351/351/351
f 312/312/312 313/313/313 353/353/353
f 312/312/312 353/353/353 352/352/352
f 313/313/313 314/314/314 354/354/354
f 313/313/313 354/354/354 353/353/353
f 314/314/314 315/315/315 355/355/355
f 314/314/314 355/355/355 354/354/354
f 315/315/315 316/316/316 356/356/356
f 315/315/315 356/356/356 355/355/355
f 316/316/316 317/317/317 357/357/357
f 316/316/316 357/357/357 356/356/356
f 317/317/317 318/318/318 358/358/358
f 317/317/317 358/358/358 357/357/357
f 318/318/318 319/319/319 359/359/359
f 318/318/318 359/359/359 358/358/358
f 319/319/319 320/320/320 360/360/360
f 319/319/319 360/360/360 359/359/359
f 320/320/320 281/281/281 321/321/321
f 320/320/320 321/321/321 360/360/360
f 321/321/321 322/322/322 362/362/362
f 321/321/321 362/362/362 361/361/361
f 322/322/322 323/323/323 363/363/363
f 322/322/322 363/363/363 362/362/362
f 323/323/323 324/324/324 364/364/364
f 323/323/323 364/364/364 363/363/363
f 324/324/324 325/325/325 365/365/365
f 324/324/324 365/365/365 364/364/364
f 325/325/325 326/326/326 366/366/366
f 325/325/325 366/366/366 365/365/365
f 326/326/326 327/327/327 367/367/367
f 326/326/326 367/367/367 366/366/366
f 327/327/327 328/328/328 368/368/368
f 327/327/327 368/368/368 367/367/367
f 328/328/328 329/329/329 369/369/369
f 328/328/328 369/369/369 368/368/368
f 329/329/329 330/330/330 370/370/370
f 329/329/329 370/370/370 369/369/369
f 330/330/330 331/331/331 371/371/371
f 330/330/330 371/371/371 370/370/370
f 331/331/331 332/332/332 372/372/372
f 331/331/331 372/372/372 371/371/371
f 332/332/332 333/333/333 373/373/373
f 332/332/332 373/373/373 372/372/372
f 333/333/333 334/334/334 374/374/374
f 333/333/333 374/374/374 373/373/373
f 334/334/334 335/335/335 375/375/375
f 334/334/334 375/375/375 374/374/374
f 335/335/335 336/336/336 376/376/376
f 335/335/335 376/376/376 375/375/375
f 336/336/336 337/337/337 377/377/377
f 336/336/336 377/377/377 376/376/376
f 337/337/337 338/338/338 378/378/378
f 337/337/337 378/378/378 377/377/377
f 338/338/338 339/339/339 379/379/379
f 338/338/338 379/379/379 378/378/378
f 339/339/339 340/340/340 380/380/380
f 339/339/339 380/380/380 379/379/379
f 340/340/340 341/341/341 381/381/381
f 340/340/340 381/381/381 380/380/380
f 341/341/341 342/342/342 382/382/382
f 341/341/341 382/382/382 381/381/381
f 342/342/342 343/343/343 383/383/383
f 342/342/342 383/383/383 382/382/382
f 343/343/343 344/344/344 384/384/384
f 343/343/343 384/384/384 383/383/383
f 344/344/344 345/345/345 385/385/385
f 344/344/344 385/385/385 384/384/384
f 345/345/345 346/346/346 386/386/386
f 345/345/345 386/386/386 385/385/385
f 346/346/346 347/347/347 387/387/387
f 346/346/346 387/387/387 386/386/386
f 347/347/347 348/348/348 388/388/388
f 347/347/347 388/388/388 387/387/387
f 348/348/348 349/349/349 389/389/389
f 348/348/348 389/389/389 388/388/388
f 349/349/349 350/350/350 390/390/390
f 349/349/349 390/390/390 389/389/389
f 350/350/350 351/351/351 391/391/391
f 350/350/350 391/391/391 390/390/390
f 351/351/351 352/352/352 392/392/392
f 351/351/351 392/392/392 391/391/391
f 352/352/352 353/353/353 393/393/393
f 352/352/352 393/393/393 392/392/392
f 353/353/353 354/354/354 394/394/394
f 353/353/353 394/394/394 393/393/393
f 354/354/354 355/355/355 395/395/395
f 354/354/354 395/395/395 394/394/394
f 355/355/355 356/356/356 396/396/396
f 355/355/355 396/396/396 395/395/395
f 356/356/356 357/357/357 397/397/397
f 356/356/356 397/397/397 396/396/396
f 357/357/357 358/358/358 398/398/398
f 357/357/357 398/398/398 397/397/397
f 358/358/358 359/359/359 399/399/399
f 358/358/358 399/399/399 398/398/398
f 359/359/359 360/360/360 400/400/400
f 359/359/359 400/400/400 399/399/399
f 360/360/360 321/321/321 361/361/361
f 360/360/360 361/361/361 400/400/400
f 361/361/361 362/362/362 402/402/402
f 361/361/361 402/402/402 401/401/401
f 362/362/362 363/363/363 403/403/403
f 362/362/362 403/403/403 402/402/402
f 363/363/363 364/364/364 404/404/404
f 363/363/363 404/404/404 403/403/403
f 364/364/364 365/365/365 405/405/405
f 364/364/364 405/405/405 404/404/404
f 365/365/365 366/366/366 406/406/406
f 365/365/365 406/406/406 405/405/405
f 366/366/366 367/367/367 407/407/407
f 366/366/366 407/407/407 406/406/406
f 367/367/367 368/368/368 408/408/408
f 367/367/367 408/408/408 407/407/407
f 368/368/368 369/369/369 409/409/409
f 368/368/368 409/409/409 408/408/408
f 369/369/369 370/370/370 410/410/410
f 369/369/369 410/410/410 409/409/409
f 370/370/370 371/371/371 411/411/411
f 370/370/370 411/411/411 410/410/410
f 371/371/371 372/372/372 412/412/412
f 371/371/371 412/412/412 411/411/411
f 372/372/372 373/373/373 413/413/413
f 372/372/372 413/413/413 412/412/412
f 373/373/373 374/374/374 414/414/414
f 373/373/373 414/414/414 413/413/413
f 374/374/374 375/375/375 415/415/415
f 374/374/374 415/415/415 414/414/414
f 375/375/375 376/376/376 416/416/416
f 375/375/375 416/416/416 415/415/415
f 376/376/376 377/377/377 417/417/417
f 376/376/376 417/417/417 416/416/416
f 377/377/377 378/378/378 418/418/418
f 377/377/377 418/418/418 417/417/417
f 378/378/378 379/379/379 419/419/419
f 378/378/378 419/419/419 418/418/418
f 379/379/379 380/380/380 420/420/420
f 379/379/379 420/420/420 419/419/419
f 380/380/380 381/381/381 421/421/421
f 380/380/380 421/421/421 420/420/420
f 381/381/381 382/382/382 422/422/422
f 381/381/381 422/422/422 421/421/421
f 382/382/382 383/383/383 423/423/423
f 382/382/382 423/423/423 422/422/422
f 383/383/383 384/384/384 424/424/424
f 383/383/383 424/424/424 423/423/423
f 384/384/384 385/385/385 425/425/425
f 384/384/384 425/425/425 424/424/424
f 385/385/385 386/386/386 426/426/426
f 385/385/385 426/426/426 425/425/425
f 386/386/386 387/387/387 427/427/427
f 386/386/386 427/427/427 426/426/426
f 387/387/387 388/388/388 428/428/428
f 387/387/387 428/428/428 427/427/427
f 388/388/388 389/389/389 429/429/429
f 388/388/388 429/429/429 428/428/428
f 389/389/389 390/390/390 430/430/430
f 389/389/389 430/430/430 429/429/429
f 390/390/390 391/391/391 431/431/431
f 390/390/390 431/431/431 430/430/430
f 391/391/391 392/392/392 432/432/432
f 391/391/391 432/432/432 431/431/431
f 392/392/392 393/393/393 433/433/433
f 392/392/392 433/433/433 432/432/432
f 393/393/393 394/394/394 434/434/434
f 393/393/393 434/434/434 433/433/433
f 394/394/394 395/395/395 435/435/435
f 394/394/394 435/435/435 434/434/434
f 395/395/395 396/396/396 436/436/436
f 395/395/395 436/436/436 435/435/435
f 396/396/396 397/397/397 437/437/437
f 396/396/396 437/437/437 436/436/436
f 397/397/397 398/398/398 438/438/438
f 397/397/397 438/438/438 437/437/437
f 398/398/398 399/399/399 439/439/439
f 398/398/398 439/439/439 438/438/438
f 399/399/399 400/400/400 440/440/440
f 399/399/399 440/440/440 439/439/439
f 400/400/400 361/361/361 401/401/401
f 400/400/400 401/401/401 440/440/440
f 401/401/401 402/402/402 442/442/442
f 401/401/401 442/442/442 441/441/441
f 402/402/402 403/403/403 443/443/443
f 402/402/402 443/443/443 442/442/442
f 403/403/403 404/404/404 444/444/444
f 403/403/403 444/444/444 443/443/443
f 404/404/404 405/405/405 445/445/445
f 404/404/404 445/445/445 444/444/444
f 405/405/405 406/406/406 446/446/446
f 405/405/405 446/446/446 445/445/445
f 406/406/406 407/407/407 447/447/447
f 406/406/406 447/447/447 446/446/446
f 407/407/407 408/408/408 448/448/448
f 407/407/407 448/448/448 447/447/447
f 408/408/408 409/409/409 449/449/449
f 408/408/408 449/449/449 448/448/448
f 409/409/409 410/410/410 450/450/450
f 409/409/409 450/450/450 449/449/449
f 410/410/410 411/411/411 451/451/451
f 410/410/410 451/451/451 450/450/450
f 411/411/411 412/412/412 452/452/452
f 411/411/411 452/452/452 451/451/451
f 412/412/412 413/413/413 453/453/453
f 412/412/412 453/453/453 452/452/452
f 413/413/413 414/414/414 454/454/454
f 413/413/413 454/454/454 453/453/453
f 414/414/414 415/415/415 455/455/455
f 414/414/414 455/455/455 454/454/454
f 415/415/415 416/416/416 456/456/456
f 415/415/415 456/456/456 455/455/455
f 416/416/416 417/417/417 457/457/457
f 416/416/416 457/457/457 456/456/456
f 417/417/417 418/418/418 458/458/458
f 417/417/417 458/458/458 457/457/457
f 418/418/418 419/419/419 459/459/459
f 418/418/418 459/459/459 458/458/458
f 419/419/419 420/420/420 460/460/460
f 419/419/419 460/460/460 459/459/459
f 420/420/420 421/421/421 461/461/461
f 420/420/420 461/461/461 460/460/460
f 421/421/421 422/422/422 462/462/462
f 421/421/421 462/462/462 461/461/461
f 422/422/422 423/423/423 463/463/463
f 422/422/422 463/463/463 462/462/462
f 423/423/423 424/424/424 464/464/464
f 423/423/423 464/464/464 463/463/463
f 424/424/424 425/425/425 465/465/465
f 424/424/424 465/465/465 464/464/464
f 425/425/425 426/426/426 466/466/466
f 425/425/425 466/466/466 465/465/465
f 426/426/426 427/427/427 467/467/467
f 426/426/426 467/467/467 466/466/466
f 427/427/427 428/428/428 468/468/468
f 427/427/427 468/468/468 467/467/467
f 428/428/428 429/429/429 469/469/469
f 428/428/428 469/469/469 468/468/468
f 429/429/429 430/430/430 470/470/470
f 429/429/429 470/470/470 469/469/469
f 430/430/430 431/431/431 471/471/471
f 430/430/430 471/471/471 470/470/470
f 431/431/431 432/432/432 472/472/472
f 431/431/431 472/472/472 471/471/471
f 432/432/432 433/433/433 473/473/473
f 432/432/432 473/473/473 472/472/472
f 433/433/433 434/434/434 474/474/474
f 433/433/433 474/474/474 473/473/473
f 434/434/434 435/435/435 475/475/475
f 434/434/434 475/475/475 474/474/474
f 435/435/435 436/436/436 476/476/476
f 435/435/435 476/476/476 475/475/475
f 436/436/436 437/437/437 477/477/477
f 436/436/436 477/477/477 476/476/476
f 437/437/437 438/438/438 478/478/478
f 437/437/437 478/478/478 477/477/477
f 438/438/438 439/439/439 479/479/479
f 438/438/438 479/479/479 478/478/478
f 439/439/439 440/440/440 480/480/480
f 439/439/439 480/480/480 479/479/479
f 440/440/440 401/401/401 441/441/441
f 440/440/440 441/441/441 480/480/480
f 441/441/441 442/442/442 482/482/482
f 441/441/441 482/482/482 481/481/481
f 442/442/442 443/443/443 483/483/483
f 442/442/442 483/483/483 482/482/482
f 443/443/443 444/444/444 484/484/484
f 443/443/443 484/484/484 483/483/483
f 444/444/444 445/445/445 485/485/485
f 444/444/444 485/485/485 484/484/484
f 445/445/445 446/446/446 486/486/486
f 445/445/445 486/486/486 485/485/485
f 446/446/446 447/447/447 487/487/487
f 446/446/446 487/487/487 486/486/486
f 447/447/447 448/448/448 488/488/488
f 447/447/447 488/488/488 487/487/487
f 448/448/448 449/449/449 489/489/489
f 448/448/448 489/489/489 488/488/488
f 449/449/449 450/450/450 490/490/490
f 449/449/449 490/490/490 489/489/489
f 450/450/450 451/451/451 491/491/491
f 450/450/450 491/491/491 490/490/490
f 451/451/451 452/452/452 492/492/492
f 451/451/451 492/492/492 491/491/491
f 452/452/452 453/453/453 493/493/493
f 452/452/452 493/493/493 492/492/492
f 453/453/453 454/454/454 494/494/494
f 453/453/453 494/494/494 493/493/493
f 454/454/454 455/455/455 495/495/495
f 454/454/454 495/495/495 494/494/494
f 455/455/455 456/456/456 496/496/496
f 455/455/455 496/496/496 495/495/495
f 456/456/456 457/457/457 497/497/497
f 456/456/456 497/497/497 496/496/496
f 457/457/457 458/458/458 498/498/498
f 457/457/457 498/498/498 497/497/497
f 458/458/458 459/459/459 499/499/499
f 458/458/458 499/499/499 498/498/498
f 459/459/459 460/460/460 500/500/500
f 459/459/459 500/500/500 499/499/499
f 460/460/460 461/461/461 501/501/501
f 460/460/460 501/501/501 500/500/500
f 461/461/461 462/462/462 502/502/502
f 461/461/461 502/502/502 501/501/501
f 462/462/462 463/463/463 503/503/503
f 462/462/462 503/503/503 502/502/502
f 463/463/463 464/464/464 504/504/504
f 463/463/463 504/504/504 503/503/503
f 464/464/464 465/465/465 505/505/505
f 464/464/464 505/505/505 504/504/504
f 465/465/465 466/466/466 506/506/506
f 465/465/465 506/506/506 505/505/505
f 466/466/466 467/467/467 507/507/507
f 466/466/466 507/507/507 506/506/506
f 467/467/467 468/468/468 508/508/508
f 467/467/467 508/508/508 507/507/507
f 468/468/468 469/469/469 509/509/509
f 468/468/468 509/509/509 508/508/508
f 469/469/469 470/470/470 510/510/510
f 469/469/469 510/510/510 509/509/509
f 470/470/470 471/471/471 511/511/511
f 470/470/470 511/511/511 510/510/510
f 471/471/471 472/472/472 512/512/512
f 471/471/471 512/512/512 511/511/511
f 472/472/472 473/473/473 513/513/513
f 472/472/472 513/513/513 512/512/512
f 473/473/473 474/474/474 514/514/514
f 473/473/473 514/514/514 513/513/513
f 474/474/474 475/475/475 515/515/515
f 474/474/474 515/515/515 514/514/514
f 475/475/475 476/476/476 516/516/516
f 475/475/475 516/516/516 515/515/515
f 476/476/476 477/477/477 517/517/517
f 476/476/476 517/517/517 516/516/516
f 477/477/477 478/478/478 518/518/518
f 477/477/477 518/518/518 517/517/517
f 478/478/478 479/479/479 519/519/519
f 478/478/478 519/519/519 518/518/518
f 479/479/479 480/480/480 520/520/520
f 479/479/479 520/520/520 519/519/519
f 480/480/480 441/441/441 481/481/481
f 480/480/480 481/481/481 520/520/520
f 481/481/481 482/482/482 522/522/522
f 481/481/481 522/522/522 521/521/521
f 482/482/482 483/483/483 523/523/523
f 482/482/482 523/523/523 522/522/522
f 483/483/483 484/484/484 524/524/524
f 483/483/483 524/524/524 523/523/523
f 484/484/484 485/485/485 525/525/525
f 484/484/484 525/525/525 524/524/524
f 485/485/485 486/486/486 526/526/526
f 485/485/485 526/526/526 525/525/525
f 486/486/486 487/487/487 527/527/527
f 486/486/486 527/527/527 526/526/526
f 487/487/487 488/488/488 528/528/528
f 487/487/487 528/528/528 527/527/527
f 488/488/488 489/489/489 529/529/529
f 488/488/488 529/529/529 528/528/528
f 489/489/489 490/490/490 530/530/530
f 489/489/489 530/530/530 529/529/529
f 490/490/490 491/491/491 531/531/531
f 490/490/490 531/531/531 530/530/530
f 491/491/491 492/492/492 532/532/532
f 491/491/491 532/532/532 531/531/531
f 492/492/492 493/493/493 533/533/533
f 492/492/492 533/533/533 532/532/532
f 493/493/493 494/494/494 534/534/534
f 493/493/493 534/534/534 533/533/533
f 494/494/494 495/495/495 535/535/535
f 494/494/494 535/535/535 534/534/534
f 495/495/495 496/496/496 536/536/536
f 495/495/495 536/536/536 535/535/535
f 496/496/496 497/497/497 537/537/537
f 496/496/496 537/537/537 536/536/536
f 497/497/497 498/498/498 538/538/538
f 497/497/497 538/538/538 537/537/537
f 498/498/498 499/499/499 539/539/539
f 498/498/498 539/539/539 538/538/538
f 499/499/499 500/500/500 540/540/540
f 499/499/499 540/540/540 539/539/539
f 500/500/500 501/501/501 541/541/541
f 500/500/500 541/541/541 540/540/540
f 501/501/501 502/502/502 542/542/542
f 501/501/501 542/542/542 541/541/541
f 502/502/502 503/503/503 543/543/543
f 502/502/502 543/543/543 542/542/542
f 503/503/503 504/504/504 544/544/544
f 503/503/503 544/544/544 543/543/543
f 504/504/504 505/505/505 545/545/545
f 504/504/504 545/545/545 544/544/544
f 505/505/505 506/506/506 546/546/546
f 505/505/505 546/546/546 545/545/545
f 506/506/506 507/507/507 547/547/547
f 506/506/506 547/547/547 546/546/546
f 507/507/507 508/508/508 548/548/548
f 507/507/507 548/548/548 547/547/547
f 508/508/508 509/509/509 549/549/549
f 508/508/508 549/549/549 548/548/548
f 509/509/509 510/510/510 550/550/550
f 509/509/509 550/550/550 549/549/549
f 510/510/510 511/511/511 551/551/551
f 510/510/510 551/551/551 550/550/550
f 511/511/511 512/512/512 552/552/552
f 511/511/511 552/552/552 551/551/551
f 512/512/512 513/513/513 553/553/553
f 512/512/512 553/553/553 552/552/552
f 513/513/513 514/514/514 554/554/554
f 513/513/513 554/554/554 553/553/553
f 514/514/514 515/515/515 555/555/555
f 514/514/514 555/555/555 554/554/554
f 515/515/515 516/516/516 556/556/556
f 515/515/515 556/556/556 555/555/555
f 516/516/516 517/517/517 557/557/557
f 516/516/516 557/557/557 556/556/556
f 517/517/517 518/518/518 558/558/558
f 517/517/517 558/558/558 557/557/557
f 518/518/518 519/519/519 559/559/559
f 518/518/518 559/559/559 558/558/558
f 519/519/519 520/520/520 560/560/560
f 519/519/519 560/560/560 559/559/559
f 520/520/520 481/481/481 521/521/521
f 520/520/520 521/521/521 560/560/560
f 521/521/521 522/522/522 562/562/562
f 521/521/521 562/562/562 561/561/561
f 522/522/522 523/523/523 563/563/563
f 522/522/522 563/563/563 562/562/562
f 523/523/523 524/524/524 564/564/564
f 523/523/523 564/564/564 563/563/563
f 524/524/524 525/525/525 565/565/565
f 524/524/524 565/565/565 564/564/564
f 525/525/525 526/526/526 566/566/566
f 525/525/525 566/566/566 565/565/565
f 526/526/526 527/527/527 567/567/567
f 526/526/526 567/567/567 566/566/566
f 527/527/527 528/528/528 568/568/568
f 527/527/527 568/568/568 567/567/567
f 528/528/528 529/529/529 569/569/569
f 528/528/528 569/569/569 568/568/568
f 529/529/529 530/530/530 570/570/570
f 529/529/529 570/570/570 569/569/569
f 530/530/530 531/531/531 571/571/571
f 530/530/530 571/571/571 570/570/570
f 531/531/531 532/532/532 572/572/572
f 531/531/531 572/572/572 571/571/571
f 532/532/532 533/533/533 573/573/573
f 532/532/532 573/573/573 572/572/572
f 533/533/533 534/534/534 574/574/574
f 533/533/533 574/574/574 573/573/573
f 534/534/534 535/535/535 575/575/575
f 534/534/534 575/575/575 574/574/574
f 535/535/535 536/536/536 576/576/576
f 535/535/535 576/576/576 575/575/575
f 536/536/536 537/537/537 577/577/577
f 536/536/536 577/577/577 576/576/576
f 537/537/537 538/538/538 578/578/578
f 537/537/537 578/578/578 577/577/577
f 538/538/538 539/539/539 579/579/579
f 538/538/538 579/579/579 578/578/578
f 539/539/539 540/540/540 580/580/580
f 539/539/539 580/580/580 579/579/579
f 540/540/540 541/541/541 581/581/581
f 540/540/540 581/581/581 580/580/580
f 541/541/541 542/542/542 582/582/582
f 541/541/541 582/582/582 581/581/581
f 542/542/542 543/543/543 583/583/583
f 542/542/542 583/583/583 582/582/582
f 543/543/543 544/544/544 584/584/584
f 543/543/543 584/584/584 583/583/583
f 544/544/544 545/545/545 585/585/585
f 544/544/544 585/585/585 584/584/584
f 545/545/545 546/546/546 586/586/586
f 545/545/545 586/586/586 585/585/585
f 546/546/546 547/547/547 587/587/587
f 546/546/546 587/587/587 586/586/586
f 547/547/547 548/548/548 588/588/588
f 547/547/547 588/588/588 587/587/587
f 548/548/548 549/549/549 589/589/589
f 548/548/548 589/589/589 588/588/588
f 549/549/549 550/550/550 590/590/590
f 549/549/549 590/590/590 589/589/589
f 550/550/550 551/551/551 591/591/591
f 550/550/550 591/591/591 590/590/590
f 551/551/551 552/552/552 592/592/592
f 551/551/551 592/592/592 591/591/591
f 552/552/552 553/553/553 593/593/593
f 552/552/552 593/593/593 592/592/592
f 553/553/553 554/554/554 594/594/594
f 553/553/553 594/594/594 593/593/593
f 554/554/554 555/555/555 595/595/595
f 554/554/554 595/595/595 594/594/594
f 555/555/555 556/556/556 596/596/596
f 555/555/555 596/596/596 595/595/595
f 556/556/556 557/557/557 597/597/597
f 556/556/556 597/597/597 596/596/596
f 557/557/557 558/558/558 598/598/598
f 557/557/557 598/598/598 597/597/597
f 558/558/558 559/559/559 599/599/599
f 558/558/558 599/599/599 598/598/598
f 559/559/559 560/560/560 600/600/600
f 559/559/559 600/600/600 599/599/599
f 560/560/560 521/521/521 561/561/561
f 560/560/560 561/561/561 600/600/600
f 561/561/561 562/562/562 602/602/602
f 561/561/561 602/602/602 601/601/601
f 562/562/562 563/563/563 603/603/603
f 562/562/562 603/603/603 602/602/602
f 563/563/563 564/564/564 604/604/604
f 563/563/563 604/604/604 603/603/603
f 564/564/564 565/565/565 605/605/605
f 564/564/564 605/605/605 604/604/604
f 565/565/565 566/566/566 606/606/606
f 565/565/565 606/606/606 605/605/605
f 566/566/566 567/567/567 607/607/607
f 566/566/566 607/607/607 606/606/606
f 567/567/567 568/568/568 608/608/608
f 567/567/567 608/608/608 607/607/607
f 568/568/568 569/569/569 609/609/609
f 568/568/568 609/609/609 608/608/608
f 569/569/569 570/570/570 610/610/610
f 569/569/569 610/610/610 609/609/609
f 570/570/570 571/571/571 611/611/611
f 570/570/570 611/611/611 610/610/610
f 571/571/571 572/572/572 612/612/612
f 571/571/571 612/612/612 611/611/611
f 572/572/572 573/573/573 613/613/613
f 572/572/572 613/613/613 612/612/612
f 573/573/573 574/574/574 614/614/614
f 573/573/573 614/614/614 613/613/613
f 574/574/574 575/575/575 615/615/615
f 574/574/574 615/615/615 614/614/614
f 575/575/575 576/576/576 616/616/616
f 575/575/575 616/616/616 615/615/615
f 576/576/576 577/577/577 617/617/617
f 576/576/576 617/617/617 616/616/616
f 577/577/577 578/578/578 618/618/618
f 577/577/577 618/618/618 617/617/617
f 578/578/578 579/579/579 619/619/619
f 578/578/578 619/619/619 618/618/618
f 579/579/579 580/580/580 620/620/620
f 579/579/579 620/620/620 619/619/619
f 580/580/580 581/581/581 621/621/621
f 580/580/580 621/621/621 620/620/620
f 581/581/581 582/582/582 622/622/622
f 581/581/581 622/622/622 621/621/621
f 582/582/582 583/583/583 623/623/623
f 582/582/582 623/623/623 622/622/622
f 583/583/583 584/584/584 624/624/624
f 583/583/583 624/624/624 623/623/623
f 584/584/584 585/585/585 625/625/625
f 584/584/584 625/625/625 624/624/624
f 585/585/585 586/586/586 626/626/626
f 585/585/585 626/626/626 625/625/625
f 586/586/586 587/587/587 627/627/627
f 586/586/586 627/627/627 626/626/626
f 587/587/587 588/588/588 628/628/628
f 587/587/587 628/628/628 627/627/627
f 588/588/588 589/589/589 629/629/629
f 588/588/588 629/629/629 628/628/628
f 589/589/589 590/590/590 630/630/630
f 589/589/589 630/630/630 629/629/629
f 590/590/590 591/591/591 631/631/631
f 590/590/590 631/631/631 630/630/630
f 591/591/591 592/592/592 632/632/632
f 591/591/591 632/632/632 631/631/631
f 592/592/592 593/593/593 633/633/633
f 592/592/592 633/633/633 632/632/632
f 593/593/593 594/594/594 634/634/634
f 593/593/593 634/634/634 633/633/633
f 594/594/594 595/595/595 635/635/635
f 594/594/594 635/635/635 634/634/634
f 595/595/595 596/596/596 636/636/636
f 595/595/595 636/636/636 635/635/635
f 596/596/596 597/597/597 637/637/637
f 596/596/596 637/637/637 636/636/636
f 597/597/597 598/598/598 638/638/638
f 597/597/597 638/638/638 637/637/637
f 598/598/598 599/599/599 639/639/639
f 598/598/598 639/639/639 638/638/638
f 599/599/599 600/600/600 640/640/640
f 599/599/599 640/640/640 639/639/639
f 600/600/600 561/561/561 601/601/601
f 600/600/600 601/601/601 640/640/640
f 601/601/601 602/602/602 642/642/642
f 601/601/601 642/642/642 641/641/641
f 602/602/602 603/603/603 643/643/643
f 602/602/602 643/643/643 642/642/642
f 603/603/603 604/604/604 644/644/644
f 603/603/603 644/644/644 643/643/643
f 604/604/604 605/605/605 645/645/645
f 604/604/604 645/645/645 644/644/644
f 605/605/605 606/606/606 646/646/646
f 605/605/605 646/646/646 645/645/645
f 606/606/606 607/607/607 647/647/647
f 606/606/606 647/647/647 646/646/646
f 607/607/607 608/608/608 648/648/648
f 607/607/607 648/648/648 647/647/647
f 608/608/608 609/609/609 649/649/649
f 608/608/608 649/649/649 648/648/648
f 609/609/609 610/610/610 650/650/650
f 609/609/609 650/650/650 649/649/649
f 610/610/610 611/611/611 651/651/651
f 610/610/610 651/651/651 650/650/650
f 611/611/611 612/612/612 652/652/652
f 611/611/611 652/652/652 651/651/651
f 612/612/612 613/613/613 653/653/653
f 612/612/612 653/653/653 652/652/652
f 613/613/613 614/614/614 654/654/654
f 613/613/613 654/654/654 653/653/653
f 614/614/614 615/615/615 655/655/655
f 614/614/614 655/655/655 654/654/654
f 615/615/615 616/616/616 656/656/656
f 615/615/615 656/656/656 655/655/655
f 616/616/616 617/617/617 657/657/657
f 616/616/616 657/657/657 656/656/656
f 617/617/617 618/618/618 658/658/658
f 617/617/617 658/658/658 657/657/657
f 618/618/618 619/619/619 659/659/659
f 618/618/618 659/659/659 658/658/658
f 619/619/619 620/620/620 660/660/660
f 619/619/619 660/660/660 659/659/659
f 620/620/620 621/621/621 661/661/661
f 620/620/620 661/661/661 660/660/660
f 621/621/621 622/622/622 662/662/662
f 621/621/621 662/662/662 661/661/661
f 622/622/622 623/623/623 663/663/663
f 622/622/622 663/663/663 662/662/662
f 623/623/623 624/624/624 664/664/664
f 623/623/623 664/664/664 663/663/663
f 624/624/624 625/625/625 665/665/665
f 624/624/624 665/665/665 664/664/664
f 625/625/625 626/626/626 666/666/666
f 625/625/625 666/666/666 665/665/665
f 626/626/626 627/627/627 667/667/667
f 626/626/626 667/667/667 666/666/666
f 627/627/627 628/628/628 668/668/668
f 627/627/627 668/668/668 667/667/667
f 628/628/628 629/629/629 669/669/669
f 628/628/628 669/669/669 668/668/668
f 629/629/629 630/630/630 670/670/670
f 629/629/629 670/670/670 669/669/669
f 630/630/630 631/631/631 671/671/671
f 630/630/630 671/671/671 670/670/670
f 631/631/631 632/632/632 672/672/672
f 631/631/631 672/672/672 671/671/671
f 632/632/632 633/633/633 673/673/673
f 632/632/632 673/673/673 672/672/672
f 633/633/633 634/634/634 674/674/674
f 633/633/633 674/674/674 673/673/673
f 634/634/634 635/635/635 675/675/675
f 634/634/634 675/675/675 674/674/674
f 635/635/635 636/636/636 676/676/676
f 635/635/635 676/676/676 675/675/675
f 636/636/636 637/637/637 677/677/677
f 636/636/636 677/677/677 676/676/676
f 637/637/637 638/638/638 678/678/678
f 637/637/637 678/678/678 677/677/677
f 638/638/638 639/639/639 679/679/679
f 638/638/638 679/679/679 678/678/678
f 639/639/639 640/640/640 680/680/680
f 639/639/639 680/680/680 679/679/679
f 640/640/640 601/601/601 641/641/641
f 640/640/640 641/641/641 680/680/680
f 641/641/641 642/642/642 682/682/682
f 641/641/641 682/682/682 681/681/681
f 642/642/642 643/643/643 683/683/683
f 642/642/642 683/683/683 682/682/682
f 643/643/643 644/644/644 684/684/684
f 643/643/643 684/684/684 683/683/683
f 644/644/644 645/645/645 685/685/685
f 644/644/644 685/685/685 684/684/684
f 645/645/645 646/646/646 686/686/686
f 645/645/645 686/686/686 685/685/685
f 646/646/646 647/647/647 687/687/687
f 646/646/646 687/687/687 686/686/686
f 647/647/647 648/648/648 688/688/688
f 647/647/647 688/688/688 687/687/687
f 648/648/648 649/649/649 689/689/689
f 648/648/648 689/689/689 688/688/688
f 649/649/649 650/650/650 690/690/690
f 649/649/649 690/690/690 689/689/689
f 650/650/650 651/651/651 691/691/691
f 650/650/650 691/691/691 690/690/690
f 651/651/651 652/652/652 692/692/692
f 651/651/651 692/692/692 691/691/691
f 652/652/652 653/653/653 693/693/693
f 652/652/652 693/693/693 692/692/692
f 653/653/653 654/654/654 694/694/694
f 653/653/653 694/694/694 693/693/693
f 654/654/654 655/655/655 695/695/695
f 654/654/654 695/695/695 694/694/694
f 655/655/655 656/656/656 696/696/696
f 655/655/655 696/696/696 695/695/695
f 656/656/656 657/657/657 697/697/697
f 656/656/656 697/697/697 696/696/696
f 657/657/657 658/658/658 698/698/698
f 657/657/657 698/698/698 697/697/697
f 658/658/658 659/659/659 699/699/699
f 658/658/658 699/699/699 698/698/698
f 659/659/659 660/660/660 700/700/700
f 659/659/659 700/700/700 699/699/699
f 660/660/660 661/661/661 701/701/701
f 660/660/660 701/701/701 700/700/700
f 661/661/661 662/662/662 702/702/702
f 661/661/661 702/702/702 701/701/701
f 662/662/662 663/663/663 703/703/703
f 662/662/662 703/703/703 702/702/702
f 663/663/663 664/664/664 704/704/704
f 663/663/663 704/704/704 703/703/703
f 664/664/664 665/665/665 705/705/705
f 664/664/664 705/705/705 704/704/704
f 665/665/665 666/666/666 706/706/706
f 665/665/665 706/706/706 705/705/705
f 666/666/666 667/667/667 707/707/707
f 666/666/666 707/707/707 706/706/706
f 667/667/667 668/668/668 708/708/708
f 667/667/667 708/708/708 707/707/707
f 668/668/668 669/669/669 709/709/709
f 668/668/668 709/709/709 708/708/708
f 669/669/669 670/670/670 710/710/710
f 669/669/669 710/710/710 709/709/709
f 670/670/670 671/671/671 711/711/711
f 670/670/670 711/711/711 710/710/710
f 671/671/671 672/672/672 712/712/712
f 671/671/671 712/712/712 711/711/711
f 672/672/672 673/673/673 713/713/713
f 672/672/672 713/713/713 712/712/712
f 673/673/673 674/674/674 714/714/714
f 673/673/673 714/714/714 713/713/713
f 674/674/674 675/675/675 715/715/715
f 674/674/674 715/715/715 714/714/714
f 675/675/675 676/676/676 716/716/716
f 675/675/675 716/716/716 715/715/715
f 676/676/676 677/677/677 717/717/717
f 676/676/676 717/717/717 716/716/716
f 677/677/677 678/678/678 718/718/718
f 677/677/677 718/718/718 717/717/717
f 678/678/678 679/679/679 719/719/719
f 678/678/678 719/719/719 718/718/718
f 679/679/679 680/680/680 720/720/720
f 679/679/679 720/720/720 719/719/719
f 680/680/680 641/641/641 681/681/681
f 680/680/680 681/681/681 720/720/720
f 681/681/681 682/682/682 722/722/722
f 681/681/681 722/722/722 721/721/721
f 682/682/682 683/683/683 723/723/723
f 682/682/682 723/723/723 722/722/722
f 683/683/683 684/684/684 724/724/724
f 683/683/683 724/724/724 723/723/723
f 684/684/684 685/685/685 725/725/725
f 684/684/684 725/725/725 724/724/724
f 685/685/685 686/686/686 726/726/726
f 685/685/685 726/726/726 725/725/725
f 686/686/686 687/687/687 727/727/727
f 686/686/686 727/727/727 726/726/726
f 687/687/687 688/688/688 728/728/728
f 687/687/687 728/728/728 727/727/727
f 688/688/688 689/689/689 729/729/729
f 688/688/688 729/729/729 728/728/728
f 689/689/689 690/690/690 730/730/730
f 689/689/689 730/730/730 729/729/729
f 690/690/690 691/691/691 731/731/731
f 690/690/690 731/731/731 730/730/730
f 691/691/691 692/692/692 732/732/732
f 691/691/691 732/732/732 731/731/731
f 692/692/692 693/693/693 733/733/733
f 692/692/692 733/733/733 732/732/732
f 693/693/693 694/694/694 734/734/734
f 693/693/693 734/734/734 733/733/733
f 694/694/694 695/695/695 735/735/735
f 694/694/694 735/735/735 734/734/734
f 695/695/695 696/696/696 736/736/736
f 695/695/695 736/736/736 735/735/735
f 696/696/696 697/697/697 737/737/737
f 696/696/696 737/737/737 736/736/736
f 697/697/697 698/698/698 738/738/738
f 697/697/697 738/738/738 737/737/737
f 698/698/698 699/699/699 739/739/739
f 698/698/698 739/739/739 738/738/738
f 699/699/699 700/700/700 740/740/740
f 699/699/699 740/740/740 739/739/739
f 700/700/700 701/701/701 741/741/741
f 700/700/700 741/741/741 740/740/740
f 701/701/701 702/702/702 742/742/742
f 701/701/701 742/742/742 741/741/741
f 702/702/702 703/703/703 743/743/743
f 702/702/702 743/743/743 742/742/742
f 703/703/703 704/704/704 744/744/744
f 703/703/703 744/744/744 743/743/743
f 704/704/704 705/705/705 745/745/745
f 704/704/704 745/745/745 744/744/744
f 705/705/705 706/706/706 746/746/746
f 705/705/705 746/746/746 745/745/745
f 706/706/706 707/707/707 747/747/747
f 706/706/706 747/747/747 746/746/746
f 707/707/707 708/708/708 748/748/748
f 707/707/707 748/748/748 747/747/747
f 708/708/708 709/709/709 749/749/749
f 708/708/708 749/749/749 748/748/748
f 709/709/709 710/710/710 750/750/750
f 709/709/709 750/750/750 749/749/749
f 710/710/710 711/711/711 751/751/751
f 710/710/710 751/751/751 750/750/750
f 711/711/711 712/712/712 752/752/752
f 711/711/711 752/752/752 751/751/751
f 712/712/712 713/713/713 753/753/753
f 712/712/712 753/753/753 752/752/752
f 713/713/713 714/714/714 754/754/754
f 713/713/713 754/754/754 753/753/753
f 714/714/714 715/715/715 755/755/755
f 714/714/714 755/755/755 754/754/754
f 715/715/715 716/716/716 756/756/756
f 715/715/715 756/756/756 755/755/755
f 716/716/716 717/717/717 757/757/757
f 716/716/716 757/757/757 756/756/756
f 717/717/717 718/718/718 758/758/758
f 717/717/717 758/758/758 757/757/757
f 718/718/718 719/719/719 759/759/759
f 718/718/718 759/759/759 758/758/758
f 719/719/719 720/720/720 760/760/760
f 719/719/719 760/760/760 759/759/759
f 720/720/720 681/681/681 721/721/721
f 720/720/720 721/721/721 760/760/760
f 721/721/721 722/722/722 762/762/762
f 721/721/721 762/762/762 761/761/761
f 722/722/722 723/723/723 763/763/763
f 722/722/722 763/763/763 762/762/762
f 723/723/723 724/724/724 764/764/764
f 723/723/723 764/764/764 763/763/763
f 724/724/724 725/725/725 765/765/765
f 724/724/724 765/765/765 764/764/764
f 725/725/725 726/726/726 766/766/766
f 725/725/725 766/766/766 765/765/765
f 726/726/726 727/727/727 767/767/767
f 726/726/726 767/767/767 766/766/766
f 727/727/727 728/728/728 768/768/768
f 727/727/727 768/768/768 767/767/767
f 728/728/728 729/729/729 769/769/769
f 728/728/728 769/769/769 768/768/768
f 729/729/729 730/730/730 770/770/770
f 729/729/729 770/770/770 769/769/769
f 730/730/730 731/731/731 771/771/771
f 730/730/730 771/771/771 770/770/770
f 731/731/731 732/732/732 772/772/772
f 731/731/731 772/772/772 771/771/771
f 732/732/732 733/733/733 773/773/773
f 732/732/732 773/773/773 772/772/772
f 733/733/733 734/734/734 774/774/774
f 733/733/733 774/774/774 773/773/773
f 734/734/734 735/735/735 775/775/775
f 734/734/734 775/775/775 774/774/774
f 735/735/735 736/736/736 776/776/776
f 735/735/735 776/776/776 775/775/775
f 736/736/736 737/737/737 777/777/777
f 736/736/736 777/777/777 776/776/776
f 737/737/737 738/738/738 778/778/778
f 737/737/737 778/778/778 777/777/777
f 738/738/738 739/739/739 779/779/779
f 738/738/738 779/779/779 778/778/778
f 739/739/739 740/740/740 780/780/780
f 739/739/739 780/780/780 779/779/779
f 740/740/740 741/741/741 781/781/781
f 740/740/740 781/781/781 780/780/780
f 741/741/741 742/742/742 782/782/782
f 741/741/741 782/782/782 781/781/781
f 742/742/742 743/743/743 783/783/783
f 742/742/742 783/783/783 782/782/782
f 743/743/743 744/744/744 784/784/784
f 743/743/743 784/784/784 783/783/783
f 744/744/744 745/745/745 785/785/785
f 744/744/744 785/785/785 784/784/784
f 745/745/745 746/746/746 786/786/786
f 745/745/745 786/786/786 785/785/785
f 746/746/746 747/747/747 787/787/787
f 746/746/746 787/787/787 786/786/786
f 747/747/747 748/748/748 788/788/788
f 747/747/747 788/788/788 787/787/787
f 748/748/748 749/749/749 789/789/789
f 748/748/748 789/789/789 788/788/788
f 749/749/749 750/750/750 790/790/790
f 749/749/749 790/790/790 789/789/789
f 750/750/750 751/751/751 791/791/791
f 750/750/750 791/791/791 790/790/790
f 751/751/751 752/752/752 792/792/792
f 751/751/751 792/792/792 791/791/791
f 752/752/752 753/753/753 793/793/793
f 752/752/752 793/793/793 792/792/792
f 753/753/753 754/754/754 794/794/794
f 753/753/753 794/794/794 793/793/793
f 754/754/754 755/755/755 795/795/795
f 754/754/754 795/795/795 794/794/794
f 755/755/755 756/756/756 796/796/796
f 755/755/755 796/796/796 795/795/795
f 756/756/756 757/757/757 797/797/797
f 756/756/756 797/797/797 796/796/796
f 757/757/757 758/758/758 798/798/798
f 757/757/757 798/798/798 797/797/797
f 758/758/758 759/759/759 799/799/799
f 758/758/758 799/799/799 798/798/798
f 759/759/759 760/760/760 800/800/800
f 759/759/759 800/800/800 799/799/799
f 760/760/760 721/721/721 761/761/761
f 760/760/760 761/761/761 800/800/800
f 761/761/761 762/762/762 802/802/802
f 761/761/761 802/802/802 801/801/801
f 762/762/762 763/763/763 803/803/803
f 762/762/762 803/803/803 802/802/802
f 763/763/763 764/764/764 804/804/804
f 763/763/763 804/804/804 803/803/803
f 764/764/764 765/765/765 805/805/805
f 764/764/764 805/805/805 804/804/804
f 765/765/765 766/766/766 806/806/806
f 765/765/765 806/806/806 805/805/805
f 766/766/766 767/767/767 807/807/807
f 766/766/766 807/807/807 806/806/806
f 767/767/767 768/768/768 808/808/808
f 767/767/767 808/808/808 807/807/807
f 768/768/768 769/769/769 809/809/809
f 768/768/768 809/809/809 808/808/808
f 769/769/769 770/770/770 810/810/810
f 769/769/769 810/810/810 809/809/809
f 770/770/770 771/771/771 811/811/811
f 770/770/770 811/811/811 810/810/810
f 771/771/771 772/772/772 812/812/812
f 771/771/771 812/812/812 811/811/811
f 772/772/772 773/773/773 813/813/813
f 772/772/772 813/813/813 812/812/812
f 773/773/773 774/774/774 814/814/814
f 773/773/773 814/814/814 813/813/813
f 774/774/774 775/775/775 815/815/815
f 774/774/774 815/815/815 814/814/814
f 775/775/775 776/776/776 816/816/816
f 775/775/775 816/816/816 815/815/815
f 776/776/776 777/777/777 817/817/817
f 776/776/776 817/817/817 816/816/816
f 777/777/777 778/778/778 818/818/818
f 777/777/777 818/818/818 817/817/817
f 778/778/778 779/779/779 819/819/819
f 778/778/778 819/819/819 818/818/818
f 779/779/779 780/780/780 820/820/820
f 779/779/779 820/820/820 819/819/819
f 780/780/780 781/781/781 821/821/821
f 780/780/780 821/821/821 820/820/820
f 781/781/781 782/782/782 822/822/822
f 781/781/781 822/822/822 821/821/821
f 782/782/782 783/783/783 823/823/823
f 782/782/782 823/823/823 822/822/822
f 783/783/783 784/784/784 824/824/824
f 783/783/783 824/824/824 823/823/823
f 784/784/784 785/785/785 825/825/825
f 784/784/784 825/825/825 824/824/824
f 785/785/785 786/786/786 826/826/826
f 785/785/785 826/826/826 825/825/825
f 786/786/786 787/787/787 827/827/827
f 786/786/786 827/827/827 826/826/826
f 787/787/787 788/788/788 828/828/828
f 787/787/787 828/828/828 827/827/827
f 788/788/788 789/789/789 829/829/829
f 788/788/788 829/829/829 828/828/828
f 789/789/789 790/790/790 830/830/830
f 789/789/789 830/830/830 829/829/829
f 790/790/790 791/791/791 831/831/831
f 790/790/790 831/831/831 830/830/830
f 791/791/791 792/792/792 832/832/832
f 791/791/791 832/832/832 831/831/831
f 792/792/792 793/793/793 833/833/833
f 792/792/792 833/833/833 832/832/832
f 793/793/793 794/794/794 834/834/834
f 793/793/793 834/834/834 833/833/833
f 794/794/794 795/795/795 835/835/835
f 794/794/794 835/835/835 834/834/834
f 795/795/795 796/796/796 836/836/836
f 795/795/795 836/836/836 835/835/835
f 796/796/796 797/797/797 837/837/837
f 796/796/796 837/837/837 836/836/836
f 797/797/797 798/798/798 838/838/838
f 797/797/797 838/838/838 837/837/837
f 798/798/798 799/799/799 839/839/839
f 798/798/798 839/839/839 838/838/838
f 799/799/799 800/800/800 840/840/840
f 799/799/799 840/840/840 839/839/839
f 800/800/800 761/761/761 801/801/801
f 800/800/800 801/801/801 840/840/840
f 801/801/801 802/802/802 842/842/842
f 801/801/801 842/842/842 841/841/841
f 802/802/802 803/803/803 843/843/843
f 802/802/802 843/843/843 842/842/842
f 803/803/803 804/804/804 844/844/844
f 803/803/803 844/844/844 843/843/843
f 804/804/804 805/805/805 845/845/845
f 804/804/804 845/845/845 844/844/844
f 805/805/805 806/806/806 846/846/846
f 805/805/805 846/846/846 845/845/845
f 806/806/806 807/807/807 847/847/847
f 806/806/806 847/847/847 846/846/846
f 807/807/807 808/808/808 848/848/848
f 807/807/807 848/848/848 847/847/847
f 808/808/808 809/809/809 849/849/849
f 808/808/808 849/849/849 848/848/848
f 809/809/809 810/810/810 850/850/850
f 809/809/809 850/850/850 849/849/849
f 810/810/810 811/811/811 851/851/851
f 810/810/810 851/851/851 850/850/850
f 811/811/811 812/812/812 852/852/852
f 811/811/811 852/852/852 851/851/851
f 812/812/812 813/813/813 853/853/853
f 812/812/812 853/853/853 852/852/852
f 813/813/813 814/814/814 854/854/854
f 813/813/813 854/854/854 853/853/853
f 814/814/814 815/815/815 855/855/855
f 814/814/814 855/855/855 854/854/854
f 815/815/815 816/816/816 856/856/856
f 815/815/815 856/856/856 855/855/855
f 816/816/816 817/817/817 857/857/857
f 816/816/816 857/857/857 856/856/856
f 817/817/817 818/818/818 858/858/858
f 817/817/817 858/858/858 857/857/857
f 818/818/818 819/819/819 859/859/859
f 818/818/818 859/859/859 858/858/858
f 819/819/819 820/820/820 860/860/860
f 819/819/819 860/860/860 859/859/859
f 820/820/820 821/821/821 861/861/861
f 820/820/820 861/861/861 860/860/860
f 821/821/821 822/822/822 862/862/862
f 821/821/821 862/862/862 861/861/861
f 822/822/822 823/823/823 863/863/863
f 822/822/822 863/863/863 862/862/862
f 823/823/823 824/824/824 864/864/864
f 823/823/823 864/864/864 863/863/863
f 824/824/824 825/825/825 865/865/865
f 824/824/824 865/865/865 864/864/864
f 825/825/825 826/826/826 866/866/866
f 825/825/825 866/866/866 865/865/865
f 826/826/826 827/827/827 867/867/867
f 826/826/826 867/867/867 866/866/866
f 827/827/827 828/828/828 868/868/868
f 827/827/827 868/868/868 867/867/867
f 828/828/828 829/829/829 869/869/869
f 828/828/828 869/869/869 868/868/868
f 829/829/829 830/830/830 870/870/870
f 829/829/829 870/870/870 869/869/869
f 830/830/830 831/831/831 871/871/871
f 830/830/830 871/871/871 870/870/870
f 831/831/831 832/832/832 872/872/872
f 831/831/831 872/872/872 871/871/871
f 832/832/832 833/833/833 873/873/873
f 832/832/832 873/873/873 872/872/872
f 833/833/833 834/834/834 874/874/874
f 833/833/833 874/874/874 873/873/873
f 834/834/834 835/835/835 875/875/875
f 834/834/834 875/875/875 874/874/874
f 835/835/835 836/836/836 876/876/876
f 835/835/835 876/876/876 875/875/875
f 836/836/836 837/837/837 877/877/877
f 836/836/836 877/877/877 876/876/876
f 837/837/837 838/838/838 878/878/878
f 837/837/837 878/878/878 877/877/877
f 838/838/838 839/839/839 879/879/879
f 838/838/838 879/879/879 878/878/878
f 839/839/839 840/840/840 880/880/880
f 839/839/839 880/880/880 879/879/879
f 840/840/840 801/801/801 841/841/841
f 840/840/840 841/841/841 880/880/880
f 841/841/841 842/842/842 882/882/882
f 841/841/841 882/882/882 881/881/881
f 842/842/842 843/843/843 883/883/883
f 842/842/842 883/883/883 882/882/882
f 843/843/843 844/844/844 884/884/884
f 843/843/843 884/884/884 883/883/883
f 844/844/844 845/845/845 885/885/885
f 844/844/844 885/885/885 884/884/884
f 845/845/845 846/846/846 886/886/886
f 845/845/845 886/886/886 885/885/885
f 846/846/846 847/847/847 887/887/887
f 846/846/846 887/887/887 886/886/886
f 847/847/847 848/848/848 888/888/888
f 847/847/847 888/888/888 887/887/887
f 848/848/848 849/849/849 889/889/889
f 848/848/848 889/889/889 888/888/888
f 849/849/849 850/850/850 890/890/890
f 849/849/849 890/890/890 889/889/889
f 850/850/850 851/851/851 891/891/891
f 850/850/850 891/891/891 890/890/890
f 851/851/851 852/852/852 892/892/892
f 851/851/851 892/892/892 891/891/891
f 852/852/852 853/853/853 893/893/893
f 852/852/852 893/893/893 892/892/892
f 853/853/853 854/854/854 894/894/894
f 853/853/853 894/894/894 893/893/893
f 854/854/854 855/855/855 895/895/895
f 854/854/854 895/895/895 894/894/894
f 855/855/855 856/856/856 896/896/896
f 855/855/855 896/896/896 895/895/895
f 856/856/856 857/857/857 897/897/897
f 856/856/856 897/897/897 896/896/896
f 857/857/857 858/858/858 898/898/898
f 857/857/857 898/898/898 897/897/897
f 858/858/858 859/859/859 899/899/899
f 858/858/858 899/899/899 898/898/898
f 859/859/859 860/860/860 900/900/900
f 859/859/859 900/900/900 899/899/899
f 860/860/860 861/861/861 901/901/901
f 860/860/860 901/901/901 900/900/900
f 861/861/861 862/862/862 902/902/902
f 861/861/861 902/902/902 901/901/901
f 862/862/862 863/863/863 903/903/903
f 862/862/862 903/903/903 902/902/902
f 863/863/863 864/864/864 904/904/904
f 863/863/863 904/904/904 903/903/903
f 864/864/864 865/865/865 905/905/905
f 864/864/864 905/905/905 904/904/904
f 865/865/865 866/866/866 906/906/906
f 865/865/865 906/906/906 905/905/905
f 866/866/866 867/867/867 907/907/907
f 866/866/866 907/907/907 906/906/906
f 867/867/867 868/868/868 908/908/908
f 867/867/867 908/908/908 907/907/907
f 868/868/868 869/869/869 909/909/909
f 868/868/868 909/909/909 908/908/908
f 869/869/869 870/870/870 910/910/910
f 869/869/869 910/910/910 909/909/909
f 870/870/870 871/871/871 911/911/911
f 870/870/870 911/911/911 910/910/910
f 871/871/871 872/872/872 912/912/912
f 871/871/871 912/912/912 911/911/911
f 872/872/872 873/873/873 913/913/913
f 872/872/872 913/913/913 912/912/912
f 873/873/873 874/874/874 914/914/914
f 873/873/873 914/914/914 913/913/913
f 874/874/874 875/875/875 915/915/915
f 874/874/874 915/915/915 914/914/914
f 875/875/875 876/876/876 916/916/916
f 875/875/875 916/916/916 915/915/915
f 876/876/876 877/877/877 917/917/917
f 876/876/876 917/917/917 916/916/916
f 877/877/877 878/878/878 918/918/918
f 877/877/877 918/918/918 917/917/917
f 878/878/878 879/879/879 919/919/919
f 878/878/878 919/919/919 918/918/918
f 879/879/879 880/880/880 920/920/920
f 879/879/879 920/920/920 919/919/919
f 880/880/880 841/841/841 881/881/881
f 880/880/880 881/881/881 920/920/920
f 881/881/881 882/882/882 922/922/922
f 881/881/881 922/922/922 921/921/921
f 882/882/882 883/883/883 923/923/923
f 882/882/882 923/923/923 922/922/922
f 883/883/883 884/884/884 924/924/924
f 883/883/883 924/924/924 923/923/923
f 884/884/884 885/885/885 925/925/925
f 884/884/884 925/925/925 924/924/924
f 885/885/885 886/886/886 926/926/926
f 885/885/885 926/926/926 925/925/925
f 886/886/886 887/887/887 927/927/927
f 886/886/886 927/927/927 926/926/926
f 887/887/887 888/888/888 928/928/928
f 887/887/887 928/928/928 927/927/927
f 888/888/888 889/889/889 929/929/929
f 888/888/888 929/929/929 928/928/928
f 889/889/889 890/890/890 930/930/930
f 889/889/889 930/930/930 929/929/929
f 890/890/890 891/891/891 931/931/931
f 890/890/890 931/931/931 930/930/930
f 891/891/891 892/892/892 932/932/932
f 891/891/891 932/932/932 931/931/931
f 892/892/892 893/893/893 933/933/933
f 892/892/892 933/933/933 932/932/932
f 893/893/893 894/894/894 934/934/934
f 893/893/893 934/934/934 933/933/933
f 894/894/894 895/895/895 935/935/935
f 894/894/894 935/935/935 934/934/934
f 895/895/895 896/896/896 936/936/936
f 895/895/895 936/936/936 935/935/935
f 896/896/896 897/897/897 937/937/937
f 896/896/896 937/937/937 936/936/936
f 897/897/897 898/898/898 938/938/938
f 897/897/897 938/938/938 937/937/937
f 898/898/898 899/899/899 939/939/939
f 898/898/898 939/939/939 938/938/938
f 899/899/899 900/900/900 940/940/940
f 899/899/899 940/940/940 939/939/939
f 900/900/900 901/901/901 941/941/941
f 900/900/900 941/941/941 940/940/940
f 901/901/901 902/902/902 942/942/942
f 901/901/901 942/942/942 941/941/941
f 902/902/902 903/903/903 943/943/943
f 902/902/902 943/943/943 942/942/942
f 903/903/903 904/904/904 944/944/944
f 903/903/903 944/944/944 943/943/943
f 904/904/904 905/905/905 945/945/945
f 904/904/904 945/945/945 944/944/944
f 905/905/905 906/906/906 946/946/946
f 905/905/905 946/946/946 945/945/945
f 906/906/906 907/907/907 947/947/947
f 906/906/906 947/947/947 946/946/946
f 907/907/907 908/908/908 948/948/948
f 907/907/907 948/948/948 947/947/947
f 908/908/908 909/909/909 949/949/949
f 908/908/908 949/949/949 948/948/948
f 909/909/909 910/910/910 950/950/950
f 909/909/909 950/950/950 949/949/949
f 910/910/910 911/911/911 951/951/951
f 910/910/910 951/951/951 950/950/950
f 911/911/911 912/912/912 952/952/952
f 911/911/911 952/952/952 951/951/951
f 912/912/912 913/913/913 953/953/953
f 912/912/912 953/953/953 952/952/952
f 913/913/913 914/914/914 954/954/954
f 913/913/913 954/954/954 953/953/953
f 914/914/914 915/915/915 955/955/955
f 914/914/914 955/955/955 954/954/954
f 915/915/915 916/916/916 956/956/956
f 915/915/915 956/956/956 955/955/955
f 916/916/916 917/917/917 957/957/957
f 916/916/916 957/957/957 956/956/956
f 917/917/917 918/918/918 958/958/958
f 917/917/917 958/958/958 957/957/957
f 918/918/918 919/919/919 959/959/959
f 918/918/918 959/959/959 958/958/958
f 919/919/919 920/920/920 960/960/960
f 919/919/919 960/960/960 959/959/959
f 920/920/920 881/881/881 921/921/921
f 920/920/920 921/921/921 960/960/960
f 921/921/921 922/922/922 962/962/962
f 921/921/921 962/962/962 961/961/961
f 922/922/922 923/923/923 963/963/963
f 922/922/922 963/963/963 962/962/962
f 923/923/923 924/924/924 964/964/964
f 923/923/923 964/964/964 963/963/963
f 924/924/924 925/925/925 965/965/965
f 924/924/924 965/965/965 964/964/964
f 925/925/925 926/926/926 966/966/966
f 925/925/925 966/966/966 965/965/965
f 926/926/926 927/927/927 967/967/967
f 926/926/926 967/967/967 966/966/966
f 927/927/927 928/928/928 968/968/968
f 927/927/927 968/968/968 967/967/967
f 928/928/928 929/929/929 969/969/969
f 928/928/928 969/969/969 968/968/968
f 929/929/929 930/930/930 970/970/970
f 929/929/929 970/970/970 969/969/969
f 930/930/930 931/931/931 971/971/971
f 930/930/930 971/971/971 970/970/970
f 931/931/931 932/932/932 972/972/972
f 931/931/931 972/972/972 971/971/971
f 932/932/932 933/933/933 973/973/973
f 932/932/932 973/973/973 972/972/972
f 933/933/933 934/934/934 974/974/974
f 933/933/933 974/974/974 973/973/973
f 934/934/934 935/935/935 975/975/975
f 934/934/934 975/975/975 974/974/974
f 935/935/935 936/936/936 976/976/976
f 935/935/935 976/976/976 975/975/975
f 936/936/936 937/937/937 977/977/977
f 936/936/936 977/977/977 976/976/976
f 937/937/937 938/938/938 978/978/978
f 937/937/937 978/978/978 977/977/977
f 938/938/938 939/939/939 979/979/979
f 938/938/938 979/979/979 978/978/978
f 939/939/939 940/940/940 980/980/980
f 939/939/939 980/980/980 979/979/979
f 940/940/940 941/941/941 981/981/981
f 940/940/940 981/981/981 980/980/980
f 941/941/941 942/942/942 982/982/982
f 941/941/941 982/982/982 981/981/981
f 942/942/942 943/943/943 983/983/983
f 942/942/942 983/983/983 982/982/982
f 943/943/943 944/944/944 984/984/984
f 943/943/943 984/984/984 983/983/983
f 944/944/944 945/945/945 985/985/985
f 944/944/944 985/985/985 984/984/984
f 945/945/945 946/946/946 986/986/986
f 945/945/945 986/986/986 985/985/985
f 946/946/946 947/947/947 987/987/987
f 946/946/946 987/987/987 986/986/986
f 947/947/947 948/948/948 988/988/988
f 947/947/947 988/988/988 987/987/987
f 948/948/948 949/949/949 989/989/989
f 948/948/948 989/989/989 988/988/988
f 949/949/949 950/950/950 990/990/990
f 949/949/949 990/990/990 989/989/989
f 950/950/950 951/951/951 991/991/991
f 950/950/950 991/991/991 990/990/990
f 951/951/951 952/952/952 992/992/992
f 951/951/951 992/992/992 991/991/991
f 952/952/952 953/953/953 993/993/993
f 952/952/952 993/993/993 992/992/992
f 953/953/953 954/954/954 994/994/994
f 953/953/953 994/994/994 993/993/993
f 954/954/954 955/955/955 995/995/995
f 954/954/954 995/995/995 994/994/994
f 955/955/955 956/956/956 996/996/996
f 955/955/955 996/996/996 995/995/995
f 956/956/956 957/957/957 997/997/997
f 956/956/956 997/997/997 996/996/996
f 957/957/957 958/958/958 998/998/998
f 957/957/957 998/998/998 997/997/997
f 958/958/958 959/959/959 999/999/999
f 958/958/958 999/999/999 998/998/998
f 959/959/959 960/960/960 1000/1000/1000
f 959/959/959 1000/1000/1000 999/999/999
f 960/960/960 921/921/921 961/961/961
f 960/960/960 961/961/961 1000/1000/1000
f 961/961/961 962/962/962 1002/1002/1002
f 961/961/961 1002/1002/1002 1001/1001/1001
f 962/962/962 963/963/963 1003/1003/1003
f 962/962/962 1003/1003/1003 1002/1002/1002
f 963/963/963 964/964/964 1004/1004/1004
f 963/963/963 1004/1004/1004 1003/1003/1003
f 964/964/964 965/965/965 1005/1005/1005
f 964/964/964 1005/1005/1005 1004/1004/1004
f 965/965/965 966/966/966 1006/1006/1006
f 965/965/965 1006/1006/1006 1005/1005/1005
f 966/966/966 967/967/967 1007/1007/1007
f 966/966/966 1007/1007/1007 1006/1006/1006
f 967/967/967 968/968/968 1008/1008/1008
f 967/967/967 1008/1008/1008 1007/1007/1007
f 968/968/968 969/969/969 1009/1009/1009
f 968/968/968 1009/1009/1009 1008/1008/1008
f 969/969/969 970/970/970 1010/1010/1010
f 969/969/969 1010/1010/1010 1009/1009/1009
f 970/970/970 971/971/971 1011/1011/1011
f 970/970/970 1011/1011/1011 1010/1010/1010
f 971/971/971 972/972/972 1012/1012/1012
f 971/971/971 1012/1012/1012 1011/1011/1011
f 972/972/972 973/973/973 1013/1013/1013
f 972/972/972 1013/1013/1013 1012/1012/1012
f 973/973/973 974/974/974 1014/1014/1014
f 973/973/973 1014/1014/1014 1013/1013/1013
f 974/974/974 975/975/975 1015/1015/1015
f 974/974/974 1015/1015/1015 1014/1014/1014
f 975/975/975 976/976/976 1016/1016/1016
f 975/975/975 1016/1016/1016 1015/1015/1015
f 976/976/976 977/977/977 1017/1017/1017
f 976/976/976 1017/1017/1017 1016/1016/1016
f 977/977/977 978/978/978 1018/1018/1018
f 977/977/977 1018/1018/1018 1017/1017/1017
f 978/978/978 979/979/979 1019/1019/1019
f 978/978/978 1019/1019/1019 1018/1018/1018
f 979/979/979 980/980/980 1020/1020/1020
f 979/979/979 1020/1020/1020 1019/1019/1019
f 980/980/980 981/981/981 1021/1021/1021
f 980/980/980 1021/1021/1021 1020/1020/1020
f 981/981/981 982/982/982 1022/1022/1022
f 981/981/981 1022/1022/1022 1021/1021/1021
f 982/982/982 983/983/983 1023/1023/1023
f 982/982/982 1023/1023/1023 1022/1022/1022
f 983/983/983 984/984/984 1024/1024/1024
f 983/983/983 1024/1024/1024 1023/1023/1023
f 984/984/984 985/985/985 1025/1025/1025
f 984/984/984 1025/1025/1025 1024/1024/1024
f 985/985/985 986/986/986 1026/1026/1026
f 985/985/985 1026/1026/1026 1025/1025/1025
f 986/986/986 987/987/987 1027/1027/1027
f 986/986/986 1027/1027/1027 1026/1026/1026
f 987/987/987 988/988/988 1028/1028/1028
f 987/987/987 1028/1028/1028 1027/1027/1027
f 988/988/988 989/989/989 1029/1029/1029
f 988/988/988 1029/1029/1029 1028/1028/1028
f 989/989/989 990/990/990 1030/1030/1030
f 989/989/989 1030/1030/1030 1029/1029/1029
f 990/990/990 991/991/991 1031/1031/1031
f 990/990/990 1031/1031/1031 1030/1030/1030
f 991/991/991 992/992/992 1032/1032/1032
f 991/991/991 1032/1032/1032 1031/1031/1031
f 992/992/992 993/993/993 1033/1033/1033
f 992/992/992 1033/1033/1033 1032/1032/1032
f 993/993/993 994/994/994 1034/1034/1034
f 993/993/993 1034/1034/1034 1033/1033/1033
f 994/994/994 995/995/995 1035/1035/1035
f 994/994/994 1035/1035/1035 1034/1034/1034
f 995/995/995 996/996/996 1036/1036/1036
f 995/995/995 1036/1036/1036 1035/1035/1035
f 996/996/996 997/997/997 1037/1037/1037
f 996/996/996 1037/1037/1037 1036/1036/1036
f 997/997/997 998/998/998 1038/1038/1038
f 997/997/997 1038/1038/1038 1037/1037/1037
f 998/998/998 999/999/999 1039/1039/1039
f 998/998/998 1039/1039/1039 1038/1038/1038
f 999/999/999 1000/1000/1000 1040/1040/1040
f 999/999/999 1040/1040/1040 1039/1039/1039
f 1000/1000/1000 961/961/961 1001/1001/1001
f 1000/1000/1000 1001/1001/1001 1040/1040/1040
f 1001/1001/1001 1002/1002/1002 1042/1042/1042
f 1001/1001/1001 1042/1042/1042 1041/1041/1041
f 1002/1002/1002 1003/1003/1003 1043/1043/1043
f 1002/1002/1002 1043/1043/1043 1042/1042/1042
f 1003/1003/1003 1004/1004/1004 1044/1044/1044
f 1003/1003/1003 1044/1044/1044 1043/1043/1043
f 1004/1004/1004 1005/1005/1005 1045/1045/1045
f 1004/1004/1004 1045/1045/1045 1044/1044/1044
f 1005/1005/1005 1006/1006/1006 1046/1046/1046
f 1005/1005/1005 1046/1046/1046 1045/1045/1045
f 1006/1006/1006 1007/1007/1007 1047/1047/1047
f 1006/1006/1006 1047/1047/1047 1046/1046/1046
f 1007/1007/1007 1008/1008/1008 1048/1048/1048
f 1007/1007/1007 1048/1048/1048 1047/1047/1047
f 1008/1008/1008 1009/1009/1009 1049/1049/1049
f 1008/1008/1008 1049/1049/1049 1048/1048/1048
f 1009/1009/1009 1010/1010/1010 1050/1050/1050
f 1009/1009/1009 1050/1050/1050 1049/1049/1049
f 1010/1010/1010 1011/1011/1011 1051/1051/1051
f 1010/1010/1010 1051/1051/1051 1050/1050/1050
f 1011/1011/1011 1012/1012/1012 1052/1052/1052
f 1011/1011/1011 1052/1052/1052 1051/1051/1051
f 1012/1012/1012 1013/1013/1013 1053/1053/1053
f 1012/1012/1012 1053/1053/1053 1052/1052/1052
f 1013/1013/1013 1014/1014/1014 1054/1054/1054
f 1013/1013/1013 1054/1054/1054 1053/1053/1053
f 1014/1014/1014 1015/1015/1015 1055/1055/1055
f 1014/1014/1014 1055/1055/1055 1054/1054/1054
f 1015/1015/1015 1016/1016/1016 1056/1056/1056
f 1015/1015/1015 1056/1056/1056 1055/1055/1055
f 1016/1016/1016 1017/1017/1017 1057/1057/1057
f 1016/1016/1016 1057/1057/1057 1056/1056/1056
f 1017/1017/1017 1018/1018/1018 1058/1058/1058
f 1017/1017/1017 1058/1058/1058 1057/1057/1057
f 1018/1018/1018 1019/1019/1019 1059/1059/1059
f 1018/1018/1018 1059/1059/1059 1058/1058/1058
f 1019/1019/1019 1020/1020/1020 1060/1060/1060
f 1019/1019/1019 1060/1060/1060 1059/1059/1059
f 1020/1020/1020 1021/1021/1021 1061/1061/1061
f 1020/1020/1020 1061/1061/1061 1060/1060/1060
f 1021/1021/1021 1022/1022/1022 1062/1062/1062
f 1021/1021/1021 1062/1062/1062 1061/1061/1061
f 1022/1022/1022 1023/1023/1023 1063/1063/1063
f 1022/1022/1022 1063/1063/1063 1062/1062/1062
f 1023/1023/1023 1024/1024/1024 1064/1064/1064
f 1023/1023/1023 1064/1064/1064 1063/1063/1063
f 1024/1024/1024 1025/1025/1025 1065/1065/1065
f 1024/1024/1024 1065/1065/1065 1064/1064/1064
f 1025/1025/1025 1026/1026/1026 1066/1066/1066
f 1025/1025/1025 1066/1066/1066 1065/1065/1065
f 1026/1026/1026 1027/1027/1027 1067/1067/1067
f 1026/1026/1026 1067/1067/1067 1066/1066/1066
f 1027/1027/1027 1028/1028/1028 1068/1068/1068
f 1027/1027/1027 1068/1068/1068 1067/1067/1067
f 1028/1028/1028 1029/1029/1029 1069/1069/1069
f 1028/1028/1028 1069/1069/1069 1068/1068/1068
f 1029/1029/1029 1030/1030/1030 1070/1070/1070
f 1029/1029/1029 1070/1070/1070 1069/1069/1069
f 1030/1030/1030 1031/1031/1031 1071/1071/1071
f 1030/1030/1030 1071/1071/1071 1070/1070/1070
f 1031/1031/1031 1032/1032/1032 1072/1072/1072
f 1031/1031/1031 1072/1072/1072 1071/1071/1071
f 1032/1032/1032 1033/1033/1033 1073/1073/1073
f 1032/1032/1032 1073/1073/1073 1072/1072/1072
f 1033/1033/1033 1034/1034/1034 1074/1074/1074
f 1033/1033/1033 1074/1074/1074 1073/1073/1073
f 1034/1034/1034 1035/1035/1035 1075/1075/1075
f 1034/1034/1034 1075/1075/1075 1074/1074/1074
f 1035/1035/1035 1036/1036/1036 1076/1076/1076
f 1035/1035/1035 1076/1076/1076 1075/1075/1075
f 1036/1036/1036 1037/1037/1037 1077/1077/1077
f 1036/1036/1036 1077/1077/1077 1076/1076/1076
f 1037/1037/1037 1038/1038/1038 1078/1078/1078
f 1037/1037/1037 1078/1078/1078 1077/1077/1077
f 1038/1038/1038 1039/1039/1039 1079/1079/1079
f 1038/1038/1038 1079/1079/1079 1078/1078/1078
f 1039/1039/1039 1040/1040/1040 1080/1080/1080
f 1039/1039/1039 1080/1080/1080 1079/1079/1079
f 1040/1040/1040 1001/1001/1001 1041/1041/1041
f 1040/1040/1040 1041/1041/1041 1080/1080/1080
f 1041/1041/1041 1042/1042/1042 1082/1082/1082
f 1041/1041/1041 1082/1082/1082 1081/1081/1081
f 1042/1042/1042 1043/1043/1043 1083/1083/1083
f 1042/1042/1042 1083/1083/1083 1082/1082/1082
f 1043/1043/1043 1044/1044/1044 1084/1084/1084
f 1043/1043/1043 1084/1084/1084 1083/1083/1083
f 1044/1044/1044 1045/1045/1045 1085/1085/1085
f 1044/1044/1044 1085/1085/1085 1084/1084/1084
f 1045/1045/1045 1046/1046/1046 1086/1086/1086
f 1045/1045/1045 1086/1086/1086 1085/1085/1085
f 1046/1046/1046 1047/1047/1047 1087/1087/1087
f 1046/1046/1046 1087/1087/1087 1086/1086/1086
f 1047/1047/1047 1048/1048/1048 1088/1088/1088
f 1047/1047/1047 1088/1088/1088 1087/1087/1087
f 1048/1048/1048 1049/1049/1049 1089/1089/1089
f 1048/1048/1048 1089/1089/1089 1088/1088/1088
f 1049/1049/1049 1050/1050/1050 1090/1090/1090
f 1049/1049/1049 1090/1090/1090 1089/1089/1089
f 1050/1050/1050 1051/1051/1051 1091/1091/1091
f 1050/1050/1050 1091/1091/1091 1090/1090/1090
f 1051/1051/1051 1052/1052/1052 1092/1092/1092
f 1051/1051/1051 1092/1092/1092 1091/1091/1091
f 1052/1052/1052 1053/1053/1053 1093/1093/1093
f 1052/1052/1052 1093/1093/1093 1092/1092/1092
f 1053/1053/1053 1054/1054/1054 1094/1094/1094
f 1053/1053/1053 1094/1094/1094 1093/1093/1093
f 1054/1054/1054 1055/1055/1055 1095/1095/1095
f 1054/1054/1054 1095/1095/1095 1094/1094/1094
f 1055/1055/1055 1056/1056/1056 1096/1096/1096
f 1055/1055/1055 1096/1096/1096 1095/1095/1095
f 1056/1056/1056 1057/1057/1057 1097/1097/1097
f 1056/1056/1056 1097/1097/1097 1096/1096/1096
f 1057/1057/1057 1058/1058/1058 1098/1098/1098
f 1057/1057/1057 1098/1098/1098 1097/1097/1097
f 1058/1058/1058 1059/1059/1059 1099/1099/1099
f 1058/1058/1058 1099/1099/1099 1098/1098/1098
f 1059/1059/1059 1060/1060/1060 1100/1100/1100
f 1059/1059/1059 1100/1100/1100 1099/1099/1099
f 1060/1060/1060 1061/1061/1061 1101/1101/1101
f 1060/1060/1060 1101/1101/1101 1100/1100/1100
f 1061/1061/1061 1062/1062/1062 1102/1102/1102
f 1061/1061/1061 1102/1102/1102 1101/1101/1101
f 1062/1062/1062 1063/1063/1063 1103/1103/1103
f 1062/1062/1062 1103/1103/1103 1102/1102/1102
f 1063/1063/1063 1064/1064/1064 1104/1104/1104
f 1063/1063/1063 1104/1104/1104 1103/1103/1103
f 1064/1064/1064 1065/1065/1065 1105/1105/1105
f 1064/1064/1064 1105/1105/1105 1104/1104/1104
f 1065/1065/1065 1066/1066/1066 1106/1106/1106
f 1065/1065/1065 1106/1106/1106 1105/1105/1105
f 1066/1066/1066 1067/1067/1067 1107/1107/1107
f 1066/1066/1066 1107/1107/1107 1106/1106/1106
f 1067/1067/1067 1068/1068/1068 1108/1108/1108
f 1067/1067/1067 1108/1108/1108 1107/1107/1107
f 1068/1068/1068 1069/1069/1069 1109/1109/1109
f 1068/1068/1068 1109/1109/1109 1108/1108/1108
f 1069/1069/1069 1070/1070/1070 1110/1110/1110
f 1069/1069/1069 1110/1110/1110 1109/1109/1109
f 1070/1070/1070 1071/1071/1071 1111/1111/1111
f 1070/1070/1070 1111/1111/1111 1110/1110/1110
f 1071/1071/1071 1072/1072/1072 1112/1112/1112
f 1071/1071/1071 1112/1112/1112 1111/1111/1111
f 1072/1072/1072 1073/1073/1073 1113/1113/1113
f 1072/1072/1072 1113/1113/1113 1112/1112/1112
f 1073/1073/1073 1074/1074/1074 1114/1114/1114
f 1073/1073/1073 1114/1114/1114 1113/1113/1113
f 1074/1074/1074 1075/1075/1075 1115/1115/1115
f 1074/1074/1074 1115/1115/1115 1114/1114/1114
f 1075/1075/1075 1076/1076/1076 1116/1116/1116
f 1075/1075/1075 1116/1116/1116 1115/1115/1115
f 1076/1076/1076 1077/1077/1077 1117/1117/1117
f 1076/1076/1076 1117/1117/1117 1116/1116/1116
f 1077/1077/1077 1078/1078/1078 1118/1118/1118
f 1077/1077/1077 1118/1118/1118 1117/1117/1117
f 1078/1078/1078 1079/1079/1079 1119/1119/1119
f 1078/1078/1078 1119/1119/1119 1118/1118/1118
f 1079/1079/1079 1080/1080/1080 1120/1120/1120
f 1079/1079/1079 1120/1120/1120 1119/1119/1119
f 1080/1080/1080 1041/1041/1041 1081/1081/1081
f 1080/1080/1080 1081/1081/1081 1120/1120/1120
f 1121/1121/1121 1123/1123/1123 1122/1122/1122
f 1121/1121/1121 1124/1124/1124 1123/1123/1123
f 1121/1121/1121 1125/1125/1125 1124/1124/1124
f 1121/1121/1121 1126/1126/1126 1125/1125/1125
f 1121/1121/1121 1127/1127/1127 1126/1126/1126
f 1121/1121/1121 1128/1128/1128 1127/1127/1127
f 1121/1121/1121 1129/1129/1129 1128/1128/1128
f 1121/1121/1121 1130/1130/1130 1129/1129/1129
f 1121/1121/1121 1131/1131/1131 1130/1130/1130
f 1121/1121/1121 1132/1132/1132 1131/1131/1131
f 1121/1121/1121 1133/1133/1133 1132/1132/1132
f 1121/1121/1121 1134/1134/1134 1133/1133/1133
f 1121/1121/1121 1135/1135/1135 1134/1134/1134
f 1121/1121/1121 1136/1136/1136 1135/1135/1135
f 1121/1121/1121 1137/1137/1137 1136/1136/1136
f 1121/1121/1121 1138/1138/1138 1137/1137/1137
f 1121/1121/1121 1139/1139/1139 1138/1138/1138
f 1121/1121/1121 1140/1140/1140 1139/1139/1139
f 1121/1121/1121 1141/1141/1141 1140/1140/1140
f 1121/1121/1121 1142/1142/1142 1141/1141/1141
f 1121/1121/1121 1143/1143/1143 1142/1142/1142
f 1121/1121/1121 1144/1144/1144 1143/1143/1143
f 1121/1121/1121 1145/1145/1145 1144/1144/1144
f 1121/1121/1121 1146/1146/1146 1145/1145/1145
f 1121/1121/1121 1147/1147/1147 1146/1146/1146
f 1121/1121/1121 1148/1148/1148 1147/1147/1147
f 1121/1121/1121 1149/1149/1149 1148/1148/1148
f 1121/1121/1121 1150/1150/1150 1149/1149/1149
f 1121/1121/1121 1151/1151/1151 1150/1150/1150
f 1121/1121/1121 1152/1152/1152 1151/1151/1151
f 1121/1121/1121 1153/1153/1153 1152/1152/1152
f 1121/1121/1121 1154/1154/1154 1153/1153/1153
f 1121/1121/1121 1155/1155/1155 1154/1154/1154
f 1121/1121/1121 1156/1156/1156 1155/1155/1155
f 1121/1121/1121 1157/1157/1157 1156/1156/1156
f 1121/1121/1121 1158/1158/1158 1157/1157/1157
f 1121/1121/1121 1159/1159/1159 1158/1158/1158
f 1121/1121/1121 1160/1160/1160 1159/1159/1159
f 1121/1121/1121 1161/1161/1161 1160/1160/1160
f 1121/1121/1121 1122/1122/1122 1161/1161/1161
f 1162/1162/1162 1163/1163/1163 1187/1187/1187
f 1162/1162/1162 1187/1187/1187 1186/1186/1186
f 1163/1163/1163 1164/1164/1164 1188/1188/1188
f 1163/1163/1163 1188/1188/1188 1187/1187/1187
f 1164/1164/1164 1165/1165/1165 1189/1189/1189
f 1164/1164/1164 1189/1189/1189 1188/1188/1188
f 1165/1165/1165 1166/1166/1166 1190/1190/1190
f 1165/1165/1165 1190/1190/1190 1189/1189/1189
f 1166/1166/1166 1167/1167/1167 1191/1191/1191
f 1166/1166/1166 1191/1191/1191 1190/1190/1190
f 1167/1167/1167 1168/1168/1168 1192/1192/1192
f 1167/1167/1167 1192/1192/1192 1191/1191/1191
f 1168/1168/1168 1169/1169/1169 1193/1193/1193
f 1168/1168/1168 1193/1193/1193 1192/1192/1192
f 1169/1169/1169 1170/1170/1170 1194/1194/1194
f 1169/1169/1169 1194/1194/1194 1193/1193/1193
f 1170/1170/1170 1171/1171/1171 1195/1195/1195
f 1170/1170/1170 1195/1195/1195 1194/1194/1194
f 1171/1171/1171 1172/1172/1172 1196/1196/1196
f 1171/1171/1171 1196/1196/1196 1195/1195/1195
f 1172/1172/1172 1173/1173/1173 1197/1197/1197
f 1172/1172/1172 1197/1197/1197 1196/1196/1196
f 1173/1173/1173 1174/1174/1174 1198/1198/1198
f 1173/1173/1173 1198/1198/1198 1197/1197/1197
f 1174/1174/1174 1175/1175/1175 1199/1199/1199
f 1174/1174/1174 1199/1199/1199 1198/1198/1198
f 1175/1175/1175 1176/1176/1176 1200/1200/1200
f 1175/1175/1175 1200/1200/1200 1199/1199/1199
f 1176/1176/1176 1177/1177/1177 1201/1201/1201
f 1176/1176/1176 1201/1201/1201 1200/1200/1200
f 1177/1177/1177 1178/1178/1178 1202/1202/1202
f 1177/1177/1177 1202/1202/1202 1201/1201/1201
f 1178/1178/1178 1179/1179/1179 1203/1203/1203
f 1178/1178/1178 1203/1203/1203 1202/1202/1202
f 1179/1179/1179 1180/1180/1180 1204/1204/1204
f 1179/1179/1179 1204/1204/1204 1203/1203/1203
f 1180/1180/1180 1181/1181/1181 1205/1205/1205
f 1180/1180/1180 1205/1205/1205 1204/1204/1204
f 1181/1181/1181 1182/1182/1182 1206/1206/1206
f 1181/1181/1181 1206/1206/1206 1205/1205/1205
f 1182/1182/1182 1183/1183/1183 1207/1207/1207
f 1182/1182/1182 1207/1207/1207 1206/1206/1206
f 1183/1183/1183 1184/1184/1184 1208/1208/1208
f 1183/1183/1183 1208/1208/1208 1207/1207/1207
f 1184/1184/1184 1185/1185/1185 1209/1209/1209
f 1184/1184/1184 1209/1209/1209 1208/1208/1208
f 1185/1185/1185 1162/1162/1162 1186/1186/1186
f 1185/1185/1185 1186/1186/1186 1209/1209/1209
f 1186/1186/1186 1187/1187/1187 1211/1211/1211
f 1186/1186/1186 1211/1211/1211 1210/1210/1210
f 1187/1187/1187 1188/1188/1188 1212/1212/1212
f 1187/1187/1187 1212/1212/1212 1211/1211/1211
f 1188/1188/1188 1189/1189/1189 1213/1213/1213
f 1188/1188/1188 1213/1213/1213 1212/1212/1212
f 1189/1189/1189 1190/1190/1190 1214/1214/1214
f 1189/1189/1189 1214/1214/1214 1213/1213/1213
f 1190/1190/1190 1191/1191/1191 1215/1215/1215
f 1190/1190/1190 1215/1215/1215 1214/1214/1214
f 1191/1191/1191 1192/1192/1192 1216/1216/1216
f 1191/1191/1191 1216/1216/1216 1215/1215/1215
f 1192/1192/1192 1193/1193/1193 1217/1217/1217
f 1192/1192/1192 1217/1217/1217 1216/1216/1216
f 1193/1193/1193 1194/1194/1194 1218/1218/1218
f 1193/1193/1193 1218/1218/1218 1217/1217/1217
f 1194/1194/1194 1195/1195/1195 1219/1219/1219
f 1194/1194/1194 1219/1219/1219 1218/1218/1218
f 1195/1195/1195 1196/1196/1196 1220/1220/1220
f 1195/1195/1195 1220/1220/1220 1219/1219/1219
f 1196/1196/1196 1197/1197/1197 1221/1221/1221
f 1196/1196/1196 1221/1221/1221 1220/1220/1220
f 1197/1197/1197 1198/1198/1198 1222/1222/1222
f 1197/1197/1197 1222/1222/1222 1221/1221/1221
f 1198/1198/1198 1199/1199/1199 1223/1223/1223
f 1198/1198/1198 1223/1223/1223 1222/1222/1222
f 1199/1199/1199 1200/1200/1200 1224/1224/1224
f 1199/1199/1199 1224/1224/1224 1223/1223/1223
f 1200/1200/1200 1201/1201/1201 1225/1225/1225
f 1200/1200/1200 1225/1225/1225 1224/1224/1224
f 1201/1201/1201 1202/1202/1202 1226/1226/1226
f 1201/1201/1201 1226/1226/1226 1225/1225/1225
f 1202/1202/1202 1203/1203/1203 1227/1227/1227
f 1202/1202/1202 1227/1227/1227 1226/1226/1226
f 1203/1203/1203 1204/1204/1204 1228/1228/1228
f 1203/1203/1203 1228/1228/1228 1227/1227/1227
f 1204/1204/1204 1205/1205/1205 1229/1229/1229
f 1204/1204/1204 1229/1229/1229 1228/1228/1228
f 1205/1205/1205 1206/1206/1206 1230/1230/1230
f 1205/1205/1205 1230/1230/1230 1229/1229/1229
f 1206/1206/1206 1207/1207/1207 1231/1231/1231
f 1206/1206/1206 1231/1231/1231 1230/1230/1230
f 1207/1207/1207 1208/1208/1208 1232/1232/1232
f 1207/1207/1207 1232/1232/1232 1231/1231/1231
f 1208/1208/1208 1209/1209/1209 1233/1233/1233
f 1208/1208/1208 1233/1233/1233 1232/1232/1232
f 1209/1209/1209 1186/1186/1186 1210/1210/1210
f 1209/1209/1209 1210/1210/1210 1233/1233/1233
f 1210/1210/1210 1211/1211/1211 1235/1235/1235
f 1210/1210/1210 1235/1235/1235 1234/1234/1234
f 1211/1211/1211 1212/1212/1212 1236/1236/1236
f 1211/1211/1211 1236/1236/1236 1235/1235/1235
f 1212/1212/1212 1213/1213/1213 1237/1237/1237
f 1212/1212/1212 1237/1237/1237 1236/1236/1236
f 1213/1213/1213 1214/1214/1214 1238/1238/1238
f 1213/1213/1213 1238/1238/1238 1237/1237/1237
f 1214/1214/1214 1215/1215/1215 1239/1239/1239
f 1214/1214/1214 1239/1239/1239 1238/1238/1238
f 1215/1215/1215 1216/1216/1216 1240/1240/1240
f 1215/1215/1215 1240/1240/1240 1239/1239/1239
f 1216/1216/1216 1217/1217/1217 1241/1241/1241
f 1216/1216/1216 1241/1241/1241 1240/1240/1240
f 1217/1217/1217 1218/1218/1218 1242/1242/1242
f 1217/1217/1217 1242/1242/1242 1241/1241/1241
f 1218/1218/1218 1219/1219/1219 1243/1243/1243
f 1218/1218/1218 1243/1243/1243 1242/1242/1242
f 1219/1219/1219 1220/1220/1220 1244/1244/1244
f 1219/1219/1219 1244/1244/1244 1243/1243/1243
f 1220/1220/1220 1221/1221/1221 1245/1245/1245
f 1220/1220/1220 1245/1245/1245 1244/1244/1244
f 1221/1221/1221 1222/1222/1222 1246/1246/1246
f 1221/1221/1221 1246/1246/1246 1245/1245/1245
f 1222/1222/1222 1223/1223/1223 1247/1247/1247
f 1222/1222/1222 1247/1247/1247 1246/1246/1246
f 1223/1223/1223 1224/1224/1224 1248/1248/1248
f 1223/1223/1223 1248/1248/1248 1247/1247/1247
f 1224/1224/1224 1225/1225/1225 1249/1249/1249
f 1224/1224/1224 1249/1249/1249 1248/1248/1248
f 1225/1225/1225 1226/1226/1226 1250/1250/1250
f 1225/1225/1225 1250/1250/1250 1249/1249/1249
f 1226/1226/1226 1227/1227/1227 1251/1251/1251
f 1226/1226/1226 1251/1251/1251 1250/1250/1250
f 1227/1227/1227 1228/1228/1228 1252/1252/1252
f 1227/1227/1227 1252/1252/1252 1251/1251/1251
f 1228/1228/1228 1229/1229/1229 1253/1253/1253
f 1228/1228/1228 1253/1253/1253 1252/1252/1252
f 1229/1229/1229 1230/1230/1230 1254/1254/1254
f 1229/1229/1229 1254/1254/1254 1253/1253/1253
f 1230/1230/1230 1231/1231/1231 1255/1255/1255
f 1230/1230/1230 1255/1255/1255 1254/1254/1254
f 1231/1231/1231 1232/1232/1232 1256/1256/1256
f 1231/1231/1231 1256/1256/1256 1255/1255/1255
f 1232/1232/1232 1233/1233/1233 1257/1257/1257
f 1232/1232/1232 1257/1257/1257 1256/1256/1256
f 1233/1233/1233 1210/1210/1210 1234/1234/1234
f 1233/1233/1233 1234/1234/1234 1257/1257/1257
f 1234/1234/1234 1235/1235/1235 1259/1259/1259
f 1234/1234/1234 1259/1259/1259 1258/1258/1258
f 1235/1235/1235 1236/1236/1236 1260/1260/1260
f 1235/1235/1235 1260/1260/1260 1259/1259/1259
f 1236/1236/1236 1237/1237/1237 1261/1261/1261
f 1236/1236/1236 1261/1261/1261 1260/1260/1260
f 1237/1237/1237 1238/1238/1238 1262/1262/1262
f 1237/1237/1237 1262/1262/1262 1261/1261/1261
f 1238/1238/1238 1239/1239/1239 1263/1263/1263
f 1238/1238/1238 1263/1263/1263 1262/1262/1262
f 1239/1239/1239 1240/1240/1240 1264/1264/1264
f 1239/1239/1239 1264/1264/1264 1263/1263/1263
f 1240/1240/1240 1241/1241/1241 1265/1265/1265
f 1240/1240/1240 1265/1265/1265 1264/1264/1264
f 1241/1241/1241 1242/1242/1242 1266/1266/1266
f 1241/1241/1241 1266/1266/1266 1265/1265/1265
f 1242/1242/1242 1243/1243/1243 1267/1267/1267
f 1242/1242/1242 1267/1267/1267 1266/1266/1266
f 1243/1243/1243 1244/1244/1244 1268/1268/1268
f 1243/1243/1243 1268/1268/1268 1267/1267/1267
f 1244/1244/1244 1245/1245/1245 1269/1269/1269
f 1244/1244/1244 1269/1269/1269 1268/1268/1268
f 1245/1245/1245 1246/1246/1246 1270/1270/1270
f 1245/1245/1245 1270/1270/1270 1269/1269/1269
f 1246/1246/1246 1247/1247/1247 1271/1271/1271
f 1246/1246/1246 1271/1271/1271 1270/1270/1270
f 1247/1247/1247 1248/1248/1248 1272/1272/1272
f 1247/1247/1247 1272/1272/1272 1271/1271/1271
f 1248/1248/1248 1249/1249/1249 1273/1273/1273
f 1248/1248/1248 1273/1273/1273 1272/1272/1272
f 1249/1249/1249 1250/1250/1250 1274/1274/1274
f 1249/1249/1249 1274/1274/1274 1273/1273/1273
f 1250/1250/1250 1251/1251/1251 1275/1275/1275
f 1250/1250/1250 1275/1275/1275 1274/1274/1274
f 1251/1251/1251 1252/1252/1252 1276/1276/1276
f 1251/1251/1251 1276/1276/1276 1275/1275/1275
f 1252/1252/1252 1253/1253/1253 1277/1277/1277
f 1252/1252/1252 1277/1277/1277 1276/1276/1276
f 1253/1253/1253 1254/1254/1254 1278/1278/1278
f 1253/1253/1253 1278/1278/1278 1277/1277/1277
f 1254/1254/1254 1255/1255/1255 1279/1279/1279
f 1254/1254/1254 1279/1279/1279 1278/1278/1278
f 1255/1255/1255 1256/1256/1256 1280/1280/1280
f 1255/1255/1255 1280/1280/1280 1279/1279/1279
f 1256/1256/1256 1257/1257/1257 1281/1281/1281
f 1256/1256/1256 1281/1281/1281 1280/1280/1280
f 1257/1257/1257 1234/1234/1234 1258/1258/1258
f 1257/1257/1257 1258/1258/1258 1281/1281/1281
f 1258/1258/1258 1259/1259/1259 1283/1283/1283
f 1258/1258/1258 1283/1283/1283 1282/1282/1282
f 1259/1259/1259 1260/1260/1260 1284/1284/1284
f 1259/1259/1259 1284/1284/1284 1283/1283/1283
f 1260/1260/1260 1261/1261/1261 1285/1285/1285
f 1260/1260/1260 1285/1285/1285 1284/1284/1284
f 1261/1261/1261 1262/1262/1262 1286/1286/1286
f 1261/1261/1261 1286/1286/1286 1285/1285/1285
f 1262/1262/1262 1263/1263/1263 1287/1287/1287
f 1262/1262/1262 1287/1287/1287 1286/1286/1286
f 1263/1263/1263 1264/1264/1264 1288/1288/1288
f 1263/1263/1263 1288/1288/1288 1287/1287/1287
f 1264/1264/1264 1265/1265/1265 1289/1289/1289
f 1264/1264/1264 1289/1289/1289 1288/1288/1288
f 1265/1265/1265 1266/1266/1266 1290/1290/1290
f 1265/1265/1265 1290/1290/1290 1289/1289/1289
f 1266/1266/1266 1267/1267/1267 1291/1291/1291
f 1266/1266/1266 1291/1291/1291 1290/1290/1290
f 1267/1267/1267 1268/1268/1268 1292/1292/1292
f 1267/1267/1267 1292/1292/1292 1291/1291/1291
f 1268/1268/1268 1269/1269/1269 1293/1293/1293
f 1268/1268/1268 1293/1293/1293 1292/1292/1292
f 1269/1269/1269 1270/1270/1270 1294/1294/1294
f 1269/1269/1269 1294/1294/1294 1293/1293/1293
f 1270/1270/1270 1271/1271/1271 1295/1295/1295
f 1270/1270/1270 1295/1295/1295 1294/1294/1294
f 1271/1271/1271 1272/1272/1272 1296/1296/1296
f 1271/1271/1271 1296/1296/1296 1295/1295/1295
f 1272/1272/1272 1273/1273/1273 1297/1297/1297
f 1272/1272/1272 1297/1297/1297 1296/1296/1296
f 1273/1273/1273 1274/1274/1274 1298/1298/1298
f 1273/1273/1273 1298/1298/1298 1297/1297/1297
f 1274/1274/1274 1275/1275/1275 1299/1299/1299
f 1274/1274/1274 1299/1299/1299 1298/1298/1298
f 1275/1275/1275 1276/1276/1276 1300/1300/1300
f 1275/1275/1275 1300/1300/1300 1299/1299/1299
f 1276/1276/1276 1277/1277/1277 1301/1301/1301
f 1276/1276/1276 1301/1301/1301 1300/1300/1300
f 1277/1277/1277 1278/1278/1278 1302/1302/1302
f 1277/1277/1277 1302/1302/1302 1301/1301/1301
f 1278/1278/1278 1279/1279/1279 1303/1303/1303
f 1278/1278/1278 1303/1303/1303 1302/1302/1302
f 1279/1279/1279 1280/1280/1280 1304/1304/1304
f 1279/1279/1279 1304/1304/1304 1303/1303/1303
f 1280/1280/1280 1281/1281/1281 1305/1305/1305
f 1280/1280/1280 1305/1305/1305 1304/1304/1304
f 1281/1281/1281 1258/1258/1258 1282/1282/1282
f 1281/1281/1281 1282/1282/1282 1305/1305/1305
f 1282/1282/1282 1283/1283/1283 1307/1307/1307
f 1282/1282/1282 1307/1307/1307 1306/1306/1306
f 1283/1283/1283 1284/1284/1284 1308/1308/1308
f 1283/1283/1283 1308/1308/1308 1307/1307/1307
f 1284/1284/1284 1285/1285/1285 1309/1309/1309
f 1284/1284/1284 1309/1309/1309 1308/1308/1308
f 1285/1285/1285 1286/1286/1286 1310/1310/1310
f 1285/1285/1285 1310/1310/1310 1309/1309/1309
f 1286/1286/1286 1287/1287/1287 1311/1311/1311
f 1286/1286/1286 1311/1311/1311 1310/1310/1310
f 1287/1287/1287 1288/1288/1288 1312/1312/1312
f 1287/1287/1287 1312/1312/1312 1311/1311/1311
f 1288/1288/1288 1289/1289/1289 1313/1313/1313
f 1288/1288/1288 1313/1313/1313 1312/1312/1312
f 1289/1289/1289 1290/1290/1290 1314/1314/1314
f 1289/1289/1289 1314/1314/1314 1313/1313/1313
f 1290/1290/1290 1291/1291/1291 1315/1315/1315
f 1290/1290/1290 1315/1315/1315 1314/1314/1314
f 1291/1291/1291 1292/1292/1292 1316/1316/1316
f 1291/1291/1291 1316/1316/1316 1315/1315/1315
f 1292/1292/1292 1293/1293/1293 1317/1317/1317
f 1292/1292/1292 1317/1317/1317 1316/1316/1316
f 1293/1293/1293 1294/1294/1294 1318/1318/1318
f 1293/1293/1293 1318/1318/1318 1317/1317/1317
f 1294/1294/1294 1295/1295/1295 1319/1319/1319
f 1294/1294/1294 1319/1319/1319 1318/1318/1318
f 1295/1295/1295 1296/1296/1296 1320/1320/1320
f 1295/1295/1295 1320/1320/1320 1319/1319/1319
f 1296/1296/1296 1297/1297/1297 1321/1321/1321
f 1296/1296/1296 1321/1321/1321 1320/1320/1320
f 1297/1297/1297 1298/1298/1298 1322/1322/1322
f 1297/1297/1297 1322/1322/1322 1321/1321/1321
f 1298/1298/1298 1299/1299/1299 1323/1323/1323
f 1298/1298/1298 1323/1323/1323 1322/1322/1322
f 1299/1299/1299 1300/1300/1300 1324/1324/1324
f 1299/1299/1299 1324/1324/1324 1323/1323/1323
f 1300/1300/1300 1301/1301/1301 1325/1325/1325
f 1300/1300/1300 1325/1325/1325 1324/1324/1324
f 1301/1301/1301 1302/1302/1302 1326/1326/1326
f 1301/1301/1301 1326/1326/1326 1325/1325/1325
f 1302/1302/1302 1303/1303/1303 1327/1327/1327
f 1302/1302/1302 1327/1327/1327 1326/1326/1326
f 1303/1303/1303 1304/1304/1304 1328/1328/1328
f 1303/1303/1303 1328/1328/1328 1327/1327/1327
f 1304/1304/1304 1305/1305/1305 1329/1329/1329
f 1304/1304/1304 1329/1329/1329 1328/1328/1328
f 1305/1305/1305 1282/1282/1282 1306/1306/1306
f 1305/1305/1305 1306/1306/1306 1329/1329/1329
f 1306/1306/1306 1307/1307/1307 1331/1331/1331
f 1306/1306/1306 1331/1331/1331 1330/1330/1330
f 1307/1307/1307 1308/1308/1308 1332/1332/1332
f 1307/1307/1307 1332/1332/1332 1331/1331/1331
f 1308/1308/1308 1309/1309/1309 1333/1333/1333
f 1308/1308/1308 1333/1333/1333 1332/1332/1332
f 1309/1309/1309 1310/1310/1310 1334/1334/1334
f 1309/1309/1309 1334/1334/1334 1333/1333/1333
f 1310/1310/1310 1311/1311/1311 1335/1335/1335
f 1310/1310/1310 1335/1335/1335 1334/1334/1334
f 1311/1311/1311 1312/1312/1312 1336/1336/1336
f 1311/1311/1311 1336/1336/1336 1335/1335/1335
f 1312/1312/1312 1313/1313/1313 1337/1337/1337
f 1312/1312/1312 1337/1337/1337 1336/1336/1336
f 1313/1313/1313 1314/1314/1314 1338/1338/1338
f 1313/1313/1313 1338/1338/1338 1337/1337/1337
f 1314/1314/1314 1315/1315/1315 1339/1339/1339
f 1314/1314/1314 1339/1339/1339 1338/1338/1338
f 1315/1315/1315 1316/1316/1316 1340/1340/1340
f 1315/1315/1315 1340/1340/1340 1339/1339/1339
f 1316/1316/1316 1317/1317/1317 1341/1341/1341
f 1316/1316/1316 1341/1341/1341 1340/1340/1340
f 1317/1317/1317 1318/1318/1318 1342/1342/1342
f 1317/1317/1317 1342/1342/1342 1341/1341/1341
f 1318/1318/1318 1319/1319/1319 1343/1343/1343
f 1318/1318/1318 1343/1343/1343 1342/1342/1342
f 1319/1319/1319 1320/1320/1320 1344/1344/1344
f 1319/1319/1319 1344/1344/1344 1343/1343/1343
f 1320/1320/1320 1321/1321/1321 1345/1345/1345
f 1320/1320/1320 1345/1345/1345 1344/1344/1344
f 1321/1321/1321 1322/1322/1322 1346/1346/1346
f 1321/1321/1321 1346/1346/1346 1345/1345/1345
f 1322/1322/1322 1323/1323/1323 1347/1347/1347
f 1322/1322/1322 1347/1347/1347 1346/1346/1346
f 1323/1323/1323 1324/1324/1324 1348/1348/1348
f 1323/1323/1323 1348/1348/1348 1347/1347/1347
f 1324/1324/1324 1325/1325/1325 1349/1349/1349
f 1324/1324/1324 1349/1349/1349 1348/1348/1348
f 1325/1325/1325 1326/1326/1326 1350/1350/1350
f 1325/1325/1325 1350/1350/1350 1349/1349/1349
f 1326/1326/1326 1327/1327/1327 1351/1351/1351
f 1326/1326/1326 1351/1351/1351 1350/1350/1350
f 1327/1327/1327 1328/1328/1328 1352/1352/1352
f 1327/1327/1327 1352/1352/1352 1351/1351/1351
f 1328/1328/1328 1329/1329/1329 1353/1353/1353
f 1328/1328/1328 1353/1353/1353 1352/1352/1352
f 1329/1329/1329 1306/1306/1306 1330/1330/1330
f 1329/1329/1329 1330/1330/1330 1353/1353/1353
f 1330/1330/1330 1331/1331/1331 1355/1355/1355
f 1330/1330/1330 1355/1355/1355 1354/1354/1354
f 1331/1331/1331 1332/1332/1332 1356/1356/1356
f 1331/1331/1331 1356/1356/1356 1355/1355/1355
f 1332/1332/1332 1333/1333/1333 1357/1357/1357
f 1332/1332/1332 1357/1357/1357 1356/1356/1356
f 1333/1333/1333 1334/1334/1334 1358/1358/1358
f 1333/1333/1333 1358/1358/1358 1357/1357/1357
f 1334/1334/1334 1335/1335/1335 1359/1359/1359
f 1334/1334/1334 1359/1359/1359 1358/1358/1358
f 1335/1335/1335 1336/1336/1336 1360/1360/1360
f 1335/1335/1335 1360/1360/1360 1359/1359/1359
f 1336/1336/1336 1337/1337/1337 1361/1361/1361
f 1336/1336/1336 1361/1361/1361 1360/1360/1360
f 1337/1337/1337 1338/1338/1338 1362/1362/1362
f 1337/1337/1337 1362/1362/1362 1361/1361/1361
f 1338/1338/1338 1339/1339/1339 1363/1363/1363
f 1338/1338/1338 1363/1363/1363 1362/1362/1362
f 1339/1339/1339 1340/1340/1340 1364/1364/1364
f 1339/1339/1339 1364/1364/1364 1363/1363/1363
f 1340/1340/1340 1341/1341/1341 1365/1365/1365
f 1340/1340/1340 1365/1365/1365 1364/1364/1364
f 1341/1341/1341 1342/1342/1342 1366/1366/1366
f 1341/1341/1341 1366/1366/1366 1365/1365/1365
f 1342/1342/1342 1343/1343/1343 1367/1367/1367
f 1342/1342/1342 1367/1367/1367 1366/1366/1366
f 1343/1343/1343 1344/1344/1344 1368/1368/1368
f 1343/1343/1343 1368/1368/1368 1367/1367/1367
f 1344/1344/1344 1345/1345/1345 1369/1369/1369
f 1344/1344/1344 1369/1369/1369 1368/1368/1368
f 1345/1345/1345 1346/1346/1346 1370/1370/1370
f 1345/1345/1345 1370/1370/1370 1369/1369/1369
f 1346/1346/1346 1347/1347/1347 1371/1371/1371
f 1346/1346/1346 1371/1371/1371 1370/1370/1370
f 1347/1347/1347 1348/1348/1348 1372/1372/1372
f 1347/1347/1347 1372/1372/1372 1371/1371/1371
f 1348/1348/1348 1349/1349/1349 1373/1373/1373
f 1348/1348/1348 1373/1373/1373 1372/1372/1372
f 1349/1349/1349 1350/1350/1350 1374/1374/1374
f 1349/1349/1349 1374/1374/1374 1373/1373/1373
f 1350/1350/1350 1351/1351/1351 1375/1375/1375
f 1350/1350/1350 1375/1375/1375 1374/1374/1374
f 1351/1351/1351 1352/1352/1352 1376/1376/1376
f 1351/1351/1351 1376/1376/1376 1375/1375/1375
f 1352/1352/1352 1353/1353/1353 1377/1377/1377
f 1352/1352/1352 1377/1377/1377 1376/1376/1376
f 1353/1353/1353 1330/1330/1330 1354/1354/1354
f 1353/1353/1353 1354/1354/1354 1377/1377/1377
f 1354/1354/1354 1355/1355/1355 1379/1379/1379
f 1354/1354/1354 1379/1379/1379 1378/1378/1378
f 1355/1355/1355 1356/1356/1356 1380/1380/1380
f 1355/1355/1355 1380/1380/1380 1379/1379/1379
f 1356/1356/1356 1357/1357/1357 1381/1381/1381
f 1356/1356/1356 1381/1381/1381 1380/1380/1380
f 1357/1357/1357 1358/1358/1358 1382/1382/1382
f 1357/1357/1357 1382/1382/1382 1381/1381/1381
f 1358/1358/1358 1359/1359/1359 1383/1383/1383
f 1358/1358/1358 1383/1383/1383 1382/1382/1382
f 1359/1359/1359 1360/1360/1360 1384/1384/1384
f 1359/1359/1359 1384/1384/1384 1383/1383/1383
f 1360/1360/1360 1361/1361/1361 1385/1385/1385
f 1360/1360/1360 1385/1385/1385 1384/1384/1384
f 1361/1361/1361 1362/1362/1362 1386/1386/1386
f 1361/1361/1361 1386/1386/1386 1385/1385/1385
f 1362/1362/1362 1363/1363/1363 1387/1387/1387
f 1362/1362/1362 1387/1387/1387 1386/1386/1386
f 1363/1363/1363 1364/1364/1364 1388/1388/1388
f 1363/1363/1363 1388/1388/1388 1387/1387/1387
f 1364/1364/1364 1365/1365/1365 1389/1389/1389
f 1364/1364/1364 1389/1389/1389 1388/1388/1388
f 1365/1365/1365 1366/1366/1366 1390/1390/1390
f 1365/1365/1365 1390/1390/1390 1389/1389/1389
f 1366/1366/1366 1367/1367/1367 1391/1391/1391
f 1366/1366/1366 1391/1391/1391 1390/1390/1390
f 1367/1367/1367 1368/1368/1368 1392/1392/1392
f 1367/1367/1367 1392/1392/1392 1391/1391/1391
f 1368/1368/1368 1369/1369/1369 1393/1393/1393
f 1368/1368/1368 1393/1393/1393 1392/1392/1392
f 1369/1369/1369 1370/1370/1370 1394/1394/1394
f 1369/1369/1369 1394/1394/1394 1393/1393/1393
f 1370/1370/1370 1371/1371/1371 1395/1395/1395
f 1370/1370/1370 1395/1395/1395 1394/1394/1394
f 1371/1371/1371 1372/1372/1372 1396/1396/1396
f 1371/1371/1371 1396/1396/1396 1395/1395/1395
f 1372/1372/1372 1373/1373/1373 1397/1397/1397
f 1372/1372/1372 1397/1397/1397 1396/1396/1396
f 1373/1373/1373 1374/1374/1374 1398/1398/1398
f 1373/1373/1373 1398/1398/1398 1397/1397/1397
f 1374/1374/1374 1375/1375/1375 1399/1399/1399
f 1374/1374/1374 1399/1399/1399 1398/1398/1398
f 1375/1375/1375 1376/1376/1376 1400/1400/1400
f 1375/1375/1375 1400/1400/1400 1399/1399/1399
f 1376/1376/1376 1377/1377/1377 1401/1401/1401
f 1376/1376/1376 1401/1401/1401 1400/1400/1400
f 1377/1377/1377 1354/1354/1354 1378/1378/1378
f 1377/1377/1377 1378/1378/1378 1401/1401/1401
f 1378/1378/1378 1379/1379/1379 1403/1403/1403
f 1378/1378/1378 1403/1403/1403 1402/1402/1402
f 1379/1379/1379 1380/1380/1380 1404/1404/1404
f 1379/1379/1379 1404/1404/1404 1403/1403/1403
f 1380/1380/1380 1381/1381/1381 1405/1405/1405
f 1380/1380/1380 1405/1405/1405 1404/1404/1404
f 1381/1381/1381 1382/1382/1382 1406/1406/1406
f 1381/1381/1381 1406/1406/1406 1405/1405/1405
f 1382/1382/1382 1383/1383/1383 1407/1407/1407
f 1382/1382/1382 1407/1407/1407 1406/1406/1406
f 1383/1383/1383 1384/1384/1384 1408/1408/1408
f 1383/1383/1383 1408/1408/1408 1407/1407/1407
f 1384/1384/1384 1385/1385/1385 1409/1409/1409
f 1384/1384/1384 1409/1409/1409 1408/1408/1408
f 1385/1385/1385 1386/1386/1386 1410/1410/1410
f 1385/1385/1385 1410/1410/1410 1409/1409/1409
f 1386/1386/1386 1387/1387/1387 1411/1411/1411
f 1386/1386/1386 1411/1411/1411 1410/1410/1410
f 1387/1387/1387 1388/1388/1388 1412/1412/1412
f 1387/1387/1387 1412/1412/1412 1411/1411/1411
f 1388/1388/1388 1389/1389/1389 1413/1413/1413
f 1388/1388/1388 1413/1413/1413 1412/1412/1412
f 1389/1389/1389 1390/1390/1390 1414/1414/1414
f 1389/1389/1389 1414/1414/1414 1413/1413/1413
f 1390/1390/1390 1391/1391/1391 1415/1415/1415
f 1390/1390/1390 1415/1415/1415 1414/1414/1414
f 1391/1391/1391 1392/1392/1392 1416/1416/1416
f 1391/1391/1391 1416/1416/1416 1415/1415/1415
f 1392/1392/1392 1393/1393/1393 1417/1417/1417
f 1392/1392/1392 1417/1417/1417 1416/1416/1416
f 1393/1393/1393 1394/1394/1394 1418/1418/1418
f 1393/1393/1393 1418/1418/1418 1417/1417/1417
f 1394/1394/1394 1395/1395/1395 1419/1419/1419
f 1394/1394/1394 1419/1419/1419 1418/1418/1418
f 1395/1395/1395 1396/1396/1396 1420/1420/1420
f 1395/1395/1395 1420/1420/1420 1419/1419/1419
f 1396/1396/1396 1397/1397/1397 1421/1421/1421
f 1396/1396/1396 1421/1421/1421 1420/1420/1420
f 1397/1397/1397 1398/1398/1398 1422/1422/1422
f 1397/1397/1397 1422/1422/1422 1421/1421/1421
f 1398/1398/1398 1399/1399/1399 1423/1423/1423
f 1398/1398/1398 1423/1423/1423 1422/1422/1422
f 1399/1399/1399 1400/1400/1400 1424/1424/1424
f 1399/1399/1399 1424/1424/1424 1423/1423/1423
f 1400/1400/1400 1401/1401/1401 1425/1425/1425
f 1400/1400/1400 1425/1425/1425 1424/1424/1424
f 1401/1401/1401 1378/1378/1378 1402/1402/1402
f 1401/1401/1401 1402/1402/1402 1425/1425/1425
f 1402/1402/1402 1403/1403/1403 1427/1427/1427
f 1402/1402/1402 1427/1427/1427 1426/1426/1426
f 1403/1403/1403 1404/1404/1404 1428/1428/1428
f 1403/1403/1403 1428/1428/1428 1427/1427/1427
f 1404/1404/1404 1405/1405/1405 1429/1429/1429
f 1404/1404/1404 1429/1429/1429 1428/1428/1428
f 1405/1405/1405 1406/1406/1406 1430/1430/1430
f 1405/1405/1405 1430/1430/1430 1429/1429/1429
f 1406/1406/1406 1407/1407/1407 1431/1431/1431
f 1406/1406/1406 1431/1431/1431 1430/1430/1430
f 1407/1407/1407 1408/1408/1408 1432/1432/1432
f 1407/1407/1407 1432/1432/1432 1431/1431/1431
f 1408/1408/1408 1409/1409/1409 1433/1433/1433
f 1408/1408/1408 1433/1433/1433 1432/1432/1432
f 1409/1409/1409 1410/1410/1410 1434/1434/1434
f 1409/1409/1409 1434/1434/1434 1433/1433/1433
f 1410/1410/1410 1411/1411/1411 1435/1435/1435
f 1410/1410/1410 1435/1435/1435 1434/1434/1434
f 1411/1411/1411 1412/1412/1412 1436/1436/1436
f 1411/1411/1411 1436/1436/1436 1435/1435/1435
f 1412/1412/1412 1413/1413/1413 1437/1437/1437
f 1412/1412/1412 1437/1437/1437 1436/1436/1436
f 1413/1413/1413 1414/1414/1414 1438/1438/1438
f 1413/1413/1413 1438/1438/1438 1437/1437/1437
f 1414/1414/1414 1415/1415/1415 1439/1439/1439
f 1414/1414/1414 1439/1439/1439 1438/1438/1438
f 1415/1415/1415 1416/1416/1416 1440/1440/1440
f 1415/1415/1415 1440/1440/1440 1439/1439/1439
f 1416/1416/1416 1417/1417/1417 1441/1441/1441
f 1416/1416/1416 1441/1441/1441 1440/1440/1440
f 1417/1417/1417 1418/1418/1418 1442/1442/1442
f 1417/1417/1417 1442/1442/1442 1441/1441/1441
f 1418/1418/1418 1419/1419/1419 1443/1443/1443
f 1418/1418/1418 1443/1443/1443 1442/1442/1442
f 1419/1419/1419 1420/1420/1420 1444/1444/1444
f 1419/1419/1419 1444/1444/1444 1443/1443/1443
f 1420/1420/1420 1421/1421/1421 1445/1445/1445
f 1420/1420/1420 1445/1445/1445 1444/1444/1444
f 1421/1421/1421 1422/1422/1422 1446/1446/1446
f 1421/1421/1421 1446/1446/1446 1445/1445/1445
f 1422/1422/1422 1423/1423/1423 1447/1447/1447
f 1422/1422/1422 1447/1447/1447 1446/1446/1446
f 1423/1423/1423 1424/1424/1424 1448/1448/1448
f 1423/1423/1423 1448/1448/1448 1447/1447/1447
f 1424/1424/1424 1425/1425/1425 1449/1449/1449
f 1424/1424/1424 1449/1449/1449 1448/1448/1448
f 1425/1425/1425 1402/1402/1402 1426/1426/1426
f 1425/1425/1425 1426/1426/1426 1449/1449/1449
f 1450/1450/1450 1451/1451/1451 1475/1475/1475
f 1450/1450/1450 1475/1475/1475 1474/1474/1474
f 1451/1451/1451 1452/1452/1452 1476/1476/1476
f 1451/1451/1451 1476/1476/1476 1475/1475/1475
f 1452/1452/1452 1453/1453/1453 1477/1477/1477
f 1452/1452/1452 1477/1477/1477 1476/1476/1476
f 1453/1453/1453 1454/1454/1454 1478/1478/1478
f 1453/1453/1453 1478/1478/1478 1477/1477/1477
f 1454/1454/1454 1455/1455/1455 1479/1479/1479
f 1454/1454/1454 1479/1479/1479 1478/1478/1478
f 1455/1455/1455 1456/1456/1456 1480/1480/1480
f 1455/1455/1455 1480/1480/1480 1479/1479/1479
f 1456/1456/1456 1457/1457/1457 1481/1481/1481
f 1456/1456/1456 1481/1481/1481 1480/1480/1480
f 1457/1457/1457 1458/1458/1458 1482/1482/1482
f 1457/1457/1457 1482/1482/1482 1481/1481/1481
f 1458/1458/1458 1459/1459/1459 1483/1483/1483
f 1458/1458/1458 1483/1483/1483 1482/1482/1482
f 1459/1459/1459 1460/1460/1460 1484/1484/1484
f 1459/1459/1459 1484/1484/1484 1483/1483/1483
f 1460/1460/1460 1461/1461/1461 1485/1485/1485
f 1460/1460/1460 1485/1485/1485 1484/1484/1484
f 1461/1461/1461 1462/1462/1462 1486/1486/1486
f 1461/1461/1461 1486/1486/1486 1485/1485/1485
f 1462/1462/1462 1463/1463/1463 1487/1487/1487
f 1462/1462/1462 1487/1487/1487 1486/1486/1486
f 1463/1463/1463 1464/1464/1464 1488/1488/1488
f 1463/1463/1463 1488/1488/1488 1487/1487/1487
f 1464/1464/1464 1465/1465/1465 1489/1489/1489
f 1464/1464/1464 1489/1489/1489 1488/1488/1488
f 1465/1465/1465 1466/1466/1466 1490/1490/1490
f 1465/1465/1465 1490/1490/1490 1489/1489/1489
f 1466/1466/1466 1467/1467/1467 1491/1491/1491
f 1466/1466/1466 1491/1491/1491 1490/1490/1490
f 1467/1467/1467 1468/1468/1468 1492/1492/1492
f 1467/1467/1467 1492/1492/1492 1491/1491/1491
f 1468/1468/1468 1469/1469/1469 1493/1493/1493
f 1468/1468/1468 1493/1493/1493 1492/1492/1492
f 1469/1469/1469 1470/1470/1470 1494/1494/1494
f 1469/1469/1469 1494/1494/1494 1493/1493/1493
f 1470/1470/1470 1471/1471/1471 1495/1495/1495
f 1470/1470/1470 1495/1495/1495 1494/1494/1494
f 1471/1471/1471 1472/1472/1472 1496/1496/1496
f 1471/1471/1471 1496/1496/1496 1495/1495/1495
f 1472/1472/1472 1473/1473/1473 1497/1497/1497
f 1472/1472/1472 1497/1497/1497 1496/1496/1496
f 1473/1473/1473 1450/1450/1450 1474/1474/1474
f 1473/1473/1473 1474/1474/1474 1497/1497/1497
f 1474/1474/1474 1475/1475/1475 1499/1499/1499
f 1474/1474/1474 1499/1499/1499 1498/1498/1498
f 1475/1475/1475 1476/1476/1476 1500/1500/1500
f 1475/1475/1475 1500/1500/1500 1499/1499/1499
f 1476/1476/1476 1477/1477/1477 1501/1501/1501
f 1476/1476/1476 1501/1501/1501 1500/1500/1500
f 1477/1477/1477 1478/1478/1478 1502/1502/1502
f 1477/1477/1477 1502/1502/1502 1501/1501/1501
f 1478/1478/1478 1479/1479/1479 1503/1503/1503
f 1478/1478/1478 1503/1503/1503 1502/1502/1502
f 1479/1479/1479 1480/1480/1480 1504/1504/1504
f 1479/1479/1479 1504/1504/1504 1503/1503/1503
f 1480/1480/1480 1481/1481/1481 1505/1505/1505
f 1480/1480/1480 1505/1505/1505 1504/1504/1504
f 1481/1481/1481 1482/1482/1482 1506/1506/1506
f 1481/1481/1481 1506/1506/1506 1505/1505/1505
f 1482/1482/1482 1483/1483/1483 1507/1507/1507
f 1482/1482/1482 1507/1507/1507 1506/1506/1506
f 1483/1483/1483 1484/1484/1484 1508/1508/1508
f 1483/1483/1483 1508/1508/1508 1507/1507/1507
f 1484/1484/1484 1485/1485/1485 1509/1509/1509
f 1484/1484/1484 1509/1509/1509 1508/1508/1508
f 1485/1485/1485 1486/1486/1486 1510/1510/1510
f 1485/1485/1485 1510/1510/1510 1509/1509/1509
f 1486/1486/1486 1487/1487/1487 1511/1511/1511
f 1486/1486/1486 1511/1511/1511 1510/1510/1510
f 1487/1487/1487 1488/1488/1488 1512/1512/1512
f 1487/1487/1487 1512/1512/1512 1511/1511/1511
f 1488/1488/1488 1489/1489/1489 1513/1513/1513
f 1488/1488/1488 1513/1513/1513 1512/1512/1512
f 1489/1489/1489 1490/1490/1490 1514/1514/1514
f 1489/1489/1489 1514/1514/1514 1513/1513/1513
f 1490/1490/1490 1491/1491/1491 1515/1515/1515
f 1490/1490/1490 1515/1515/1515 1514/1514/1514
f 1491/1491/1491 1492/1492/1492 1516/1516/1516
f 1491/1491/1491 1516/1516/1516 1515/1515/1515
f 1492/1492/1492 1493/1493/1493 1517/1517/1517
f 1492/1492/1492 1517/1517/1517 1516/1516/1516
f 1493/1493/1493 1494/1494/1494 1518/1518/1518
f 1493/1493/1493 1518/1518/1518 1517/1517/1517
f 1494/1494/1494 1495/1495/1495 1519/1519/1519
f 1494/1494/1494 1519/1519/1519 1518/1518/1518
f 1495/1495/1495 1496/1496/1496 1520/1520/1520
f 1495/1495/1495 1520/1520/1520 1519/1519/1519
f 1496/1496/1496 1497/1497/1497 1521/1521/1521
f 1496/1496/1496 1521/1521/1521 1520/1520/1520
f 1497/1497/1497 1474/1474/1474 1498/1498/1498
f 1497/1497/1497 1498/1498/1498 1521/1521/1521
f 1498/1498/1498 1499/1499/1499 1523/1523/1523
f 1498/1498/1498 1523/1523/1523 1522/1522/1522
f 1499/1499/1499 1500/1500/1500 1524/1524/1524
f 1499/1499/1499 1524/1524/1524 1523/1523/1523
f 1500/1500/1500 1501/1501/1501 1525/1525/1525
f 1500/1500/1500 1525/1525/1525 1524/1524/1524
f 1501/1501/1501 1502/1502/1502 1526/1526/1526
f 1501/1501/1501 1526/1526/1526 1525/1525/1525
f 1502/1502/1502 1503/1503/1503 1527/1527/1527
f 1502/1502/1502 1527/1527/1527 1526/1526/1526
f 1503/1503/1503 1504/1504/1504 1528/1528/1528
f 1503/1503/1503 1528/1528/1528 1527/1527/1527
f 1504/1504/1504 1505/1505/1505 1529/1529/1529
f 1504/1504/1504 1529/1529/1529 1528/1528/1528
f 1505/1505/1505 1506/1506/1506 1530/1530/1530
f 1505/1505/1505 1530/1530/1530 1529/1529/1529
f 1506/1506/1506 1507/1507/1507 1531/1531/1531
f 1506/1506/1506 1531/1531/1531 1530/1530/1530
f 1507/1507/1507 1508/1508/1508 1532/1532/1532
f 1507/1507/1507 1532/1532/1532 1531/1531/1531
f 1508/1508/1508 1509/1509/1509 1533/1533/1533
f 1508/1508/1508 1533/1533/1533 1532/1532/1532
f 1509/1509/1509 1510/1510/1510 1534/1534/1534
f 1509/1509/1509 1534/1534/1534 1533/1533/1533
f 1510/1510/1510 1511/1511/1511 1535/1535/1535
f 1510/1510/1510 1535/1535/1535 1534/1534/1534
f 1511/1511/1511 1512/1512/1512 1536/1536/1536
f 1511/1511/1511 1536/1536/1536 1535/1535/1535
f 1512/1512/1512 1513/1513/1513 1537/1537/1537
f 1512/1512/1512 1537/1537/1537 1536/1536/1536
f 1513/1513/1513 1514/1514/1514 1538/1538/1538
f 1513/1513/1513 1538/1538/1538 1537/1537/1537
f 1514/1514/1514 1515/1515/1515 1539/1539/1539
f 1514/1514/1514 1539/1539/1539 1538/1538/1538
f 1515/1515/1515 1516/1516/1516 1540/1540/1540
f 1515/1515/1515 1540/1540/1540 1539/1539/1539
f 1516/1516/1516 1517/1517/1517 1541/1541/1541
f 1516/1516/1516 1541/1541/1541 1540/1540/1540
f 1517/1517/1517 1518/1518/1518 1542/1542/1542
f 1517/1517/1517 1542/1542/1542 1541/1541/1541
f 1518/1518/1518 1519/1519/1519 1543/1543/1543
f 1518/1518/1518 1543/1543/1543 1542/1542/1542
f 1519/1519/1519 1520/1520/1520 1544/1544/1544
f 1519/1519/1519 1544/1544/1544 1543/1543/1543
f 1520/1520/1520 1521/1521/1521 1545/1545/1545
f 1520/1520/1520 1545/1545/1545 1544/1544/1544
f 1521/1521/1521 1498/1498/1498 1522/1522/1522
f 1521/1521/1521 1522/1522/1522 1545/1545/1545
f 1522/1522/1522 1523/1523/1523 1547/1547/1547
f 1522/1522/1522 1547/1547/1547 1546/1546/1546
f 1523/1523/1523 1524/1524/1524 1548/1548/1548
f 1523/1523/1523 1548/1548/1548 1547/1547/1547
f 1524/1524/1524 1525/1525/1525 1549/1549/1549
f 1524/1524/1524 1549/1549/1549 1548/1548/1548
f 1525/1525/1525 1526/1526/1526 1550/1550/1550
f 1525/1525/1525 1550/1550/1550 1549/1549/1549
f 1526/1526/1526 1527/1527/1527 1551/1551/1551
f 1526/1526/1526 1551/1551/1551 1550/1550/1550
f 1527/1527/1527 1528/1528/1528 1552/1552/1552
f 1527/1527/1527 1552/1552/1552 1551/1551/1551
f 1528/1528/1528 1529/1529/1529 1553/1553/1553
f 1528/1528/1528 1553/1553/1553 1552/1552/1552
f 1529/1529/1529 1530/1530/1530 1554/1554/1554
f 1529/1529/1529 1554/1554/1554 1553/1553/1553
f 1530/1530/1530 1531/1531/1531 1555/1555/1555
f 1530/1530/1530 1555/1555/1555 1554/1554/1554
f 1531/1531/1531 1532/1532/1532 1556/1556/1556
f 1531/1531/1531 1556/1556/1556 1555/1555/1555
f 1532/1532/1532 1533/1533/1533 1557/1557/1557
f 1532/1532/1532 1557/1557/1557 1556/1556/1556
f 1533/1533/1533 1534/1534/1534 1558/1558/1558
f 1533/1533/1533 1558/1558/1558 1557/1557/1557
f 1534/1534/1534 1535/1535/1535 1559/1559/1559
f 1534/1534/1534 1559/1559/1559 1558/1558/1558
f 1535/1535/1535 1536/1536/1536 1560/1560/1560
f 1535/1535/1535 1560/1560/1560 1559/1559/1559
f 1536/1536/1536 1537/1537/1537 1561/1561/1561
f 1536/1536/1536 1561/1561/1561 1560/1560/1560
f 1537/1537/1537 1538/1538/1538 1562/1562/1562
f 1537/1537/1537 1562/1562/1562 1561/1561/1561
f 1538/1538/1538 1539/1539/1539 1563/1563/1563
f 1538/1538/1538 1563/1563/1563 1562/1562/1562
f 1539/1539/1539 1540/1540/1540 1564/1564/1564
f 1539/1539/1539 1564/1564/1564 1563/1563/1563
f 1540/1540/1540 1541/1541/1541 1565/1565/1565
f 1540/1540/1540 1565/1565/1565 1564/1564/1564
f 1541/1541/1541 1542/1542/1542 1566/1566/1566
f 1541/1541/1541 1566/1566/1566 1565/1565/1565
f 1542/1542/1542 1543/1543/1543 1567/1567/1567
f 1542/1542/1542 1567/1567/1567 1566/1566/1566
f 1543/1543/1543 1544/1544/1544 1568/1568/1568
f 1543/1543/1543 1568/1568/1568 1567/1567/1567
f 1544/1544/1544 1545/1545/1545 1569/1569/1569
f 1544/1544/1544 1569/1569/1569 1568/1568/1568
f 1545/1545/1545 1522/1522/1522 1546/1546/1546
f 1545/1545/1545 1546/1546/1546 1569/1569/1569
f 1546/1546/1546 1547/1547/1547 1571/1571/1571
f 1546/1546/1546 1571/1571/1571 1570/1570/1570
f 1547/1547/1547 1548/1548/1548 1572/1572/1572
f 1547/1547/1547 1572/1572/1572 1571/1571/1571
f 1548/1548/1548 1549/1549/1549 1573/1573/1573
f 1548/1548/1548 1573/1573/1573 1572/1572/1572
f 1549/1549/1549 1550/1550/1550 1574/1574/1574
f 1549/1549/1549 1574/1574/1574 1573/1573/1573
f 1550/1550/1550 1551/1551/1551 1575/1575/1575
f 1550/1550/1550 1575/1575/1575 1574/1574/1574
f 1551/1551/1551 1552/1552/1552 1576/1576/1576
f 1551/1551/1551 1576/1576/1576 1575/1575/1575
f 1552/1552/1552 1553/1553/1553 1577/1577/1577
f 1552/1552/1552 1577/1577/1577 1576/1576/1576
f 1553/1553/1553 1554/1554/1554 1578/1578/1578
f 1553/1553/1553 1578/1578/1578 1577/1577/1577
f 1554/1554/1554 1555/1555/1555 1579/1579/1579
f 1554/1554/1554 1579/1579/1579 1578/1578/1578
f 1555/1555/1555 1556/1556/1556 1580/1580/1580
f 1555/1555/1555 1580/1580/1580 1579/1579/1579
f 1556/1556/1556 1557/1557/1557 1581/1581/1581
f 1556/1556/1556 1581/1581/1581 1580/1580/1580
f 1557/1557/1557 1558/1558/1558 1582/1582/1582
f 1557/1557/1557 1582/1582/1582 1581/1581/1581
f 1558/1558/1558 1559/1559/1559 1583/1583/1583
f 1558/1558/1558 1583/1583/1583 1582/1582/1582
f 1559/1559/1559 1560/1560/1560 1584/1584/1584
f 1559/1559/1559 1584/1584/1584 1583/1583/1583
f 1560/1560/1560 1561/1561/1561 1585/1585/1585
f 1560/1560/1560 1585/1585/1585 1584/1584/1584
f 1561/1561/1561 1562/1562/1562 1586/1586/1586
f 1561/1561/1561 1586/1586/1586 1585/1585/1585
f 1562/1562/1562 1563/1563/1563 1587/1587/1587
f 1562/1562/1562 1587/1587/1587 1586/1586/1586
f 1563/1563/1563 1564/1564/1564 1588/1588/1588
f 1563/1563/1563 1588/1588/1588 1587/1587/1587
f 1564/1564/1564 1565/1565/1565 1589/1589/1589
f 1564/1564/1564 1589/1589/1589 1588/1588/1588
f 1565/1565/1565 1566/1566/1566 1590/1590/1590
f 1565/1565/1565 1590/1590/1590 1589/1589/1589
f 1566/1566/1566 1567/1567/1567 1591/1591/1591
f 1566/1566/1566 1591/1591/1591 1590/1590/1590
f 1567/1567/1567 1568/1568/1568 1592/1592/1592
f 1567/1567/1567 1592/1592/1592 1591/1591/1591
f 1568/1568/1568 1569/1569/1569 1593/1593/1593
f 1568/1568/1568 1593/1593/1593 1592/1592/1592
f 1569/1569/1569 1546/1546/1546 1570/1570/1570
f 1569/1569/1569 1570/1570/1570 1593/1593/1593
f 1570/1570/1570 1571/1571/1571 1595/1595/1595
f 1570/1570/1570 1595/1595/1595 1594/1594/1594
f 1571/1571/1571 1572/1572/1572 1596/1596/1596
f 1571/1571/1571 1596/1596/1596 1595/1595/1595
f 1572/1572/1572 1573/1573/1573 1597/1597/1597
f 1572/1572/1572 1597/1597/1597 1596/1596/1596
f 1573/1573/1573 1574/1574/1574 1598/1598/1598
f 1573/1573/1573 1598/1598/1598 1597/1597/1597
f 1574/1574/1574 1575/1575/1575 1599/1599/1599
f 1574/1574/1574 1599/1599/1599 1598/1598/1598
f 1575/1575/1575 1576/1576/1576 1600/1600/1600
f 1575/1575/1575 1600/1600/1600 1599/1599/1599
f 1576/1576/1576 1577/1577/1577 1601/1601/1601
f 1576/1576/1576 1601/1601/1601 1600/1600/1600
f 1577/1577/1577 1578/1578/1578 1602/1602/1602
f 1577/1577/1577 1602/1602/1602 1601/1601/1601
f 1578/1578/1578 1579/1579/1579 1603/1603/1603
f 1578/1578/1578 1603/1603/1603 1602/1602/1602
f 1579/1579/1579 1580/1580/1580 1604/1604/1604
f 1579/1579/1579 1604/1604/1604 1603/1603/1603
f 1580/1580/1580 1581/1581/1581 1605/1605/1605
f 1580/1580/1580 1605/1605/1605 1604/1604/1604
f 1581/1581/1581 1582/1582/1582 1606/1606/1606
f 1581/1581/1581 1606/1606/1606 1605/1605/1605
f 1582/1582/1582 1583/1583/1583 1607/1607/1607
f 1582/1582/1582 1607/1607/1607 1606/1606/1606
f 1583/1583/1583 1584/1584/1584 1608/1608/1608
f 1583/1583/1583 1608/1608/1608 1607/1607/1607
f 1584/1584/1584 1585/1585/1585 1609/1609/1609
f 1584/1584/1584 1609/1609/1609 1608/1608/1608
f 1585/1585/1585 1586/1586/1586 1610/1610/1610
f 1585/1585/1585 1610/1610/1610 1609/1609/1609
f 1586/1586/1586 1587/1587/1587 1611/1611/1611
f 1586/1586/1586 1611/1611/1611 1610/1610/1610
f 1587/1587/1587 1588/1588/1588 1612/1612/1612
f 1587/1587/1587 1612/1612/1612 1611/1611/1611
f 1588/1588/1588 1589/1589/1589 1613/1613/1613
f 1588/1588/1588 1613/1613/1613 1612/1612/1612
f 1589/1589/1589 1590/1590/1590 1614/1614/1614
f 1589/1589/1589 1614/1614/1614 1613/1613/1613
f 1590/1590/1590 1591/1591/1591 1615/1615/1615
f 1590/1590/1590 1615/1615/1615 1614/1614/1614
f 1591/1591/1591 1592/1592/1592 1616/1616/1616
f 1591/1591/1591 1616/1616/1616 1615/1615/1615
f 1592/1592/1592 1593/1593/1593 1617/1617/1617
f 1592/1592/1592 1617/1617/1617 1616/1616/1616
f 1593/1593/1593 1570/1570/1570 1594/1594/1594
f 1593/1593/1593 1594/1594/1594 1617/1617/1617
f 1594/1594/1594 1595/1595/1595 1619/1619/1619
f 1594/1594/1594 1619/1619/1619 1618/1618/1618
f 1595/1595/1595 1596/1596/1596 1620/1620/1620
f 1595/1595/1595 1620/1620/1620 1619/1619/1619
f 1596/1596/1596 1597/1597/1597 1621/1621/1621
f 1596/1596/1596 1621/1621/1621 1620/1620/1620
f 1597/1597/1597 1598/1598/1598 1622/1622/1622
f 1597/1597/1597 1622/1622/1622 1621/1621/1621
f 1598/1598/1598 1599/1599/1599 1623/1623/1623
f 1598/1598/1598 1623/1623/1623 1622/1622/1622
f 1599/1599/1599 1600/1600/1600 1624/1624/1624
f 1599/1599/1599 1624/1624/1624 1623/1623/1623
f 1600/1600/1600 1601/1601/1601 1625/1625/1625
f 1600/1600/1600 1625/1625/1625 1624/1624/1624
f 1601/1601/1601 1602/1602/1602 1626/1626/1626
f 1601/1601/1601 1626/1626/1626 1625/1625/1625
f 1602/1602/1602 1603/1603/1603 1627/1627/1627
f 1602/1602/1602 1627/1627/1627 1626/1626/1626
f 1603/1603/1603 1604/1604/1604 1628/1628/1628
f 1603/1603/1603 1628/1628/1628 1627/1627/1627
f 1604/1604/1604 1605/1605/1605 1629/1629/1629
f 1604/1604/1604 1629/1629/1629 1628/1628/1628
f 1605/1605/1605 1606/1606/1606 1630/1630/1630
f 1605/1605/1605 1630/1630/1630 1629/1629/1629
f 1606/1606/1606 1607/1607/1607 1631/1631/1631
f 1606/1606/1606 1631/1631/1631 1630/1630/1630
f 1607/1607/1607 1608/1608/1608 1632/1632/1632
f 1607/1607/1607 1632/1632/1632 1631/1631/1631
f 1608/1608/1608 1609/1609/1609 1633/1633/1633
f 1608/1608/1608 1633/1633/1633 1632/1632/1632
f 1609/1609/1609 1610/1610/1610 1634/1634/1634
f 1609/1609/1609 1634/1634/1634 1633/1633/1633
f 1610/1610/1610 1611/1611/1611 1635/1635/1635
f 1610/1610/1610 1635/1635/1635 1634/1634/1634
f 1611/1611/1611 1612/1612/1612 1636/1636/1636
f 1611/1611/1611 1636/1636/1636 1635/1635/1635
f 1612/1612/1612 1613/1613/1613 1637/1637/1637
f 1612/1612/1612 1637/1637/1637 1636/1636/1636
f 1613/1613/1613 1614/1614/1614 1638/1638/1638
f 1613/1613/1613 1638/1638/1638 1637/1637/1637
f 1614/1614/1614 1615/1615/1615 1639/1639/1639
f 1614/1614/1614 1639/1639/1639 1638/1638/1638
f 1615/1615/1615 1616/1616/1616 1640/1640/1640
f 1615/1615/1615 1640/1640/1640 1639/1639/1639
f 1616/1616/1616 1617/1617/1617 1641/1641/1641
f 1616/1616/1616 1641/1641/1641 1640/1640/1640
f 1617/1617/1617 1594/1594/1594 1618/1618/1618
f 1617/1617/1617 1618/1618/1618 1641/1641/1641
f 1642/1642/1642 1643/1643/1643 1671/1671/1671
f 1642/1642/1642 1671/1671/1671 1670/1670/1670
f 1643/1643/1643 1644/1644/1644 1672/1672/1672
f 1643/1643/1643 1672/1672/1672 1671/1671/1671
f 1644/1644/1644 1645/1645/1645 1673/1673/1673
f 1644/1644/1644 1673/1673/1673 1672/1672/1672
f 1645/1645/1645 1646/1646/1646 1674/1674/1674
f 1645/1645/1645 1674/1674/1674 1673/1673/1673
f 1646/1646/1646 1647/1647/1647 1675/1675/1675
f 1646/1646/1646 1675/1675/1675 1674/1674/1674
f 1647/1647/1647 1648/1648/1648 1676/1676/1676
f 1647/1647/1647 1676/1676/1676 1675/1675/1675
f 1648/1648/1648 1649/1649/1649 1677/1677/1677
f 1648/1648/1648 1677/1677/1677 1676/1676/1676
f 1649/1649/1649 1650/1650/1650 1678/1678/1678
f 1649/1649/1649 1678/1678/1678 1677/1677/1677
f 1650/1650/1650 1651/1651/1651 1679/1679/1679
f 1650/1650/1650 1679/1679/1679 1678/1678/1678
f 1651/1651/1651 1652/1652/1652 1680/1680/1680
f 1651/1651/1651 1680/1680/1680 1679/1679/1679
f 1652/1652/1652 1653/1653/1653 1681/1681/1681
f 1652/1652/1652 1681/1681/1681 1680/1680/1680
f 1653/1653/1653 1654/1654/1654 1682/1682/1682
f 1653/1653/1653 1682/1682/1682 1681/1681/1681
f 1654/1654/1654 1655/1655/1655 1683/1683/1683
f 1654/1654/1654 1683/1683/1683 1682/1682/1682
f 1655/1655/1655 1656/1656/1656 1684/1684/1684
f 1655/1655/1655 1684/1684/1684 1683/1683/1683
f 1656/1656/1656 1657/1657/1657 1685/1685/1685
f 1656/1656/1656 1685/1685/1685 1684/1684/1684
f 1657/1657/1657 1658/1658/1658 1686/1686/1686
f 1657/1657/1657 1686/1686/1686 1685/1685/1685
f 1658/1658/1658 1659/1659/1659 1687/1687/1687
f 1658/1658/1658 1687/1687/1687 1686/1686/1686
f 1659/1659/1659 1660/1660/1660 1688/1688/1688
f 1659/1659/1659 1688/1688/1688 1687/1687/1687
f 1660/1660/1660 1661/1661/1661 1689/1689/1689
f 1660/1660/1660 1689/1689/1689 1688/1688/1688
f 1661/1661/1661 1662/1662/1662 1690/1690/1690
f 1661/1661/1661 1690/1690/1690 1689/1689/1689
f 1662/1662/1662 1663/1663/1663 1691/1691/1691
f 1662/1662/1662 1691/1691/1691 1690/1690/1690
f 1663/1663/1663 1664/1664/1664 1692/1692/1692
f 1663/1663/1663 1692/1692/1692 1691/1691/1691
f 1664/1664/1664 1665/1665/1665 1693/1693/1693
f 1664/1664/1664 1693/1693/1693 1692/1692/1692
f 1665/1665/1665 1666/1666/1666 1694/1694/1694
f 1665/1665/1665 1694/1694/1694 1693/1693/1693
f 1666/1666/1666 1667/1667/1667 1695/1695/1695
f 1666/1666/1666 1695/1695/1695 1694/1694/1694
f 1667/1667/1667 1668/1668/1668 1696/1696/1696
f 1667/1667/1667 1696/1696/1696 1695/1695/1695
f 1668/1668/1668 1669/1669/1669 1697/1697/1697
f 1668/1668/1668 1697/1697/1697 1696/1696/1696
f 1669/1669/1669 1642/1642/1642 1670/1670/1670
f 1669/1669/1669 1670/1670/1670 1697/1697/1697
f 1670/1670/1670 1671/1671/1671 1699/1699/1699
f 1670/1670/1670 1699/1699/1699 1698/1698/1698
f 1671/1671/1671 1672/1672/1672 1700/1700/1700
f 1671/1671/1671 1700/1700/1700 1699/1699/1699
f 1672/1672/1672 1673/1673/1673 1701/1701/1701
f 1672/1672/1672 1701/1701/1701 1700/1700/1700
f 1673/1673/1673 1674/1674/1674 1702/1702/1702
f 1673/1673/1673 1702/1702/1702 1701/1701/1701
f 1674/1674/1674 1675/1675/1675 1703/1703/1703
f 1674/1674/1674 1703/1703/1703 1702/1702/1702
f 1675/1675/1675 1676/1676/1676 1704/1704/1704
f 1675/1675/1675 1704/1704/1704 1703/1703/1703
f 1676/1676/1676 1677/1677/1677 1705/1705/1705
f 1676/1676/1676 1705/1705/1705 1704/1704/1704
f 1677/1677/1677 1678/1678/1678 1706/1706/1706
f 1677/1677/1677 1706/1706/1706 1705/1705/1705
f 1678/1678/1678 1679/1679/1679 1707/1707/1707
f 1678/1678/1678 1707/1707/1707 1706/1706/1706
f 1679/1679/1679 1680/1680/1680 1708/1708/1708
f 1679/1679/1679 1708/1708/1708 1707/1707/1707
f 1680/1680/1680 1681/1681/1681 1709/1709/1709
f 1680/1680/1680 1709/1709/1709 1708/1708/1708
f 1681/1681/1681 1682/1682/1682 1710/1710/1710
f 1681/1681/1681 1710/1710/1710 1709/1709/1709
f 1682/1682/1682 1683/1683/1683 1711/1711/1711
f 1682/1682/1682 1711/1711/1711 1710/1710/1710
f 1683/1683/1683 1684/1684/1684 1712/1712/1712
f 1683/1683/1683 1712/1712/1712 1711/1711/1711
f 1684/1684/1684 1685/1685/1685 1713/1713/1713
f 1684/1684/1684 1713/1713/1713 1712/1712/1712
f 1685/1685/1685 1686/1686/1686 1714/1714/1714
f 1685/1685/1685 1714/1714/1714 1713/1713/1713
f 1686/1686/1686 1687/1687/1687 1715/1715/1715
f 1686/1686/1686 1715/1715/1715 1714/1714/1714
f 1687/1687/1687 1688/1688/1688 1716/1716/1716
f 1687/1687/1687 1716/1716/1716 1715/1715/1715
f 1688/1688/1688 1689/1689/1689 1717/1717/1717
f 1688/1688/1688 1717/1717/1717 1716/1716/1716
f 1689/1689/1689 1690/1690/1690 1718/1718/1718
f 1689/1689/1689 1718/1718/1718 1717/1717/1717
f 1690/1690/1690 1691/1691/1691 1719/1719/1719
f 1690/1690/1690 1719/1719/1719 1718/1718/1718
f 1691/1691/1691 1692/1692/1692 1720/1720/1720
f 1691/1691/1691 1720/1720/1720 1719/1719/1719
f 1692/1692/1692 1693/1693/1693 1721/1721/1721
f 1692/1692/1692 1721/1721/1721 1720/1720/1720
f 1693/1693/1693 1694/1694/1694 1722/1722/1722
f 1693/1693/1693 1722/1722/1722 1721/1721/1721
f 1694/1694/1694 1695/1695/1695 1723/1723/1723
f 1694/1694/1694 1723/1723/1723 1722/1722/1722
f 1695/1695/1695 1696/1696/1696 1724/1724/1724
f 1695/1695/1695 1724/1724/1724 1723/1723/1723
f 1696/1696/1696 1697/1697/1697 1725/1725/1725
f 1696/1696/1696 1725/1725/1725 1724/1724/1724
f 1697/1697/1697 1670/1670/1670 1698/1698/1698
f 1697/1697/1697 1698/1698/1698 1725/1725/1725
f 1698/1698/1698 1699/1699/1699 1727/1727/1727
f 1698/1698/1698 1727/1727/1727 1726/1726/1726
f 1699/1699/1699 1700/1700/1700 1728/1728/1728
f 1699/1699/1699 1728/1728/1728 1727/1727/1727
f 1700/1700/1700 1701/1701/1701 1729/1729/1729
f 1700/1700/1700 1729/1729/1729 1728/1728/1728
f 1701/1701/1701 1702/1702/1702 1730/1730/1730
f 1701/1701/1701 1730/1730/1730 1729/1729/1729
f 1702/1702/1702 1703/1703/1703 1731/1731/1731
f 1702/1702/1702 1731/1731/1731 1730/1730/1730
f 1703/1703/1703 1704/1704/1704 1732/1732/1732
f 1703/1703/1703 1732/1732/1732 1731/1731/1731
f 1704/1704/1704 1705/1705/1705 1733/1733/1733
f 1704/1704/1704 1733/1733/1733 1732/1732/1732
f 1705/1705/1705 1706/1706/1706 1734/1734/1734
f 1705/1705/1705 1734/1734/1734 1733/1733/1733
f 1706/1706/1706 1707/1707/1707 1735/1735/1735
f 1706/1706/1706 1735/1735/1735 1734/1734/1734
f 1707/1707/1707 1708/1708/1708 1736/1736/1736
f 1707/1707/1707 1736/1736/1736 1735/1735/1735
f 1708/1708/1708 1709/1709/1709 1737/1737/1737
f 1708/1708/1708 1737/1737/1737 1736/1736/1736
f 1709/1709/1709 1710/1710/1710 1738/1738/1738
f 1709/1709/1709 1738/1738/1738 1737/1737/1737
f 1710/1710/1710 1711/1711/1711 1739/1739/1739
f 1710/1710/1710 1739/1739/1739 1738/1738/1738
f 1711/1711/1711 1712/1712/1712 1740/1740/1740
f 1711/1711/1711 1740/1740/1740 1739/1739/1739
f 1712/1712/1712 1713/1713/1713 1741/1741/1741
f 1712/1712/1712 1741/1741/1741 1740/1740/1740
f 1713/1713/1713 1714/1714/1714 1742/1742/1742
f 1713/1713/1713 1742/1742/1742 1741/1741/1741
f 1714/1714/1714 1715/1715/1715 1743/1743/1743
f 1714/1714/1714 1743/1743/1743 1742/1742/1742
f 1715/1715/1715 1716/1716/1716 1744/1744/1744
f 1715/1715/1715 1744/1744/1744 1743/1743/1743
f 1716/1716/1716 1717/1717/1717 1745/1745/1745
f 1716/1716/1716 1745/1745/1745 1744/1744/1744
f 1717/1717/1717 1718/1718/1718 1746/1746/1746
f 1717/1717/1717 1746/1746/1746 1745/1745/1745
f 1718/1718/1718 1719/1719/1719 1747/1747/1747
f 1718/1718/1718 1747/1747/1747 1746/1746/1746
f 1719/1719/1719 1720/1720/1720 1748/1748/1748
f 1719/1719/1719 1748/1748/1748 1747/1747/1747
f 1720/1720/1720 1721/1721/1721 1749/1749/1749
f 1720/1720/1720 1749/1749/1749 1748/1748/1748
f 1721/1721/1721 1722/1722/1722 1750/1750/1750
f 1721/1721/1721 1750/1750/1750 1749/1749/1749
f 1722/1722/1722 1723/1723/1723 1751/1751/1751
f 1722/1722/1722 1751/1751/1751 1750/1750/1750
f 1723/1723/1723 1724/1724/1724 1752/1752/1752
f 1723/1723/1723 1752/1752/1752 1751/1751/1751
f 1724/1724/1724 1725/1725/1725 1753/1753/1753
f 1724/1724/1724 1753/1753/1753 1752/1752/1752
f 1725/1725/1725 1698/1698/1698 1726/1726/1726
f 1725/1725/1725 1726/1726/1726 1753/1753/1753
f 1726/1726/1726 1727/1727/1727 1755/1755/1755
f 1726/1726/1726 1755/1755/1755 1754/1754/1754
f 1727/1727/1727 1728/1728/1728 1756/1756/1756
f 1727/1727/1727 1756/1756/1756 1755/1755/1755
f 1728/1728/1728 1729/1729/1729 1757/1757/1757
f 1728/1728/1728 1757/1757/1757 1756/1756/1756
f 1729/1729/1729 1730/1730/1730 1758/1758/1758
f 1729/1729/1729 1758/1758/1758 1757/1757/1757
f 1730/1730/1730 1731/1731/1731 1759/1759/1759
f 1730/1730/1730 1759/1759/1759 1758/1758/1758
f 1731/1731/1731 1732/1732/1732 1760/1760/1760
f 1731/1731/1731 1760/1760/1760 1759/1759/1759
f 1732/1732/1732 1733/1733/1733 1761/1761/1761
f 1732/1732/1732 1761/1761/1761 1760/1760/1760
f 1733/1733/1733 1734/1734/1734 1762/1762/1762
f 1733/1733/1733 1762/1762/1762 1761/1761/1761
f 1734/1734/1734 1735/1735/1735 1763/1763/1763
f 1734/1734/1734 1763/1763/1763 1762/1762/1762
f 1735/1735/1735 1736/1736/1736 1764/1764/1764
f 1735/1735/1735 1764/1764/1764 1763/1763/1763
f 1736/1736/1736 1737/1737/1737 1765/1765/1765
f 1736/1736/1736 1765/1765/1765 1764/1764/1764
f 1737/1737/1737 1738/1738/1738 1766/1766/1766
f 1737/1737/1737 1766/1766/1766 1765/1765/1765
f 1738/1738/1738 1739/1739/1739 1767/1767/1767
f 1738/1738/1738 1767/1767/1767 1766/1766/1766
f 1739/1739/1739 1740/1740/1740 1768/1768/1768
f 1739/1739/1739 1768/1768/1768 1767/1767/1767
f 1740/1740/1740 1741/1741/1741 1769/1769/1769
f 1740/1740/1740 1769/1769/1769 1768/1768/1768
f 1741/1741/1741 1742/1742/1742 1770/1770/1770
f 1741/1741/1741 1770/1770/1770 1769/1769/1769
f 1742/1742/1742 1743/1743/1743 1771/1771/1771
f 1742/1742/1742 1771/1771/1771 1770/1770/1770
f 1743/1743/1743 1744/1744/1744 1772/1772/1772
f 1743/1743/1743 1772/1772/1772 1771/1771/1771
f 1744/1744/1744 1745/1745/1745 1773/1773/1773
f 1744/1744/1744 1773/1773/1773 1772/1772/1772
f 1745/1745/1745 1746/1746/1746 1774/1774/1774
f 1745/1745/1745 1774/1774/1774 1773/1773/1773
f 1746/1746/1746 1747/1747/1747 1775/1775/1775
f 1746/1746/1746 1775/1775/1775 1774/1774/1774
f 1747/1747/1747 1748/1748/1748 1776/1776/1776
f 1747/1747/1747 1776/1776/1776 1775/1775/1775
f 1748/1748/1748 1749/1749/1749 1777/1777/1777
f 1748/1748/1748 1777/1777/1777 1776/1776/1776
f 1749/1749/1749 1750/1750/1750 1778/1778/1778
f 1749/1749/1749 1778/1778/1778 1777/1777/1777
f 1750/1750/1750 1751/1751/1751 1779/1779/1779
f 1750/1750/1750 1779/1779/1779 1778/1778/1778
f 1751/1751/1751 1752/1752/1752 1780/1780/1780
f 1751/1751/1751 1780/1780/1780 1779/1779/1779
f 1752/1752/1752 1753/1753/1753 1781/1781/1781
f 1752/1752/1752 1781/1781/1781 1780/1780/1780
f 1753/1753/1753 1726/1726/1726 1754/1754/1754
f 1753/1753/1753 1754/1754/1754 1781/1781/1781
f 1754/1754/1754 1755/1755/1755 1783/1783/1783
f 1754/1754/1754 1783/1783/1783 1782/1782/1782
f 1755/1755/1755 1756/1756/1756 1784/1784/1784
f 1755/1755/1755 1784/1784/1784 1783/1783/1783
f 1756/1756/1756 1757/1757/1757 1785/1785/1785
f 1756/1756/1756 1785/1785/1785 1784/1784/1784
f 1757/1757/1757 1758/1758/1758 1786/1786/1786
f 1757/1757/1757 1786/1786/1786 1785/1785/1785
f 1758/1758/1758 1759/1759/1759 1787/1787/1787
f 1758/1758/1758 1787/1787/1787 1786/1786/1786
f 1759/1759/1759 1760/1760/1760 1788/1788/1788
f 1759/1759/1759 1788/1788/1788 1787/1787/1787
f 1760/1760/1760 1761/1761/1761 1789/1789/1789
f 1760/1760/1760 1789/1789/1789 1788/1788/1788
f 1761/1761/1761 1762/1762/1762 1790/1790/1790
f 1761/1761/1761 1790/1790/1790 1789/1789/1789
f 1762/1762/1762 1763/1763/1763 1791/1791/1791
f 1762/1762/1762 1791/1791/1791 1790/1790/1790
f 1763/1763/1763 1764/1764/1764 1792/1792/1792
f 1763/1763/1763 1792/1792/1792 1791/1791/1791
f 1764/1764/1764 1765/1765/1765 1793/1793/1793
f 1764/1764/1764 1793/1793/1793 1792/1792/1792
f 1765/1765/1765 1766/1766/1766 1794/1794/1794
f 1765/1765/1765 1794/1794/1794 1793/1793/1793
f 1766/1766/1766 1767/1767/1767 1795/1795/1795
f 1766/1766/1766 1795/1795/1795 1794/1794/1794
f 1767/1767/1767 1768/1768/1768 1796/1796/1796
f 1767/1767/1767 1796/1796/1796 1795/1795/1795
f 1768/1768/1768 1769/1769/1769 1797/1797/1797
f 1768/1768/1768 1797/1797/1797 1796/1796/1796
f 1769/1769/1769 1770/1770/1770 1798/1798/1798
f 1769/1769/1769 1798/1798/1798 1797/1797/1797
f 1770/1770/1770 1771/1771/1771 1799/1799/1799
f 1770/1770/1770 1799/1799/1799 1798/1798/1798
f 1771/1771/1771 1772/1772/1772 1800/1800/1800
f 1771/1771/1771 1800/1800/1800 1799/1799/1799
f 1772/1772/1772 1773/1773/1773 1801/1801/1801
f 1772/1772/1772 1801/1801/1801 1800/1800/1800
f 1773/1773/1773 1774/1774/1774 1802/1802/1802
f 1773/1773/1773 1802/1802/1802 1801/1801/1801
f 1774/1774/1774 1775/1775/1775 1803/1803/1803
f 1774/1774/1774 1803/1803/1803 1802/1802/1802
f 1775/1775/1775 1776/1776/1776 1804/1804/1804
f 1775/1775/1775 1804/1804/1804 1803/1803/1803
f 1776/1776/1776 1777/1777/1777 1805/1805/1805
f 1776/1776/1776 1805/1805/1805 1804/1804/1804
f 1777/1777/1777 1778/1778/1778 1806/1806/1806
f 1777/1777/1777 1806/1806/1806 1805/1805/1805
f 1778/1778/1778 1779/1779/1779 1807/1807/1807
f 1778/1778/1778 1807/1807/1807 1806/1806/1806
f 1779/1779/1779 1780/1780/1780 1808/1808/1808
f 1779/1779/1779 1808/1808/1808 1807/1807/1807
f 1780/1780/1780 1781/1781/1781 1809/1809/1809
f 1780/1780/1780 1809/1809/1809 1808/1808/1808
f 1781/1781/1781 1754/1754/1754 1782/1782/1782
f 1781/1781/1781 1782/1782/1782 1809/1809/1809
f 1782/1782/1782 1783/1783/1783 1811/1811/1811
f 1782/1782/1782 1811/1811/1811 1810/1810/1810
f 1783/1783/1783 1784/1784/1784 1812/1812/1812
f 1783/1783/1783 1812/1812/1812 1811/1811/1811
f 1784/1784/1784 1785/1785/1785 1813/1813/1813
f 1784/1784/1784 1813/1813/1813 1812/1812/1812
f 1785/1785/1785 1786/1786/1786 1814/1814/1814
f 1785/1785/1785 1814/1814/1814 1813/1813/1813
f 1786/1786/1786 1787/1787/1787 1815/1815/1815
f 1786/1786/1786 1815/1815/1815 1814/1814/1814
f 1787/1787/1787 1788/1788/1788 1816/1816/1816
f 1787/1787/1787 1816/1816/1816 1815/1815/1815
f 1788/1788/1788 1789/1789/1789 1817/1817/1817
f 1788/1788/1788 1817/1817/1817 1816/1816/1816
f 1789/1789/1789 1790/1790/1790 1818/1818/1818
f 1789/1789/1789 1818/1818/1818 1817/1817/1817
f 1790/1790/1790 1791/1791/1791 1819/1819/1819
f 1790/1790/1790 1819/1819/1819 1818/1818/1818
f 1791/1791/1791 1792/1792/1792 1820/1820/1820
f 1791/1791/1791 1820/1820/1820 1819/1819/1819
f 1792/1792/1792 1793/1793/1793 1821/1821/1821
f 1792/1792/1792 1821/1821/1821 1820/1820/1820
f 1793/1793/1793 1794/1794/1794 1822/1822/1822
f 1793/1793/1793 1822/1822/1822 1821/1821/1821
f 1794/1794/1794 1795/1795/1795 1823/1823/1823
f 1794/1794/1794 1823/1823/1823 1822/1822/1822
f 1795/1795/1795 1796/1796/1796 1824/1824/1824
f 1795/1795/1795 1824/1824/1824 1823/1823/1823
f 1796/1796/1796 1797/1797/1797 1825/1825/1825
f 1796/1796/1796 1825/1825/1825 1824/1824/1824
f 1797/1797/1797 1798/1798/1798 1826/1826/1826
f 1797/1797/1797 1826/1826/1826 1825/1825/1825
f 1798/1798/1798 1799/1799/1799 1827/1827/1827
f 1798/1798/1798 1827/1827/1827 1826/1826/1826
f 1799/1799/1799 1800/1800/1800 1828/1828/1828
f 1799/1799/1799 1828/1828/1828 1827/1827/1827
f 1800/1800/1800 1801/1801/1801 1829/1829/1829
f 1800/1800/1800 1829/1829/1829 1828/1828/1828
f 1801/1801/1801 1802/1802/1802 1830/1830/1830
f 1801/1801/1801 1830/1830/1830 1829/1829/1829
f 1802/1802/1802 1803/1803/1803 1831/1831/1831
f 1802/1802/1802 1831/1831/1831 1830/1830/1830
f 1803/1803/1803 1804/1804/1804 1832/1832/1832
f 1803/1803/1803 1832/1832/1832 1831/1831/1831
f 1804/1804/1804 1805/1805/1805 1833/1833/1833
f 1804/1804/1804 1833/1833/1833 1832/1832/1832
f 1805/1805/1805 1806/1806/1806 1834/1834/1834
f 1805/1805/1805 1834/1834/1834 1833/1833/1833
f 1806/1806/1806 1807/1807/1807 1835/1835/1835
f 1806/1806/1806 1835/1835/1835 1834/1834/1834
f 1807/1807/1807 1808/1808/1808 1836/1836/1836
f 1807/1807/1807 1836/1836/1836 1835/1835/1835
f 1808/1808/1808 1809/1809/1809 1837/1837/1837
f 1808/1808/1808 1837/1837/1837 1836/1836/1836
f 1809/1809/1809 1782/1782/1782 1810/1810/1810
f 1809/1809/1809 1810/1810/1810 1837/1837/1837
f 1810/1810/1810 1811/1811/1811 1839/1839/1839
f 1810/1810/1810 1839/1839/1839 1838/1838/1838
f 1811/1811/1811 1812/1812/1812 1840/1840/1840
f 1811/1811/1811 1840/1840/1840 1839/1839/1839
f 1812/1812/1812 1813/1813/1813 1841/1841/1841
f 1812/1812/1812 1841/1841/1841 1840/1840/1840
f 1813/1813/1813 1814/1814/1814 1842/1842/1842
f 1813/1813/1813 1842/1842/1842 1841/1841/1841
f 1814/1814/1814 1815/1815/1815 1843/1843/1843
f 1814/1814/1814 1843/1843/1843 1842/1842/1842
f 1815/1815/1815 1816/1816/1816 1844/1844/1844
f 1815/1815/1815 1844/1844/1844 1843/1843/1843
f 1816/1816/1816 1817/1817/1817 1845/1845/1845
f 1816/1816/1816 1845/1845/1845 1844/1844/1844
f 1817/1817/1817 1818/1818/1818 1846/1846/1846
f 1817/1817/1817 1846/1846/1846 1845/1845/1845
f 1818/1818/1818 1819/1819/1819 1847/1847/1847
f 1818/1818/1818 1847/1847/1847 1846/1846/1846
f 1819/1819/1819 1820/1820/1820 1848/1848/1848
f 1819/1819/1819 1848/1848/1848 1847/1847/1847
f 1820/1820/1820 1821/1821/1821 1849/1849/1849
f 1820/1820/1820 1849/1849/1849 1848/1848/1848
f 1821/1821/1821 1822/1822/1822 1850/1850/1850
f 1821/1821/1821 1850/1850/1850 1849/1849/1849
f 1822/1822/1822 1823/1823/1823 1851/1851/1851
f 1822/1822/1822 1851/1851/1851 1850/1850/1850
f 1823/1823/1823 1824/1824/1824 1852/1852/1852
f 1823/1823/1823 1852/1852/1852 1851/1851/1851
f 1824/1824/1824 1825/1825/1825 1853/1853/1853
f 1824/1824/1824 1853/1853/1853 1852/1852/1852
f 1825/1825/1825 1826/1826/1826 1854/1854/1854
f 1825/1825/1825 1854/1854/1854 1853/1853/1853
f 1826/1826/1826 1827/1827/1827 1855/1855/1855
f 1826/1826/1826 1855/1855/1855 1854/1854/1854
f 1827/1827/1827 1828/1828/1828 1856/1856/1856
f 1827/1827/1827 1856/1856/1856 1855/1855/1855
f 1828/1828/1828 1829/1829/1829 1857/1857/1857
f 1828/1828/1828 1857/1857/1857 1856/1856/1856
f 1829/1829/1829 1830/1830/1830 1858/1858/1858
f 1829/1829/1829 1858/1858/1858 1857/1857/1857
f 1830/1830/1830 1831/1831/1831 1859/1859/1859
f 1830/1830/1830 1859/1859/1859 1858/1858/1858
f 1831/1831/1831 1832/1832/1832 1860/1860/1860
f 1831/1831/1831 1860/1860/1860 1859/1859/1859
f 1832/1832/1832 1833/1833/1833 1861/1861/1861
f 1832/1832/1832 1861/1861/1861 1860/1860/1860
f 1833/1833/1833 1834/1834/1834 1862/1862/1862
f 1833/1833/1833 1862/1862/1862 1861/1861/1861
f 1834/1834/1834 1835/1835/1835 1863/1863/1863
f 1834/1834/1834 1863/1863/1863 1862/1862/1862
f 1835/1835/1835 1836/1836/1836 1864/1864/1864
f 1835/1835/1835 1864/1864/1864 1863/1863/1863
f 1836/1836/1836 1837/1837/1837 1865/1865/1865
f 1836/1836/1836 1865/1865/1865 1864/1864/1864
f 1837/1837/1837 1810/1810/1810 1838/1838/1838
f 1837/1837/1837 1838/1838/1838 1865/1865/1865
f 1838/1838/1838 1839/1839/1839 1867/1867/1867
f 1838/1838/1838 1867/1867/1867 1866/1866/1866
f 1839/1839/1839 1840/1840/1840 1868/1868/1868
f 1839/1839/1839 1868/1868/1868 1867/1867/1867
f 1840/1840/1840 1841/1841/1841 1869/1869/1869
f 1840/1840/1840 1869/1869/1869 1868/1868/1868
f 1841/1841/1841 1842/1842/1842 1870/1870/1870
f 1841/1841/1841 1870/1870/1870 1869/1869/1869
f 1842/1842/1842 1843/1843/1843 1871/1871/1871
f 1842/1842/1842 1871/1871/1871 1870/1870/1870
f 1843/1843/1843 1844/1844/1844 1872/1872/1872
f 1843/1843/1843 1872/1872/1872 1871/1871/1871
f 1844/1844/1844 1845/1845/1845 1873/1873/1873
f 1844/1844/1844 1873/1873/1873 1872/1872/1872
f 1845/1845/1845 1846/1846/1846 1874/1874/1874
f 1845/1845/1845 1874/1874/1874 1873/1873/1873
f 1846/1846/1846 1847/1847/1847 1875/1875/1875
f 1846/1846/1846 1875/1875/1875 1874/1874/1874
f 1847/1847/1847 1848/1848/1848 1876/1876/1876
f 1847/1847/1847 1876/1876/1876 1875/1875/1875
f 1848/1848/1848 1849/1849/1849 1877/1877/1877
f 1848/1848/1848 1877/1877/1877 1876/1876/1876
f 1849/1849/1849 1850/1850/1850 1878/1878/1878
f 1849/1849/1849 1878/1878/1878 1877/1877/1877
f 1850/1850/1850 1851/1851/1851 1879/1879/1879
f 1850/1850/1850 1879/1879/1879 1878/1878/1878
f 1851/1851/1851 1852/1852/1852 1880/1880/1880
f 1851/1851/1851 1880/1880/1880 1879/1879/1879
f 1852/1852/1852 1853/1853/1853 1881/1881/1881
f 1852/1852/1852 1881/1881/1881 1880/1880/1880
f 1853/1853/1853 1854/1854/1854 1882/1882/1882
f 1853/1853/1853 1882/1882/1882 1881/1881/1881
f 1854/1854/1854 1855/1855/1855 1883/1883/1883
f 1854/1854/1854 1883/1883/1883 1882/1882/1882
f 1855/1855/1855 1856/1856/1856 1884/1884/1884
f 1855/1855/1855 1884/1884/1884 1883/1883/1883
f 1856/1856/1856 1857/1857/1857 1885/1885/1885
f 1856/1856/1856 1885/1885/1885 1884/1884/1884
f 1857/1857/1857 1858/1858/1858 1886/1886/1886
f 1857/1857/1857 1886/1886/1886 1885/1885/1885
f 1858/1858/1858 1859/1859/1859 1887/1887/1887
f 1858/1858/1858 1887/1887/1887 1886/1886/1886
f 1859/1859/1859 1860/1860/1860 1888/1888/1888
f 1859/1859/1859 1888/1888/1888 1887/1887/1887
f 1860/1860/1860 1861/1861/1861 1889/1889/1889
f 1860/1860/1860 1889/1889/1889 1888/1888/1888
f 1861/1861/1861 1862/1862/1862 1890/1890/1890
f 1861/1861/1861 1890/1890/1890 1889/1889/1889
f 1862/1862/1862 1863/1863/1863 1891/1891/1891
f 1862/1862/1862 1891/1891/1891 1890/1890/1890
f 1863/1863/1863 1864/1864/1864 1892/1892/1892
f 1863/1863/1863 1892/1892/1892 1891/1891/1891
f 1864/1864/1864 1865/1865/1865 1893/1893/1893
f 1864/1864/1864 1893/1893/1893 1892/1892/1892
f 1865/1865/1865 1838/1838/1838 1866/1866/1866
f 1865/1865/1865 1866/1866/1866 1893/1893/1893
f 1866/1866/1866 1867/1867/1867 1895/1895/1895
f 1866/1866/1866 1895/1895/1895 1894/1894/1894
f 1867/1867/1867 1868/1868/1868 1896/1896/1896
f 1867/1867/1867 1896/1896/1896 1895/1895/1895
f 1868/1868/1868 1869/1869/1869 1897/1897/1897
f 1868/1868/1868 1897/1897/1897 1896/1896/1896
f 1869/1869/1869 1870/1870/1870 1898/1898/1898
f 1869/1869/1869 1898/1898/1898 1897/1897/1897
f 1870/1870/1870 1871/1871/1871 1899/1899/1899
f 1870/1870/1870 1899/1899/1899 1898/1898/1898
f 1871/1871/1871 1872/1872/1872 1900/1900/1900
f 1871/1871/1871 1900/1900/1900 1899/1899/1899
f 1872/1872/1872 1873/1873/1873 1901/1901/1901
f 1872/1872/1872 1901/1901/1901 1900/1900/1900
f 1873/1873/1873 1874/1874/1874 1902/1902/1902
f 1873/1873/1873 1902/1902/1902 1901/1901/1901
f 1874/1874/1874 1875/1875/1875 1903/1903/1903
f 1874/1874/1874 1903/1903/1903 1902/1902/1902
f 1875/1875/1875 1876/1876/1876 1904/1904/1904
f 1875/1875/1875 1904/1904/1904 1903/1903/1903
f 1876/1876/1876 1877/1877/1877 1905/1905/1905
f 1876/1876/1876 1905/1905/1905 1904/1904/1904
f 1877/1877/1877 1878/1878/1878 1906/1906/1906
f 1877/1877/1877 1906/1906/1906 1905/1905/1905
f 1878/1878/1878 1879/1879/1879 1907/1907/1907
f 1878/1878/1878 1907/1907/1907 1906/1906/1906
f 1879/1879/1879 1880/1880/1880 1908/1908/1908
f 1879/1879/1879 1908/1908/1908 1907/1907/1907
f 1880/1880/1880 1881/1881/1881 1909/1909/1909
f 1880/1880/1880 1909/1909/1909 1908/1908/1908
f 1881/1881/1881 1882/1882/1882 1910/1910/1910
f 1881/1881/1881 1910/1910/1910 1909/1909/1909
f 1882/1882/1882 1883/1883/1883 1911/1911/1911
f 1882/1882/1882 1911/1911/1911 1910/1910/1910
f 1883/1883/1883 1884/1884/1884 1912/1912/1912
f 1883/1883/1883 1912/1912/1912 1911/1911/1911
f 1884/1884/1884 1885/1885/1885 1913/1913/1913
f 1884/1884/1884 1913/1913/1913 1912/1912/1912
f 1885/1885/1885 1886/1886/1886 1914/1914/1914
f 1885/1885/1885 1914/1914/1914 1913/1913/1913
f 1886/1886/1886 1887/1887/1887 1915/1915/1915
f 1886/1886/1886 1915/1915/1915 1914/1914/1914
f 1887/1887/1887 1888/1888/1888 1916/1916/1916
f 1887/1887/1887 1916/1916/1916 1915/1915/1915
f 1888/1888/1888 1889/1889/1889 1917/1917/1917
f 1888/1888/1888 1917/1917/1917 1916/1916/1916
f 1889/1889/1889 1890/1890/1890 1918/1918/1918
f 1889/1889/1889 1918/1918/1918 1917/1917/1917
f 1890/1890/1890 1891/1891/1891 1919/1919/1919
f 1890/1890/1890 1919/1919/1919 1918/1918/1918
f 1891/1891/1891 1892/1892/1892 1920/1920/1920
f 1891/1891/1891 1920/1920/1920 1919/1919/1919
f 1892/1892/1892 1893/1893/1893 1921/1921/1921
f 1892/1892/1892 1921/1921/1921 1920/1920/1920
f 1893/1893/1893 1866/1866/1866 1894/1894/1894
f 1893/1893/1893 1894/1894/1894 1921/1921/1921
f 1894/1894/1894 1895/1895/1895 1923/1923/1923
f 1894/1894/1894 1923/1923/1923 1922/1922/1922
f 1895/1895/1895 1896/1896/1896 1924/1924/1924
f 1895/1895/1895 1924/1924/1924 1923/1923/1923
f 1896/1896/1896 1897/1897/1897 1925/1925/1925
f 1896/1896/1896 1925/1925/1925 1924/1924/1924
f 1897/1897/1897 1898/1898/1898 1926/1926/1926
f 1897/1897/1897 1926/1926/1926 1925/1925/1925
f 1898/1898/1898 1899/1899/1899 1927/1927/1927
f 1898/1898/1898 1927/1927/1927 1926/1926/1926
f 1899/1899/1899 1900/1900/1900 1928/1928/1928
f 1899/1899/1899 1928/1928/1928 1927/1927/1927
f 1900/1900/1900 1901/1901/1901 1929/1929/1929
f 1900/1900/1900 1929/1929/1929 1928/1928/1928
f 1901/1901/1901 1902/1902/1902 1930/1930/1930
f 1901/1901/1901 1930/1930/1930 1929/1929/1929
f 1902/1902/1902 1903/1903/1903 1931/1931/1931
f 1902/1902/1902 1931/1931/1931 1930/1930/1930
f 1903/1903/1903 1904/1904/1904 1932/1932/1932
f 1903/1903/1903 1932/1932/1932 1931/1931/1931
f 1904/1904/1904 1905/1905/1905 1933/1933/1933
f 1904/1904/1904 1933/1933/1933 1932/1932/1932
f 1905/1905/1905 1906/1906/1906 1934/1934/1934
f 1905/1905/1905 1934/1934/1934 1933/1933/1933
f 1906/1906/1906 1907/1907/1907 1935/1935/1935
f 1906/1906/1906 1935/1935/1935 1934/1934/1934
f 1907/1907/1907 1908/1908/1908 1936/1936/1936
f 1907/1907/1907 1936/1936/1936 1935/1935/1935
f 1908/1908/1908 1909/1909/1909 1937/1937/1937
f 1908/1908/1908 1937/1937/1937 1936/1936/1936
f 1909/1909/1909 1910/1910/1910 1938/1938/1938
f 1909/1909/1909 1938/1938/1938 1937/1937/1937
f 1910/1910/1910 1911/1911/1911 1939/1939/1939
f 1910/1910/1910 1939/1939/1939 1938/1938/1938
f 1911/1911/1911 1912/1912/1912 1940/1940/1940
f 1911/1911/1911 1940/1940/1940 1939/1939/1939
f 1912/1912/1912 1913/1913/1913 1941/1941/1941
f 1912/1912/1912 1941/1941/1941 1940/1940/1940
f 1913/1913/1913 1914/1914/1914 1942/1942/1942
f 1913/1913/1913 1942/1942/1942 1941/1941/1941
f 1914/1914/1914 1915/1915/1915 1943/1943/1943
f 1914/1914/1914 1943/1943/1943 1942/1942/1942
f 1915/1915/1915 1916/1916/1916 1944/1944/1944
f 1915/1915/1915 1944/1944/1944 1943/1943/1943
f 1916/1916/1916 1917/1917/1917 1945/1945/1945
f 1916/1916/1916 1945/1945/1945 1944/1944/1944
f 1917/1917/1917 1918/1918/1918 1946/1946/1946
f 1917/1917/1917 1946/1946/1946 1945/1945/1945
f 1918/1918/1918 1919/1919/1919 1947/1947/1947
f 1918/1918/1918 1947/1947/1947 1946/1946/1946
f 1919/1919/1919 1920/1920/1920 1948/1948/1948
f 1919/1919/1919 1948/1948/1948 1947/1947/1947
f 1920/1920/1920 1921/1921/1921 1949/1949/1949
f 1920/1920/1920 1949/1949/1949 1948/1948/1948
f 1921/1921/1921 1894/1894/1894 1922/1922/1922
f 1921/1921/1921 1922/1922/1922 1949/1949/1949
f 1922/1922/1922 1923/1923/1923 1951/1951/1951
f 1922/1922/1922 1951/1951/1951 1950/1950/1950
f 1923/1923/1923 1924/1924/1924 1952/1952/1952
f 1923/1923/1923 1952/1952/1952 1951/1951/1951
f 1924/1924/1924 1925/1925/1925 1953/1953/1953
f 1924/1924/1924 1953/1953/1953 1952/1952/1952
f 1925/1925/1925 1926/1926/1926 1954/1954/1954
f 1925/1925/1925 1954/1954/1954 1953/1953/1953
f 1926/1926/1926 1927/1927/1927 1955/1955/1955
f 1926/1926/1926 1955/1955/1955 1954/1954/1954
f 1927/1927/1927 1928/1928/1928 1956/1956/1956
f 1927/1927/1927 1956/1956/1956 1955/1955/1955
f 1928/1928/1928 1929/1929/1929 1957/1957/1957
f 1928/1928/1928 1957/1957/1957 1956/1956/1956
f 1929/1929/1929 1930/1930/1930 1958/1958/1958
f 1929/1929/1929 1958/1958/1958 1957/1957/1957
f 1930/1930/1930 1931/1931/1931 1959/1959/1959
f 1930/1930/1930 1959/1959/1959 1958/1958/1958
f 1931/1931/1931 1932/1932/1932 1960/1960/1960
f 1931/1931/1931 1960/1960/1960 1959/1959/1959
f 1932/1932/1932 1933/1933/1933 1961/1961/1961
f 1932/1932/1932 1961/1961/1961 1960/1960/1960
f 1933/1933/1933 1934/1934/1934 1962/1962/1962
f 1933/1933/1933 1962/1962/1962 1961/1961/1961
f 1934/1934/1934 1935/1935/1935 1963/1963/1963
f 1934/1934/1934 1963/1963/1963 1962/1962/1962
f 1935/1935/1935 1936/1936/1936 1964/1964/1964
f 1935/1935/1935 1964/1964/1964 1963/1963/1963
f 1936/1936/1936 1937/1937/1937 1965/1965/1965
f 1936/1936/1936 1965/1965/1965 1964/1964/1964
f 1937/1937/1937 1938/1938/1938 1966/1966/1966
f 1937/1937/1937 1966/1966/1966 1965/1965/1965
f 1938/1938/1938 1939/1939/1939 1967/1967/1967
f 1938/1938/1938 1967/1967/1967 1966/1966/1966
f 1939/1939/1939 1940/1940/1940 1968/1968/1968
f 1939/1939/1939 1968/1968/1968 1967/1967/1967
f 1940/1940/1940 1941/1941/1941 1969/1969/1969
f 1940/1940/1940 1969/1969/1969 1968/1968/1968
f 1941/1941/1941 1942/1942/1942 1970/1970/1970
f 1941/1941/1941 1970/1970/1970 1969/1969/1969
f 1942/1942/1942 1943/1943/1943 1971/1971/1971
f 1942/1942/1942 1971/1971/1971 1970/1970/1970
f 1943/1943/1943 1944/1944/1944 1972/1972/1972
f 1943/1943/1943 1972/1972/1972 1971/1971/1971
f 1944/1944/1944 1945/1945/1945 1973/1973/1973
f 1944/1944/1944 1973/1973/1973 1972/1972/1972
f 1945/1945/1945 1946/1946/1946 1974/1974/1974
f 1945/1945/1945 1974/1974/1974 1973/1973/1973
f 1946/1946/1946 1947/1947/1947 1975/1975/1975
f 1946/1946/1946 1975/1975/1975 1974/1974/1974
f 1947/1947/1947 1948/1948/1948 1976/1976/1976
f 1947/1947/1947 1976/1976/1976 1975/1975/1975
f 1948/1948/1948 1949/1949/1949 1977/1977/1977
f 1948/1948/1948 1977/1977/1977 1976/1976/1976
f 1949/1949/1949 1922/1922/1922 1950/1950/1950
f 1949/1949/1949 1950/1950/1950 1977/1977/1977
f 1950/1950/1950 1951/1951/1951 1979/1979/1979
f 1950/1950/1950 1979/1979/1979 1978/1978/1978
f 1951/1951/1951 1952/1952/1952 1980/1980/1980
f 1951/1951/1951 1980/1980/1980 1979/1979/1979
f 1952/1952/1952 1953/1953/1953 1981/1981/1981
f 1952/1952/1952 1981/1981/1981 1980/1980/1980
f 1953/1953/1953 1954/1954/1954 1982/1982/1982
f 1953/1953/1953 1982/1982/1982 1981/1981/1981
f 1954/1954/1954 1955/1955/1955 1983/1983/1983
f 1954/1954/1954 1983/1983/1983 1982/1982/1982
f 1955/1955/1955 1956/1956/1956 1984/1984/1984
f 1955/1955/1955 1984/1984/1984 1983/1983/1983
f 1956/1956/1956 1957/1957/1957 1985/1985/1985
f 1956/1956/1956 1985/1985/1985 1984/1984/1984
f 1957/1957/1957 1958/1958/1958 1986/1986/1986
f 1957/1957/1957 1986/1986/1986 1985/1985/1985
f 1958/1958/1958 1959/1959/1959 1987/1987/1987
f 1958/1958/1958 1987/1987/1987 1986/1986/1986
f 1959/1959/1959 1960/1960/1960 1988/1988/1988
f 1959/1959/1959 1988/1988/1988 1987/1987/1987
f 1960/1960/1960 1961/1961/1961 1989/1989/1989
f 1960/1960/1960 1989/1989/1989 1988/1988/1988
f 1961/1961/1961 1962/1962/1962 1990/1990/1990
f 1961/1961/1961 1990/1990/1990 1989/1989/1989
f 1962/1962/1962 1963/1963/1963 1991/1991/1991
f 1962/1962/1962 1991/1991/1991 1990/1990/1990
f 1963/1963/1963 1964/1964/1964 1992/1992/1992
f 1963/1963/1963 1992/1992/1992 1991/1991/1991
f 1964/1964/1964 1965/1965/1965 1993/1993/1993
f 1964/1964/1964 1993/1993/1993 1992/1992/1992
f 1965/1965/1965 1966/1966/1966 1994/1994/1994
f 1965/1965/1965 1994/1994/1994 1993/1993/1993
f 1966/1966/1966 1967/1967/1967 1995/1995/1995
f 1966/1966/1966 1995/1995/1995 1994/1994/1994
f 1967/1967/1967 1968/1968/1968 1996/1996/1996
f 1967/1967/1967 1996/1996/1996 1995/1995/1995
f 1968/1968/1968 1969/1969/1969 1997/1997/1997
f 1968/1968/1968 1997/1997/1997 1996/1996/1996
f 1969/1969/1969 1970/1970/1970 1998/1998/1998
f 1969/1969/1969 1998/1998/1998 1997/1997/1997
f 1970/1970/1970 1971/1971/1971 1999/1999/1999
f 1970/1970/1970 1999/1999/1999 1998/1998/1998
f 1971/1971/1971 1972/1972/1972 2000/2000/2000
f 1971/1971/1971 2000/2000/2000 1999/1999/1999
f 1972/1972/1972 1973/1973/1973 2001/2001/2001
f 1972/1972/1972 2001/2001/2001 2000/2000/2000
f 1973/1973/1973 1974/1974/1974 2002/2002/2002
f 1973/1973/1973 2002/2002/2002 2001/2001/2001
f 1974/1974/1974 1975/1975/1975 2003/2003/2003
f 1974/1974/1974 2003/2003/2003 2002/2002/2002
f 1975/1975/1975 1976/1976/1976 2004/2004/2004
f 1975/1975/1975 2004/2004/2004 2003/2003/2003
f 1976/1976/1976 1977/1977/1977 2005/2005/2005
f 1976/1976/1976 2005/2005/2005 2004/2004/2004
f 1977/1977/1977 1950/1950/1950 1978/1978/1978
f 1977/1977/1977 1978/1978/1978 2005/2005/2005
f 1978/1978/1978 1979/1979/1979 2007/2007/2007
f 1978/1978/1978 2007/2007/2007 2006/2006/2006
f 1979/1979/1979 1980/1980/1980 2008/2008/2008
f 1979/1979/1979 2008/2008/2008 2007/2007/2007
f 1980/1980/1980 1981/1981/1981 2009/2009/2009
f 1980/1980/1980 2009/2009/2009 2008/2008/2008
f 1981/1981/1981 1982/1982/1982 2010/2010/2010
f 1981/1981/1981 2010/2010/2010 2009/2009/2009
f 1982/1982/1982 1983/1983/1983 2011/2011/2011
f 1982/1982/1982 2011/2011/2011 2010/2010/2010
f 1983/1983/1983 1984/1984/1984 2012/2012/2012
f 1983/1983/1983 2012/2012/2012 2011/2011/2011
f 1984/1984/1984 1985/1985/1985 2013/2013/2013
f 1984/1984/1984 2013/2013/2013 2012/2012/2012
f 1985/1985/1985 1986/1986/1986 2014/2014/2014
f 1985/1985/1985 2014/2014/2014 2013/2013/2013
f 1986/1986/1986 1987/1987/1987 2015/2015/2015
f 1986/1986/1986 2015/2015/2015 2014/2014/2014
f 1987/1987/1987 1988/1988/1988 2016/2016/2016
f 1987/1987/1987 2016/2016/2016 2015/2015/2015
f 1988/1988/1988 1989/1989/1989 2017/2017/2017
f 1988/1988/1988 2017/2017/2017 2016/2016/2016
f 1989/1989/1989 1990/1990/1990 2018/2018/2018
f 1989/1989/1989 2018/2018/2018 2017/2017/2017
f 1990/1990/1990 1991/1991/1991 2019/2019/2019
f 1990/1990/1990 2019/2019/2019 2018/2018/2018
f 1991/1991/1991 1992/1992/1992 2020/2020/2020
f 1991/1991/1991 2020/2020/2020 2019/2019/2019
f 1992/1992/1992 1993/1993/1993 2021/2021/2021
f 1992/1992/1992 2021/2021/2021 2020/2020/2020
f 1993/1993/1993 1994/1994/1994 2022/2022/2022
f 1993/1993/1993 2022/2022/2022 2021/2021/2021
f 1994/1994/1994 1995/1995/1995 2023/2023/2023
f 1994/1994/1994 2023/2023/2023 2022/2022/2022
f 1995/1995/1995 1996/1996/1996 2024/2024/2024
f 1995/1995/1995 2024/2024/2024 2023/2023/2023
f 1996/1996/1996 1997/1997/1997 2025/2025/2025
f 1996/1996/1996 2025/2025/2025 2024/2024/2024
f 1997/1997/1997 1998/1998/1998 2026/2026/2026
f 1997/1997/1997 2026/2026/2026 2025/2025/2025
f 1998/1998/1998 1999/1999/1999 2027/2027/2027
f 1998/1998/1998 2027/2027/2027 2026/2026/2026
f 1999/1999/1999 2000/2000/2000 2028/2028/2028
f 1999/1999/1999 2028/2028/2028 2027/2027/2027
f 2000/2000/2000 2001/2001/2001 2029/2029/2029
f 2000/2000/2000 2029/2029/2029 2028/2028/2028
f 2001/2001/2001 2002/2002/2002 2030/2030/2030
f 2001/2001/2001 2030/2030/2030 2029/2029/2029
f 2002/2002/2002 2003/2003/2003 2031/2031/2031
f 2002/2002/2002 2031/2031/2031 2030/2030/2030
f 2003/2003/2003 2004/2004/2004 2032/2032/2032
f 2003/2003/2003 2032/2032/2032 2031/2031/2031
f 2004/2004/2004 2005/2005/2005 2033/2033/2033
f 2004/2004/2004 2033/2033/2033 2032/2032/2032
f 2005/2005/2005 1978/1978/1978 2006/2006/2006
f 2005/2005/2005 2006/2006/2006 2033/2033/2033
f 2006/2006/2006 2007/2007/2007 2035/2035/2035
f 2006/2006/2006 2035/2035/2035 2034/2034/2034
f 2007/2007/2007 2008/2008/2008 2036/2036/2036
f 2007/2007/2007 2036/2036/2036 2035/2035/2035
f 2008/2008/2008 2009/2009/2009 2037/2037/2037
f 2008/2008/2008 2037/2037/2037 2036/2036/2036
f 2009/2009/2009 2010/2010/2010 2038/2038/2038
f 2009/2009/2009 2038/2038/2038 2037/2037/2037
f 2010/2010/2010 2011/2011/2011 2039/2039/2039
f 2010/2010/2010 2039/2039/2039 2038/2038/2038
f 2011/2011/2011 2012/2012/2012 2040/2040/2040
f 2011/2011/2011 2040/2040/2040 2039/2039/2039
f 2012/2012/2012 2013/2013/2013 2041/2041/2041
f 2012/2012/2012 2041/2041/2041 2040/2040/2040
f 2013/2013/2013 2014/2014/2014 2042/2042/2042
f 2013/2013/2013 2042/2042/2042 2041/2041/2041
f 2014/2014/2014 2015/2015/2015 2043/2043/2043
f 2014/2014/2014 2043/2043/2043 2042/2042/2042
f 2015/2015/2015 2016/2016/2016 2044/2044/2044
f 2015/2015/2015 2044/2044/2044 2043/2043/2043
f 2016/2016/2016 2017/2017/2017 2045/2045/2045
f 2016/2016/2016 2045/2045/2045 2044/2044/2044
f 2017/2017/2017 2018/2018/2018 2046/2046/2046
f 2017/2017/2017 2046/2046/2046 2045/2045/2045
f 2018/2018/2018 2019/2019/2019 2047/2047/2047
f 2018/2018/2018 2047/2047/2047 2046/2046/2046
f 2019/2019/2019 2020/2020/2020 2048/2048/2048
f 2019/2019/2019 2048/2048/2048 2047/2047/2047
f 2020/2020/2020 2021/2021/2021 2049/2049/2049
f 2020/2020/2020 2049/2049/2049 2048/2048/2048
f 2021/2021/2021 2022/2022/2022 2050/2050/2050
f 2021/2021/2021 2050/2050/2050 2049/2049/2049
f 2022/2022/2022 2023/2023/2023 2051/2051/2051
f 2022/2022/2022 2051/2051/2051 2050/2050/2050
f 2023/2023/2023 2024/2024/2024 2052/2052/2052
f 2023/2023/2023 2052/2052/2052 2051/2051/2051
f 2024/2024/2024 2025/2025/2025 2053/2053/2053
f 2024/2024/2024 2053/2053/2053 2052/2052/2052
f 2025/2025/2025 2026/2026/2026 2054/2054/2054
f 2025/2025/2025 2054/2054/2054 2053/2053/2053
f 2026/2026/2026 2027/2027/2027 2055/2055/2055
f 2026/2026/2026 2055/2055/2055 2054/2054/2054
f 2027/2027/2027 2028/2028/2028 2056/2056/2056
f 2027/2027/2027 2056/2056/2056 2055/2055/2055
f 2028/2028/2028 2029/2029/2029 2057/2057/2057
f 2028/2028/2028 2057/2057/2057 2056/2056/2056
f 2029/2029/2029 2030/2030/2030 2058/2058/2058
f 2029/2029/2029 2058/2058/2058 2057/2057/2057
f 2030/2030/2030 2031/2031/2031 2059/2059/2059
f 2030/2030/2030 2059/2059/2059 2058/2058/2058
f 2031/2031/2031 2032/2032/2032 2060/2060/2060
f 2031/2031/2031 2060/2060/2060 2059/2059/2059
f 2032/2032/2032 2033/2033/2033 2061/2061/2061
f 2032/2032/2032 2061/2061/2061 2060/2060/2060
f 2033/2033/2033 2006/2006/2006 2034/2034/2034
f 2033/2033/2033 2034/2034/2034 2061/2061/2061
f 2034/2034/2034 2035/2035/2035 2063/2063/2063
f 2034/2034/2034 2063/2063/2063 2062/2062/2062
f 2035/2035/2035 2036/2036/2036 2064/2064/2064
f 2035/2035/2035 2064/2064/2064 2063/2063/2063
f 2036/2036/2036 2037/2037/2037 2065/2065/2065
f 2036/2036/2036 2065/2065/2065 2064/2064/2064
f 2037/2037/2037 2038/2038/2038 2066/2066/2066
f 2037/2037/2037 2066/2066/2066 2065/2065/2065
f 2038/2038/2038 2039/2039/2039 2067/2067/2067
f 2038/2038/2038 2067/2067/2067 2066/2066/2066
f 2039/2039/2039 2040/2040/2040 2068/2068/2068
f 2039/2039/2039 2068/2068/2068 2067/2067/2067
f 2040/2040/2040 2041/2041/2041 2069/2069/2069
f 2040/2040/2040 2069/2069/2069 2068/2068/2068
f 2041/2041/2041 2042/2042/2042 2070/2070/2070
f 2041/2041/2041 2070/2070/2070 2069/2069/2069
f 2042/2042/2042 2043/2043/2043 2071/2071/2071
f 2042/2042/2042 2071/2071/2071 2070/2070/2070
f 2043/2043/2043 2044/2044/2044 2072/2072/2072
f 2043/2043/2043 2072/2072/2072 2071/2071/2071
f 2044/2044/2044 2045/2045/2045 2073/2073/2073
f 2044/2044/2044 2073/2073/2073 2072/2072/2072
f 2045/2045/2045 2046/2046/2046 2074/2074/2074
f 2045/2045/2045 2074/2074/2074 2073/2073/2073
f 2046/2046/2046 2047/2047/2047 2075/2075/2075
f 2046/2046/2046 2075/2075/2075 2074/2074/2074
f 2047/2047/2047 2048/2048/2048 2076/2076/2076
f 2047/2047/2047 2076/2076/2076 2075/2075/2075
f 2048/2048/2048 2049/2049/2049 2077/2077/2077
f 2048/2048/2048 2077/2077/2077 2076/2076/2076
f 2049/2049/2049 2050/2050/2050 2078/2078/2078
f 2049/2049/2049 2078/2078/2078 2077/2077/2077
f 2050/2050/2050 2051/2051/2051 2079/2079/2079
f 2050/2050/2050 2079/2079/2079 2078/2078/2078
f 2051/2051/2051 2052/2052/2052 2080/2080/2080
f 2051/2051/2051 2080/2080/2080 2079/2079/2079
f 2052/2052/2052 2053/2053/2053 2081/2081/2081
f 2052/2052/2052 2081/2081/2081 2080/2080/2080
f 2053/2053/2053 2054/2054/2054 2082/2082/2082
f 2053/2053/2053 2082/2082/2082 2081/2081/2081
f 2054/2054/2054 2055/2055/2055 2083/2083/2083
f 2054/2054/2054 2083/2083/2083 2082/2082/2082
f 2055/2055/2055 2056/2056/2056 2084/2084/2084
f 2055/2055/2055 2084/2084/2084 2083/2083/2083
f 2056/2056/2056 2057/2057/2057 2085/2085/2085
f 2056/2056/2056 2085/2085/2085 2084/2084/2084
f 2057/2057/2057 2058/2058/2058 2086/2086/2086
f 2057/2057/2057 2086/2086/2086 2085/2085/2085
f 2058/2058/2058 2059/2059/2059 2087/2087/2087
f 2058/2058/2058 2087/2087/2087 2086/2086/2086
f 2059/2059/2059 2060/2060/2060 2088/2088/2088
f 2059/2059/2059 2088/2088/2088 2087/2087/2087
f 2060/2060/2060 2061/2061/2061 2089/2089/2089
f 2060/2060/2060 2089/2089/2089 2088/2088/2088
f 2061/2061/2061 2034/2034/2034 2062/2062/2062
f 2061/2061/2061 2062/2062/2062 2089/2089/2089
f 2062/2062/2062 2063/2063/2063 2091/2091/2091
f 2062/2062/2062 2091/2091/2091 2090/2090/2090
f 2063/2063/2063 2064/2064/2064 2092/2092/2092
f 2063/2063/2063 2092/2092/2092 2091/2091/2091
f 2064/2064/2064 2065/2065/2065 2093/2093/2093
f 2064/2064/2064 2093/2093/2093 2092/2092/2092
f 2065/2065/2065 2066/2066/2066 2094/2094/2094
f 2065/2065/2065 2094/2094/2094 2093/2093/2093
f 2066/2066/2066 2067/2067/2067 2095/2095/2095
f 2066/2066/2066 2095/2095/2095 2094/2094/2094
f 2067/2067/2067 2068/2068/2068 2096/2096/2096
f 2067/2067/2067 2096/2096/2096 2095/2095/2095
f 2068/2068/2068 2069/2069/2069 2097/2097/2097
f 2068/2068/2068 2097/2097/2097 2096/2096/2096
f 2069/2069/2069 2070/2070/2070 2098/2098/2098
f 2069/2069/2069 2098/2098/2098 2097/2097/2097
f 2070/2070/2070 2071/2071/2071 2099/2099/2099
f 2070/2070/2070 2099/2099/2099 2098/2098/2098
f 2071/2071/2071 2072/2072/2072 2100/2100/2100
f 2071/2071/2071 2100/2100/2100 2099/2099/2099
f 2072/2072/2072 2073/2073/2073 2101/2101/2101
f 2072/2072/2072 2101/2101/2101 2100/2100/2100
f 2073/2073/2073 2074/2074/2074 2102/2102/2102
f 2073/2073/2073 2102/2102/2102 2101/2101/2101
f 2074/2074/2074 2075/2075/2075 2103/2103/2103
f 2074/2074/2074 2103/2103/2103 2102/2102/2102
f 2075/2075/2075 2076/2076/2076 2104/2104/2104
f 2075/2075/2075 2104/2104/2104 2103/2103/2103
f 2076/2076/2076 2077/2077/2077 2105/2105/2105
f 2076/2076/2076 2105/2105/2105 2104/2104/2104
f 2077/2077/2077 2078/2078/2078 2106/2106/2106
f 2077/2077/2077 2106/2106/2106 2105/2105/2105
f 2078/2078/2078 2079/2079/2079 2107/2107/2107
f 2078/2078/2078 2107/2107/2107 2106/2106/2106
f 2079/2079/2079 2080/2080/2080 2108/2108/2108
f 2079/2079/2079 2108/2108/2108 2107/2107/2107
f 2080/2080/2080 2081/2081/2081 2109/2109/2109
f 2080/2080/2080 2109/2109/2109 2108/2108/2108
f 2081/2081/2081 2082/2082/2082 2110/2110/2110
f 2081/2081/2081 2110/2110/2110 2109/2109/2109
f 2082/2082/2082 2083/2083/2083 2111/2111/2111
f 2082/2082/2082 2111/2111/2111 2110/2110/2110
f 2083/2083/2083 2084/2084/2084 2112/2112/2112
f 2083/2083/2083 2112/2112/2112 2111/2111/2111
f 2084/2084/2084 2085/2085/2085 2113/2113/2113
f 2084/2084/2084 2113/2113/2113 2112/2112/2112
f 2085/2085/2085 2086/2086/2086 2114/2114/2114
f 2085/2085/2085 2114/2114/2114 2113/2113/2113
f 2086/2086/2086 2087/2087/2087 2115/2115/2115
f 2086/2086/2086 2115/2115/2115 2114/2114/2114
f 2087/2087/2087 2088/2088/2088 2116/2116/2116
f 2087/2087/2087 2116/2116/2116 2115/2115/2115
f 2088/2088/2088 2089/2089/2089 2117/2117/2117
f 2088/2088/2088 2117/2117/2117 2116/2116/2116
f 2089/2089/2089 2062/2062/2062 2090/2090/2090
f 2089/2089/2089 2090/2090/2090 2117/2117/2117
f 2090/2090/2090 2091/2091/2091 2119/2119/2119
f 2090/2090/2090 2119/2119/2119 2118/2118/2118
f 2091/2091/2091 2092/2092/2092 2120/2120/2120
f 2091/2091/2091 2120/2120/2120 2119/2119/2119
f 2092/2092/2092 2093/2093/2093 2121/2121/2121
f 2092/2092/2092 2121/2121/2121 2120/2120/2120
f 2093/2093/2093 2094/2094/2094 2122/2122/2122
f 2093/2093/2093 2122/2122/2122 2121/2121/2121
f 2094/2094/2094 2095/2095/2095 2123/2123/2123
f 2094/2094/2094 2123/2123/2123 2122/2122/2122
f 2095/2095/2095 2096/2096/2096 2124/2124/2124
f 2095/2095/2095 2124/2124/2124 2123/2123/2123
f 2096/2096/2096 2097/2097/2097 2125/2125/2125
f 2096/2096/2096 2125/2125/2125 2124/2124/2124
f 2097/2097/2097 2098/2098/2098 2126/2126/2126
f 2097/2097/2097 2126/2126/2126 2125/2125/2125
f 2098/2098/2098 2099/2099/2099 2127/2127/2127
f 2098/2098/2098 2127/2127/2127 2126/2126/2126
f 2099/2099/2099 2100/2100/2100 2128/2128/2128
f 2099/2099/2099 2128/2128/2128 2127/2127/2127
f 2100/2100/2100 2101/2101/2101 2129/2129/2129
f 2100/2100/2100 2129/2129/2129 2128/2128/2128
f 2101/2101/2101 2102/2102/2102 2130/2130/2130
f 2101/2101/2101 2130/2130/2130 2129/2129/2129
f 2102/2102/2102 2103/2103/2103 2131/2131/2131
f 2102/2102/2102 2131/2131/2131 2130/2130/2130
f 2103/2103/2103 2104/2104/2104 2132/2132/2132
f 2103/2103/2103 2132/2132/2132 2131/2131/2131
f 2104/2104/2104 2105/2105/2105 2133/2133/2133
f 2104/2104/2104 2133/2133/2133 2132/2132/2132
f 2105/2105/2105 2106/2106/2106 2134/2134/2134
f 2105/2105/2105 2134/2134/2134 2133/2133/2133
f 2106/2106/2106 2107/2107/2107 2135/2135/2135
f 2106/2106/2106 2135/2135/2135 2134/2134/2134
f 2107/2107/2107 2108/2108/2108 2136/2136/2136
f 2107/2107/2107 2136/2136/2136 2135/2135/2135
f 2108/2108/2108 2109/2109/2109 2137/2137/2137
f 2108/2108/2108 2137/2137/2137 2136/2136/2136
f 2109/2109/2109 2110/2110/2110 2138/2138/2138
f 2109/2109/2109 2138/2138/2138 2137/2137/2137
f 2110/2110/2110 2111/2111/2111 2139/2139/2139
f 2110/2110/2110 2139/2139/2139 2138/2138/2138
f 2111/2111/2111 2112/2112/2112 2140/2140/2140
f 2111/2111/2111 2140/2140/2140 2139/2139/2139
f 2112/2112/2112 2113/2113/2113 2141/2141/2141
f 2112/2112/2112 2141/2141/2141 2140/2140/2140
f 2113/2113/2113 2114/2114/2114 2142/2142/2142
f 2113/2113/2113 2142/2142/2142 2141/2141/2141
f 2114/2114/2114 2115/2115/2115 2143/2143/2143
f 2114/2114/2114 2143/2143/2143 2142/2142/2142
f 2115/2115/2115 2116/2116/2116 2144/2144/2144
f 2115/2115/2115 2144/2144/2144 2143/2143/2143
f 2116/2116/2116 2117/2117/2117 2145/2145/2145
f 2116/2116/2116 2145/2145/2145 2144/2144/2144
f 2117/2117/2117 2090/2090/2090 2118/2118/2118
f 2117/2117/2117 2118/2118/2118 2145/2145/2145
f 2118/2118/2118 2119/2119/2119 2147/2147/2147
f 2118/2118/2118 2147/2147/2147 2146/2146/2146
f 2119/2119/2119 2120/2120/2120 2148/2148/2148
f 2119/2119/2119 2148/2148/2148 2147/2147/2147
f 2120/2120/2120 2121/2121/2121 2149/2149/2149
f 2120/2120/2120 2149/2149/2149 2148/2148/2148
f 2121/2121/2121 2122/2122/2122 2150/2150/2150
f 2121/2121/2121 2150/2150/2150 2149/2149/2149
f 2122/2122/2122 2123/2123/2123 2151/2151/2151
f 2122/2122/2122 2151/2151/2151 2150/2150/2150
f 2123/2123/2123 2124/2124/2124 2152/2152/2152
f 2123/2123/2123 2152/2152/2152 2151/2151/2151
f 2124/2124/2124 2125/2125/2125 2153/2153/2153
f 2124/2124/2124 2153/2153/2153 2152/2152/2152
f 2125/2125/2125 2126/2126/2126 2154/2154/2154
f 2125/2125/2125 2154/2154/2154 2153/2153/2153
f 2126/2126/2126 2127/2127/2127 2155/2155/2155
f 2126/2126/2126 2155/2155/2155 2154/2154/2154
f 2127/2127/2127 2128/2128/2128 2156/2156/2156
f 2127/2127/2127 2156/2156/2156 2155/2155/2155
f 2128/2128/2128 2129/2129/2129 2157/2157/2157
f 2128/2128/2128 2157/2157/2157 2156/2156/2156
f 2129/2129/2129 2130/2130/2130 2158/2158/2158
f 2129/2129/2129 2158/2158/2158 2157/2157/2157
f 2130/2130/2130 2131/2131/2131 2159/2159/2159
f 2130/2130/2130 2159/2159/2159 2158/2158/2158
f 2131/2131/2131 2132/2132/2132 2160/2160/2160
f 2131/2131/2131 2160/2160/2160 2159/2159/2159
f 2132/2132/2132 2133/2133/2133 2161/2161/2161
f 2132/2132/2132 2161/2161/2161 2160/2160/2160
f 2133/2133/2133 2134/2134/2134 2162/2162/2162
f 2133/2133/2133 2162/2162/2162 2161/2161/2161
f 2134/2134/2134 2135/2135/2135 2163/2163/2163
f 2134/2134/2134 2163/2163/2163 2162/2162/2162
f 2135/2135/2135 2136/2136/2136 2164/2164/2164
f 2135/2135/2135 2164/2164/2164 2163/2163/2163
f 2136/2136/2136 2137/2137/2137 2165/2165/2165
f 2136/2136/2136 2165/2165/2165 2164/2164/2164
f 2137/2137/2137 2138/2138/2138 2166/2166/2166
f 2137/2137/2137 2166/2166/2166 2165/2165/2165
f 2138/2138/2138 2139/2139/2139 2167/2167/2167
f 2138/2138/2138 2167/2167/2167 2166/2166/2166
f 2139/2139/2139 2140/2140/2140 2168/2168/2168
f 2139/2139/2139 2168/2168/2168 2167/2167/2167
f 2140/2140/2140 2141/2141/2141 2169/2169/2169
f 2140/2140/2140 2169/2169/2169 2168/2168/2168
f 2141/2141/2141 2142/2142/2142 2170/2170/2170
f 2141/2141/2141 2170/2170/2170 2169/2169/2169
f 2142/2142/2142 2143/2143/2143 2171/2171/2171
f 2142/2142/2142 2171/2171/2171 2170/2170/2170
f 2143/2143/2143 2144/2144/2144 2172/2172/2172
f 2143/2143/2143 2172/2172/2172 2171/2171/2171
f 2144/2144/2144 2145/2145/2145 2173/2173/2173
f 2144/2144/2144 2173/2173/2173 2172/2172/2172
f 2145/2145/2145 2118/2118/2118 2146/2146/2146
f 2145/2145/2145 2146/2146/2146 2173/2173/2173
f 2146/2146/2146 2147/2147/2147 2175/2175/2175
f 2146/2146/2146 2175/2175/2175 2174/2174/2174
f 2147/2147/2147 2148/2148/2148 2176/2176/2176
f 2147/2147/2147 2176/2176/2176 2175/2175/2175
f 2148/2148/2148 2149/2149/2149 2177/2177/2177
f 2148/2148/2148 2177/2177/2177 2176/2176/2176
f 2149/2149/2149 2150/2150/2150 2178/2178/2178
f 2149/2149/2149 2178/2178/2178 2177/2177/2177
f 2150/2150/2150 2151/2151/2151 2179/2179/2179
f 2150/2150/2150 2179/2179/2179 2178/2178/2178
f 2151/2151/2151 2152/2152/2152 2180/2180/2180
f 2151/2151/2151 2180/2180/2180 2179/2179/2179
f 2152/2152/2152 2153/2153/2153 2181/2181/2181
f 2152/2152/2152 2181/2181/2181 2180/2180/2180
f 2153/2153/2153 2154/2154/2154 2182/2182/2182
f 2153/2153/2153 2182/2182/2182 2181/2181/2181
f 2154/2154/2154 2155/2155/2155 2183/2183/2183
f 2154/2154/2154 2183/2183/2183 2182/2182/2182
f 2155/2155/2155 2156/2156/2156 2184/2184/2184
f 2155/2155/2155 2184/2184/2184 2183/2183/2183
f 2156/2156/2156 2157/2157/2157 2185/2185/2185
f 2156/2156/2156 2185/2185/2185 2184/2184/2184
f 2157/2157/2157 2158/2158/2158 2186/2186/2186
f 2157/2157/2157 2186/2186/2186 2185/2185/2185
f 2158/2158/2158 2159/2159/2159 2187/2187/2187
f 2158/2158/2158 2187/2187/2187 2186/2186/2186
f 2159/2159/2159 2160/2160/2160 2188/2188/2188
f 2159/2159/2159 2188/2188/2188 2187/2187/2187
f 2160/2160/2160 2161/2161/2161 2189/2189/2189
f 2160/2160/2160 2189/2189/2189 2188/2188/2188
f 2161/2161/2161 2162/2162/2162 2190/2190/2190
f 2161/2161/2161 2190/2190/2190 2189/2189/2189
f 2162/2162/2162 2163/2163/2163 2191/2191/2191
f 2162/2162/2162 2191/2191/2191 2190/2190/2190
f 2163/2163/2163 2164/2164/2164 2192/2192/2192
f 2163/2163/2163 2192/2192/2192 2191/2191/2191
f 2164/2164/2164 2165/2165/2165 2193/2193/2193
f 2164/2164/2164 2193/2193/2193 2192/2192/2192
f 2165/2165/2165 2166/2166/2166 2194/2194/2194
f 2165/2165/2165 2194/2194/2194 2193/2193/2193
f 2166/2166/2166 2167/2167/2167 2195/2195/2195
f 2166/2166/2166 2195/2195/2195 2194/2194/2194
f 2167/2167/2167 2168/2168/2168 2196/2196/2196
f 2167/2167/2167 2196/2196/2196 2195/2195/2195
f 2168/2168/2168 2169/2169/2169 2197/2197/2197
f 2168/2168/2168 2197/2197/2197 2196/2196/2196
f 2169/2169/2169 2170/2170/2170 2198/2198/2198
f 2169/2169/2169 2198/2198/2198 2197/2197/2197
f 2170/2170/2170 2171/2171/2171 2199/2199/2199
f 2170/2170/2170 2199/2199/2199 2198/2198/2198
f 2171/2171/2171 2172/2172/2172 2200/2200/2200
f 2171/2171/2171 2200/2200/2200 2199/2199/2199
f 2172/2172/2172 2173/2173/2173 2201/2201/2201
f 2172/2172/2172 2201/2201/2201 2200/2200/2200
f 2173/2173/2173 2146/2146/2146 2174/2174/2174
f 2173/2173/2173 2174/2174/2174 2201/2201/2201
f 2174/2174/2174 2175/2175/2175 2203/2203/2203
f 2174/2174/2174 2203/2203/2203 2202/2202/2202
f 2175/2175/2175 2176/2176/2176 2204/2204/2204
f 2175/2175/2175 2204/2204/2204 2203/2203/2203
f 2176/2176/2176 2177/2177/2177 2205/2205/2205
f 2176/2176/2176 2205/2205/2205 2204/2204/2204
f 2177/2177/2177 2178/2178/2178 2206/2206/2206
f 2177/2177/2177 2206/2206/2206 2205/2205/2205
f 2178/2178/2178 2179/2179/2179 2207/2207/2207
f 2178/2178/2178 2207/2207/2207 2206/2206/2206
f 2179/2179/2179 2180/2180/2180 2208/2208/2208
f 2179/2179/2179 2208/2208/2208 2207/2207/2207
f 2180/2180/2180 2181/2181/2181 2209/2209/2209
f 2180/2180/2180 2209/2209/2209 2208/2208/2208
f 2181/2181/2181 2182/2182/2182 2210/2210/2210
f 2181/2181/2181 2210/2210/2210 2209/2209/2209
f 2182/2182/2182 2183/2183/2183 2211/2211/2211
f 2182/2182/2182 2211/2211/2211 2210/2210/2210
f 2183/2183/2183 2184/2184/2184 2212/2212/2212
f 2183/2183/2183 2212/2212/2212 2211/2211/2211
f 2184/2184/2184 2185/2185/2185 2213/2213/2213
f 2184/2184/2184 2213/2213/2213 2212/2212/2212
f 2185/2185/2185 2186/2186/2186 2214/2214/2214
f 2185/2185/2185 2214/2214/2214 2213/2213/2213
f 2186/2186/2186 2187/2187/2187 2215/2215/2215
f 2186/2186/2186 2215/2215/2215 2214/2214/2214
f 2187/2187/2187 2188/2188/2188 2216/2216/2216
f 2187/2187/2187 2216/2216/2216 2215/2215/2215
f 2188/2188/2188 2189/2189/2189 2217/2217/2217
f 2188/2188/2188 2217/2217/2217 2216/2216/2216
f 2189/2189/2189 2190/2190/2190 2218/2218/2218
f 2189/2189/2189 2218/2218/2218 2217/2217/2217
f 2190/2190/2190 2191/2191/2191 2219/2219/2219
f 2190/2190/2190 2219/2219/2219 2218/2218/2218
f 2191/2191/2191 2192/2192/2192 2220/2220/2220
f 2191/2191/2191 2220/2220/2220 2219/2219/2219
f 2192/2192/2192 2193/2193/2193 2221/2221/2221
f 2192/2192/2192 2221/2221/2221 2220/2220/2220
f 2193/2193/2193 2194/2194/2194 2222/2222/2222
f 2193/2193/2193 2222/2222/2222 2221/2221/2221
f 2194/2194/2194 2195/2195/2195 2223/2223/2223
f 2194/2194/2194 2223/2223/2223 2222/2222/2222
f 2195/2195/2195 2196/2196/2196 2224/2224/2224
f 2195/2195/2195 2224/2224/2224 2223/2223/2223
f 2196/2196/2196 2197/2197/2197 2225/2225/2225
f 2196/2196/2196 2225/2225/2225 2224/2224/2224
f 2197/2197/2197 2198/2198/2198 2226/2226/2226
f 2197/2197/2197 2226/2226/2226 2225/2225/2225
f 2198/2198/2198 2199/2199/2199 2227/2227/2227
f 2198/2198/2198 2227/2227/2227 2226/2226/2226
f 2199/2199/2199 2200/2200/2200 2228/2228/2228
f 2199/2199/2199 2228/2228/2228 2227/2227/2227
f 2200/2200/2200 2201/2201/2201 2229/2229/2229
f 2200/2200/2200 2229/2229/2229 2228/2228/2228
f 2201/2201/2201 2174/2174/2174 2202/2202/2202
f 2201/2201/2201 2202/2202/2202 2229/2229/2229
f 2202/2202/2202 2203/2203/2203 2231/2231/2231
f 2202/2202/2202 2231/2231/2231 2230/2230/2230
f 2203/2203/2203 2204/2204/2204 2232/2232/2232
f 2203/2203/2203 2232/2232/2232 2231/2231/2231
f 2204/2204/2204 2205/2205/2205 2233/2233/2233
f 2204/2204/2204 2233/2233/2233 2232/2232/2232
f 2205/2205/2205 2206/2206/2206 2234/2234/2234
f 2205/2205/2205 2234/2234/2234 2233/2233/2233
f 2206/2206/2206 2207/2207/2207 2235/2235/2235
f 2206/2206/2206 2235/2235/2235 2234/2234/2234
f 2207/2207/2207 2208/2208/2208 2236/2236/2236
f 2207/2207/2207 2236/2236/2236 2235/2235/2235
f 2208/2208/2208 2209/2209/2209 2237/2237/2237
f 2208/2208/2208 2237/2237/2237 2236/2236/2236
f 2209/2209/2209 2210/2210/2210 2238/2238/2238
f 2209/2209/2209 2238/2238/2238 2237/2237/2237
f 2210/2210/2210 2211/2211/2211 2239/2239/2239
f 2210/2210/2210 2239/2239/2239 2238/2238/2238
f 2211/2211/2211 2212/2212/2212 2240/2240/2240
f 2211/2211/2211 2240/2240/2240 2239/2239/2239
f 2212/2212/2212 2213/2213/2213 2241/2241/2241
f 2212/2212/2212 2241/2241/2241 2240/2240/2240
f 2213/2213/2213 2214/2214/2214 2242/2242/2242
f 2213/2213/2213 2242/2242/2242 2241/2241/2241
f 2214/2214/2214 2215/2215/2215 2243/2243/2243
f 2214/2214/2214 2243/2243/2243 2242/2242/2242
f 2215/2215/2215 2216/2216/2216 2244/2244/2244
f 2215/2215/2215 2244/2244/2244 2243/2243/2243
f 2216/2216/2216 2217/2217/2217 2245/2245/2245
f 2216/2216/2216 2245/2245/2245 2244/2244/2244
f 2217/2217/2217 2218/2218/2218 2246/2246/2246
f 2217/2217/2217 2246/2246/2246 2245/2245/2245
f 2218/2218/2218 2219/2219/2219 2247/2247/2247
f 2218/2218/2218 2247/2247/2247 2246/2246/2246
f 2219/2219/2219 2220/2220/2220 2248/2248/2248
f 2219/2219/2219 2248/2248/2248 2247/2247/2247
f 2220/2220/2220 2221/2221/2221 2249/2249/2249
f 2220/2220/2220 2249/2249/2249 2248/2248/2248
f 2221/2221/2221 2222/2222/2222 2250/2250/2250
f 2221/2221/2221 2250/2250/2250 2249/2249/2249
f 2222/2222/2222 2223/2223/2223 2251/2251/2251
f 2222/2222/2222 2251/2251/2251 2250/2250/2250
f 2223/2223/2223 2224/2224/2224 2252/2252/2252
f 2223/2223/2223 2252/2252/2252 2251/2251/2251
f 2224/2224/2224 2225/2225/2225 2253/2253/2253
f 2224/2224/2224 2253/2253/2253 2252/2252/2252
f 2225/2225/2225 2226/2226/2226 2254/2254/2254
f 2225/2225/2225 2254/2254/2254 2253/2253/2253
f 2226/2226/2226 2227/2227/2227 2255/2255/2255
f 2226/2226/2226 2255/2255/2255 2254/2254/2254
f 2227/2227/2227 2228/2228/2228 2256/2256/2256
f 2227/2227/2227 2256/2256/2256 2255/2255/2255
f 2228/2228/2228 2229/2229/2229 2257/2257/2257
f 2228/2228/2228 2257/2257/2257 2256/2256/2256
f 2229/2229/2229 2202/2202/2202 2230/2230/2230
f 2229/2229/2229 2230/2230/2230 2257/2257/2257
f 2258/2258/2258 2260/2260/2260 2259/2259/2259
f 2258/2258/2258 2261/2261/2261 2260/2260/2260
f 2258/2258/2258 2262/2262/2262 2261/2261/2261
f 2258/2258/2258 2263/2263/2263 2262/2262/2262
f 2258/2258/2258 2264/2264/2264 2263/2263/2263
f 2258/2258/2258 2265/2265/2265 2264/2264/2264
f 2258/2258/2258 2266/2266/2266 2265/2265/2265
f 2258/2258/2258 2267/2267/2267 2266/2266/2266
f 2258/2258/2258 2268/2268/2268 2267/2267/2267
f 2258/2258/2258 2269/2269/2269 2268/2268/2268
f 2258/2258/2258 2270/2270/2270 2269/2269/2269
f 2258/2258/2258 2271/2271/2271 2270/2270/2270
f 2258/2258/2258 2272/2272/2272 2271/2271/2271
f 2258/2258/2258 2273/2273/2273 2272/2272/2272
f 2258/2258/2258 2274/2274/2274 2273/2273/2273
f 2258/2258/2258 2275/2275/2275 2274/2274/2274
f 2258/2258/2258 2276/2276/2276 2275/2275/2275
f 2258/2258/2258 2277/2277/2277 2276/2276/2276
f 2258/2258/2258 2278/2278/2278 2277/2277/2277
f 2258/2258/2258 2279/2279/2279 2278/2278/2278
f 2258/2258/2258 2280/2280/2280 2279/2279/2279
f 2258/2258/2258 2281/2281/2281 2280/2280/2280
f 2258/2258/2258 2282/2282/2282 2281/2281/2281
f 2258/2258/2258 2283/2283/2283 2282/2282/2282
f 2258/2258/2258 2284/2284/2284 2283/2283/2283
f 2258/2258/2258 2285/2285/2285 2284/2284/2284
f 2258/2258/2258 2286/2286/2286 2285/2285/2285
f 2258/2258/2258 2259/2259/2259 2286/2286/2286
f 2287/2287/2287 2288/2288/2288 2300/2300/2300
f 2287/2287/2287 2300/2300/2300 2299/2299/2299
f 2288/2288/2288 2289/2289/2289 2301/2301/2301
f 2288/2288/2288 2301/2301/2301 2300/2300/2300
f 2289/2289/2289 2290/2290/2290 2302/2302/2302
f 2289/2289/2289 2302/2302/2302 2301/2301/2301
f 2290/2290/2290 2291/2291/2291 2303/2303/2303
f 2290/2290/2290 2303/2303/2303 2302/2302/2302
f 2291/2291/2291 2292/2292/2292 2304/2304/2304
f 2291/2291/2291 2304/2304/2304 2303/2303/2303
f 2292/2292/2292 2293/2293/2293 2305/2305/2305
f 2292/2292/2292 2305/2305/2305 2304/2304/2304
f 2293/2293/2293 2294/2294/2294 2306/2306/2306
f 2293/2293/2293 2306/2306/2306 2305/2305/2305
f 2294/2294/2294 2295/2295/2295 2307/2307/2307
f 2294/2294/2294 2307/2307/2307 2306/2306/2306
f 2295/2295/2295 2296/2296/2296 2308/2308/2308
f 2295/2295/2295 2308/2308/2308 2307/2307/2307
f 2296/2296/2296 2297/2297/2297 2309/2309/2309
f 2296/2296/2296 2309/2309/2309 2308/2308/2308
f 2297/2297/2297 2298/2298/2298 2310/2310/2310
f 2297/2297/2297 2310/2310/2310 2309/2309/2309
f 2298/2298/2298 2287/2287/2287 2299/2299/2299
f 2298/2298/2298 2299/2299/2299 2310/2310/2310
f 2299/2299/2299 2300/2300/2300 2312/2312/2312
f 2299/2299/2299 2312/2312/2312 2311/2311/2311
f 2300/2300/2300 2301/2301/2301 2313/2313/2313
f 2300/2300/2300 2313/2313/2313 2312/2312/2312
f 2301/2301/2301 2302/2302/2302 2314/2314/2314
f 2301/2301/2301 2314/2314/2314 2313/2313/2313
f 2302/2302/2302 2303/2303/2303 2315/2315/2315
f 2302/2302/2302 2315/2315/2315 2314/2314/2314
f 2303/2303/2303 2304/2304/2304 2316/2316/2316
f 2303/2303/2303 2316/2316/2316 2315/2315/2315
f 2304/2304/2304 2305/2305/2305 2317/2317/2317
f 2304/2304/2304 2317/2317/2317 2316/2316/2316
f 2305/2305/2305 2306/2306/2306 2318/2318/2318
f 2305/2305/2305 2318/2318/2318 2317/2317/2317
f 2306/2306/2306 2307/2307/2307 2319/2319/2319
f 2306/2306/2306 2319/2319/2319 2318/2318/2318
f 2307/2307/2307 2308/2308/2308 2320/2320/2320
f 2307/2307/2307 2320/2320/2320 2319/2319/2319
f 2308/2308/2308 2309/2309/2309 2321/2321/2321
f 2308/2308/2308 2321/2321/2321 2320/2320/2320
f 2309/2309/2309 2310/2310/2310 2322/2322/2322
f 2309/2309/2309 2322/2322/2322 2321/2321/2321
f 2310/2310/2310 2299/2299/2299 2311/2311/2311
f 2310/2310/2310 2311/2311/2311 2322/2322/2322
f 2311/2311/2311 2312/2312/2312 2324/2324/2324
f 2311/2311/2311 2324/2324/2324 2323/2323/2323
f 2312/2312/2312 2313/2313/2313 2325/2325/2325
f 2312/2312/2312 2325/2325/2325 2324/2324/2324
f 2313/2313/2313 2314/2314/2314 2326/2326/2326
f 2313/2313/2313 2326/2326/2326 2325/2325/2325
f 2314/2314/2314 2315/2315/2315 2327/2327/2327
f 2314/2314/2314 2327/2327/2327 2326/2326/2326
f 2315/2315/2315 2316/2316/2316 2328/2328/2328
f 2315/2315/2315 2328/2328/2328 2327/2327/2327
f 2316/2316/2316 2317/2317/2317 2329/2329/2329
f 2316/2316/2316 2329/2329/2329 2328/2328/2328
f 2317/2317/2317 2318/2318/2318 2330/2330/2330
f 2317/2317/2317 2330/2330/2330 2329/2329/2329
f 2318/2318/2318 2319/2319/2319 2331/2331/2331
f 2318/2318/2318 2331/2331/2331 2330/2330/2330
f 2319/2319/2319 2320/2320/2320 2332/2332/2332
f 2319/2319/2319 2332/2332/2332 2331/2331/2331
f 2320/2320/2320 2321/2321/2321 2333/2333/2333
f 2320/2320/2320 2333/2333/2333 2332/2332/2332
f 2321/2321/2321 2322/2322/2322 2334/2334/2334
f 2321/2321/2321 2334/2334/2334 2333/2333/2333
f 2322/2322/2322 2311/2311/2311 2323/2323/2323
f 2322/2322/2322 2323/2323/2323 2334/2334/2334
f 2323/2323/2323 2324/2324/2324 2336/2336/2336
f 2323/2323/2323 2336/2336/2336 2335/2335/2335
f 2324/2324/2324 2325/2325/2325 2337/2337/2337
f 2324/2324/2324 2337/2337/2337 2336/2336/2336
f 2325/2325/2325 2326/2326/2326 2338/2338/2338
f 2325/2325/2325 2338/2338/2338 2337/2337/2337
f 2326/2326/2326 2327/2327/2327 2339/2339/2339
f 2326/2326/2326 2339/2339/2339 2338/2338/2338
f 2327/2327/2327 2328/2328/2328 2340/2340/2340
f 2327/2327/2327 2340/2340/2340 2339/2339/2339
f 2328/2328/2328 2329/2329/2329 2341/2341/2341
f 2328/2328/2328 2341/2341/2341 2340/2340/2340
f 2329/2329/2329 2330/2330/2330 2342/2342/2342
f 2329/2329/2329 2342/2342/2342 2341/2341/2341
f 2330/2330/2330 2331/2331/2331 2343/2343/2343
f 2330/2330/2330 2343/2343/2343 2342/2342/2342
f 2331/2331/2331 2332/2332/2332 2344/2344/2344
f 2331/2331/2331 2344/2344/2344 2343/2343/2343
f 2332/2332/2332 2333/2333/2333 2345/2345/2345
f 2332/2332/2332 2345/2345/2345 2344/2344/2344
f 2333/2333/2333 2334/2334/2334 2346/2346/2346
f 2333/2333/2333 2346/2346/2346 2345/2345/2345
f 2334/2334/2334 2323/2323/2323 2335/2335/2335
f 2334/2334/2334 2335/2335/2335 2346/2346/2346
f 2335/2335/2335 2336/2336/2336 2348/2348/2348
f 2335/2335/2335 2348/2348/2348 2347/2347/2347
f 2336/2336/2336 2337/2337/2337 2349/2349/2349
f 2336/2336/2336 2349/2349/2349 2348/2348/2348
f 2337/2337/2337 2338/2338/2338 2350/2350/2350
f 2337/2337/2337 2350/2350/2350 2349/2349/2349
f 2338/2338/2338 2339/2339/2339 2351/2351/2351
f 2338/2338/2338 2351/2351/2351 2350/2350/2350
f 2339/2339/2339 2340/2340/2340 2352/2352/2352
f 2339/2339/2339 2352/2352/2352 2351/2351/2351
f 2340/2340/2340 2341/2341/2341 2353/2353/2353
f 2340/2340/2340 2353/2353/2353 2352/2352/2352
f 2341/2341/2341 2342/2342/2342 2354/2354/2354
f 2341/2341/2341 2354/2354/2354 2353/2353/2353
f 2342/2342/2342 2343/2343/2343 2355/2355/2355
f 2342/2342/2342 2355/2355/2355 2354/2354/2354
f 2343/2343/2343 2344/2344/2344 2356/2356/2356
f 2343/2343/2343 2356/2356/2356 2355/2355/2355
f 2344/2344/2344 2345/2345/2345 2357/2357/2357
f 2344/2344/2344 2357/2357/2357 2356/2356/2356
f 2345/2345/2345 2346/2346/2346 2358/2358/2358
f 2345/2345/2345 2358/2358/2358 2357/2357/2357
f 2346/2346/2346 2335/2335/2335 2347/2347/2347
f 2346/2346/2346 2347/2347/2347 2358/2358/2358
f 2347/2347/2347 2348/2348/2348 2360/2360/2360
f 2347/2347/2347 2360/2360/2360 2359/2359/2359
f 2348/2348/2348 2349/2349/2349 2361/2361/2361
f 2348/2348/2348 2361/2361/2361 2360/2360/2360
f 2349/2349/2349 2350/2350/2350 2362/2362/2362
f 2349/2349/2349 2362/2362/2362 2361/2361/2361
f 2350/2350/2350 2351/2351/2351 2363/2363/2363
f 2350/2350/2350 2363/2363/2363 2362/2362/2362
f 2351/2351/2351 2352/2352/2352 2364/2364/2364
f 2351/2351/2351 2364/2364/2364 2363/2363/2363
f 2352/2352/2352 2353/2353/2353 2365/2365/2365
f 2352/2352/2352 2365/2365/2365 2364/2364/2364
f 2353/2353/2353 2354/2354/2354 2366/2366/2366
f 2353/2353/2353 2366/2366/2366 2365/2365/2365
f 2354/2354/2354 2355/2355/2355 2367/2367/2367
f 2354/2354/2354 2367/2367/2367 2366/2366/2366
f 2355/2355/2355 2356/2356/2356 2368/2368/2368
f 2355/2355/2355 2368/2368/2368 2367/2367/2367
f 2356/2356/2356 2357/2357/2357 2369/2369/2369
f 2356/2356/2356 2369/2369/2369 2368/2368/2368
f 2357/2357/2357 2358/2358/2358 2370/2370/2370
f 2357/2357/2357 2370/2370/2370 2369/2369/2369
f 2358/2358/2358 2347/2347/2347 2359/2359/2359
f 2358/2358/2358 2359/2359/2359 2370/2370/2370
f 2359/2359/2359 2360/2360/2360 2372/2372/2372
f 2359/2359/2359 2372/2372/2372 2371/2371/2371
f 2360/2360/2360 2361/2361/2361 2373/2373/2373
f 2360/2360/2360 2373/2373/2373 2372/2372/2372
f 2361/2361/2361 2362/2362/2362 2374/2374/2374
f 2361/2361/2361 2374/2374/2374 2373/2373/2373
f 2362/2362/2362 2363/2363/2363 2375/2375/2375
f 2362/2362/2362 2375/2375/2375 2374/2374/2374
f 2363/2363/2363 2364/2364/2364 2376/2376/2376
f 2363/2363/2363 2376/2376/2376 2375/2375/2375
f 2364/2364/2364 2365/2365/2365 2377/2377/2377
f 2364/2364/2364 2377/2377/2377 2376/2376/2376
f 2365/2365/2365 2366/2366/2366 2378/2378/2378
f 2365/2365/2365 2378/2378/2378 2377/2377/2377
f 2366/2366/2366 2367/2367/2367 2379/2379/2379
f 2366/2366/2366 2379/2379/2379 2378/2378/2378
f 2367/2367/2367 2368/2368/2368 2380/2380/2380
f 2367/2367/2367 2380/2380/2380 2379/2379/2379
f 2368/2368/2368 2369/2369/2369 2381/2381/2381
f 2368/2368/2368 2381/2381/2381 2380/2380/2380
f 2369/2369/2369 2370/2370/2370 2382/2382/2382
f 2369/2369/2369 2382/2382/2382 2381/2381/2381
f 2370/2370/2370 2359/2359/2359 2371/2371/2371
f 2370/2370/2370 2371/2371/2371 2382/2382/2382
f 2371/2371/2371 2372/2372/2372 2384/2384/2384
f 2371/2371/2371 2384/2384/2384 2383/2383/2383
f 2372/2372/2372 2373/2373/2373 2385/2385/2385
f 2372/2372/2372 2385/2385/2385 2384/2384/2384
f 2373/2373/2373 2374/2374/2374 2386/2386/2386
f 2373/2373/2373 2386/2386/2386 2385/2385/2385
f 2374/2374/2374 2375/2375/2375 2387/2387/2387
f 2374/2374/2374 2387/2387/2387 2386/2386/2386
f 2375/2375/2375 2376/2376/2376 2388/2388/2388
f 2375/2375/2375 2388/2388/2388 2387/2387/2387
f 2376/2376/2376 2377/2377/2377 2389/2389/2389
f 2376/2376/2376 2389/2389/2389 2388/2388/2388
f 2377/2377/2377 2378/2378/2378 2390/2390/2390
f 2377/2377/2377 2390/2390/2390 2389/2389/2389
f 2378/2378/2378 2379/2379/2379 2391/2391/2391
f 2378/2378/2378 2391/2391/2391 2390/2390/2390
f 2379/2379/2379 2380/2380/2380 2392/2392/2392
f 2379/2379/2379 2392/2392/2392 2391/2391/2391
f 2380/2380/2380 2381/2381/2381 2393/2393/2393
f 2380/2380/2380 2393/2393/2393 2392/2392/2392
f 2381/2381/2381 2382/2382/2382 2394/2394/2394
f 2381/2381/2381 2394/2394/2394 2393/2393/2393
f 2382/2382/2382 2371/2371/2371 2383/2383/2383
f 2382/2382/2382 2383/2383/2383 2394/2394/2394
f 2383/2383/2383 2384/2384/2384 2396/2396/2396
f 2383/2383/2383 2396/2396/2396 2395/2395/2395
f 2384/2384/2384 2385/2385/2385 2397/2397/2397
f 2384/2384/2384 2397/2397/2397 2396/2396/2396
f 2385/2385/2385 2386/2386/2386 2398/2398/2398
f 2385/2385/2385 2398/2398/2398 2397/2397/2397
f 2386/2386/2386 2387/2387/2387 2399/2399/2399
f 2386/2386/2386 2399/2399/2399 2398/2398/2398
f 2387/2387/2387 2388/2388/2388 2400/2400/2400
f 2387/2387/2387 2400/2400/2400 2399/2399/2399
f 2388/2388/2388 2389/2389/2389 2401/2401/2401
f 2388/2388/2388 2401/2401/2401 2400/2400/2400
f 2389/2389/2389 2390/2390/2390 2402/2402/2402
f 2389/2389/2389 2402/2402/2402 2401/2401/2401
f 2390/2390/2390 2391/2391/2391 2403/2403/2403
f 2390/2390/2390 2403/2403/2403 2402/2402/2402
f 2391/2391/2391 2392/2392/2392 2404/2404/2404
f 2391/2391/2391 2404/2404/2404 2403/2403/2403
f 2392/2392/2392 2393/2393/2393 2405/2405/2405
f 2392/2392/2392 2405/2405/2405 2404/2404/2404
f 2393/2393/2393 2394/2394/2394 2406/2406/2406
f 2393/2393/2393 2406/2406/2406 2405/2405/2405
f 2394/2394/2394 2383/2383/2383 2395/2395/2395
f 2394/2394/2394 2395/2395/2395 2406/2406/2406
f 2395/2395/2395 2396/2396/2396 2408/2408/2408
f 2395/2395/2395 2408/2408/2408 2407/2407/2407
f 2396/2396/2396 2397/2397/2397 2409/2409/2409
f 2396/2396/2396 2409/2409/2409 2408/2408/2408
f 2397/2397/2397 2398/2398/2398 2410/2410/2410
f 2397/2397/2397 2410/2410/2410 2409/2409/2409
f 2398/2398/2398 2399/2399/2399 2411/2411/2411
f 2398/2398/2398 2411/2411/2411 2410/2410/2410
f 2399/2399/2399 2400/2400/2400 2412/2412/2412
f 2399/2399/2399 2412/2412/2412 2411/2411/2411
f 2400/2400/2400 2401/2401/2401 2413/2413/2413
f 2400/2400/2400 2413/2413/2413 2412/2412/2412
f 2401/2401/2401 2402/2402/2402 2414/2414/2414
f 2401/2401/2401 2414/2414/2414 2413/2413/2413
f 2402/2402/2402 2403/2403/2403 2415/2415/2415
f 2402/2402/2402 2415/2415/2415 2414/2414/2414
f 2403/2403/2403 2404/2404/2404 2416/2416/2416
f 2403/2403/2403 2416/2416/2416 2415/2415/2415
f 2404/2404/2404 2405/2405/2405 2417/2417/2417
f 2404/2404/2404 2417/2417/2417 2416/2416/2416
f 2405/2405/2405 2406/2406/2406 2418/2418/2418
f 2405/2405/2405 2418/2418/2418 2417/2417/2417
f 2406/2406/2406 2395/2395/2395 2407/2407/2407
f 2406/2406/2406 2407/2407/2407 2418/2418/2418
f 2407/2407/2407 2408/2408/2408 2420/2420/2420
f 2407/2407/2407 2420/2420/2420 2419/2419/2419
f 2408/2408/2408 2409/2409/2409 2421/2421/2421
f 2408/2408/2408 2421/2421/2421 2420/2420/2420
f 2409/2409/2409 2410/2410/2410 2422/2422/2422
f 2409/2409/2409 2422/2422/2422 2421/2421/2421
f 2410/2410/2410 2411/2411/2411 2423/2423/2423
f 2410/2410/2410 2423/2423/2423 2422/2422/2422
f 2411/2411/2411 2412/2412/2412 2424/2424/2424
f 2411/2411/2411 2424/2424/2424 2423/2423/2423
f 2412/2412/2412 2413/2413/2413 2425/2425/2425
f 2412/2412/2412 2425/2425/2425 2424/2424/2424
f 2413/2413/2413 2414/2414/2414 2426/2426/2426
f 2413/2413/2413 2426/2426/2426 2425/2425/2425
f 2414/2414/2414 2415/2415/2415 2427/2427/2427
f 2414/2414/2414 2427/2427/2427 2426/2426/2426
f 2415/2415/2415 2416/2416/2416 2428/2428/2428
f 2415/2415/2415 2428/2428/2428 2427/2427/2427
f 2416/2416/2416 2417/2417/2417 2429/2429/2429
f 2416/2416/2416 2429/2429/2429 2428/2428/2428
f 2417/2417/2417 2418/2418/2418 2430/2430/2430
f 2417/2417/2417 2430/2430/2430 2429/2429/2429
f 2418/2418/2418 2407/2407/2407 2419/2419/2419
f 2418/2418/2418 2419/2419/2419 2430/2430/2430
f 2419/2419/2419 2420/2420/2420 2432/2432/2432
f 2419/2419/2419 2432/2432/2432 2431/2431/2431
f 2420/2420/2420 2421/2421/2421 2433/2433/2433
f 2420/2420/2420 2433/2433/2433 2432/2432/2432
f 2421/2421/2421 2422/2422/2422 2434/2434/2434
f 2421/2421/2421 2434/2434/2434 2433/2433/2433
f 2422/2422/2422 2423/2423/2423 2435/2435/2435
f 2422/2422/2422 2435/2435/2435 2434/2434/2434
f 2423/2423/2423 2424/2424/2424 2436/2436/2436
f 2423/2423/2423 2436/2436/2436 2435/2435/2435
f 2424/2424/2424 2425/2425/2425 2437/2437/2437
f 2424/2424/2424 2437/2437/2437 2436/2436/2436
f 2425/2425/2425 2426/2426/2426 2438/2438/2438
f 2425/2425/2425 2438/2438/2438 2437/2437/2437
f 2426/2426/2426 2427/2427/2427 2439/2439/2439
f 2426/2426/2426 2439/2439/2439 2438/2438/2438
f 2427/2427/2427 2428/2428/2428 2440/2440/2440
f 2427/2427/2427 2440/2440/2440 2439/2439/2439
f 2428/2428/2428 2429/2429/2429 2441/2441/2441
f 2428/2428/2428 2441/2441/2441 2440/2440/2440
f 2429/2429/2429 2430/2430/2430 2442/2442/2442
f 2429/2429/2429 2442/2442/2442 2441/2441/2441
f 2430/2430/2430 2419/2419/2419 2431/2431/2431
f 2430/2430/2430 2431/2431/2431 2442/2442/2442
f 2431/2431/2431 2432/2432/2432 2444/2444/2444
f 2431/2431/2431 2444/2444/2444 2443/2443/2443
f 2432/2432/2432 2433/2433/2433 2445/2445/2445
f 2432/2432/2432 2445/2445/2445 2444/2444/2444
f 2433/2433/2433 2434/2434/2434 2446/2446/2446
f 2433/2433/2433 2446/2446/2446 2445/2445/2445
f 2434/2434/2434 2435/2435/2435 2447/2447/2447
f 2434/2434/2434 2447/2447/2447 2446/2446/2446
f 2435/2435/2435 2436/2436/2436 2448/2448/2448
f 2435/2435/2435 2448/2448/2448 2447/2447/2447
f 2436/2436/2436 2437/2437/2437 2449/2449/2449
f 2436/2436/2436 2449/2449/2449 2448/2448/2448
f 2437/2437/2437 2438/2438/2438 2450/2450/2450
f 2437/2437/2437 2450/2450/2450 2449/2449/2449
f 2438/2438/2438 2439/2439/2439 2451/2451/2451
f 2438/2438/2438 2451/2451/2451 2450/2450/2450
f 2439/2439/2439 2440/2440/2440 2452/2452/2452
f 2439/2439/2439 2452/2452/2452 2451/2451/2451
f 2440/2440/2440 2441/2441/2441 2453/2453/2453
f 2440/2440/2440 2453/2453/2453 2452/2452/2452
f 2441/2441/2441 2442/2442/2442 2454/2454/2454
f 2441/2441/2441 2454/2454/2454 2453/2453/2453
f 2442/2442/2442 2431/2431/2431 2443/2443/2443
f 2442/2442/2442 2443/2443/2443 2454/2454/2454
f 2443/2443/2443 2444/2444/2444 2456/2456/2456
f 2443/2443/2443 2456/2456/2456 2455/2455/2455
f 2444/2444/2444 2445/2445/2445 2457/2457/2457
f 2444/2444/2444 2457/2457/2457 2456/2456/2456
f 2445/2445/2445 2446/2446/2446 2458/2458/2458
f 2445/2445/2445 2458/2458/2458 2457/2457/2457
f 2446/2446/2446 2447/2447/2447 2459/2459/2459
f 2446/2446/2446 2459/2459/2459 2458/2458/2458
f 2447/2447/2447 2448/2448/2448 2460/2460/2460
f 2447/2447/2447 2460/2460/2460 2459/2459/2459
f 2448/2448/2448 2449/2449/2449 2461/2461/2461
f 2448/2448/2448 2461/2461/2461 2460/2460/2460
f 2449/2449/2449 2450/2450/2450 2462/2462/2462
f 2449/2449/2449 2462/2462/2462 2461/2461/2461
f 2450/2450/2450 2451/2451/2451 2463/2463/2463
f 2450/2450/2450 2463/2463/2463 2462/2462/2462
f 2451/2451/2451 2452/2452/2452 2464/2464/2464
f 2451/2451/2451 2464/2464/2464 2463/2463/2463
f 2452/2452/2452 2453/2453/2453 2465/2465/2465
f 2452/2452/2452 2465/2465/2465 2464/2464/2464
f 2453/2453/2453 2454/2454/2454 2466/2466/2466
f 2453/2453/2453 2466/2466/2466 2465/2465/2465
f 2454/2454/2454 2443/2443/2443 2455/2455/2455
f 2454/2454/2454 2455/2455/2455 2466/2466/2466
f 2455/2455/2455 2456/2456/2456 2468/2468/2468
f 2455/2455/2455 2468/2468/2468 2467/2467/2467
f 2456/2456/2456 2457/2457/2457 2469/2469/2469
f 2456/2456/2456 2469/2469/2469 2468/2468/2468
f 2457/2457/2457 2458/2458/2458 2470/2470/2470
f 2457/2457/2457 2470/2470/2470 2469/2469/2469
f 2458/2458/2458 2459/2459/2459 2471/2471/2471
f 2458/2458/2458 2471/2471/2471 2470/2470/2470
f 2459/2459/2459 2460/2460/2460 2472/2472/2472
f 2459/2459/2459 2472/2472/2472 2471/2471/2471
f 2460/2460/2460 2461/2461/2461 2473/2473/2473
f 2460/2460/2460 2473/2473/2473 2472/2472/2472
f 2461/2461/2461 2462/2462/2462 2474/2474/2474
f 2461/2461/2461 2474/2474/2474 2473/2473/2473
f 2462/2462/2462 2463/2463/2463 2475/2475/2475
f 2462/2462/2462 2475/2475/2475 2474/2474/2474
f 2463/2463/2463 2464/2464/2464 2476/2476/2476
f 2463/2463/2463 2476/2476/2476 2475/2475/2475
f 2464/2464/2464 2465/2465/2465 2477/2477/2477
f 2464/2464/2464 2477/2477/2477 2476/2476/2476
f 2465/2465/2465 2466/2466/2466 2478/2478/2478
f 2465/2465/2465 2478/2478/2478 2477/2477/2477
f 2466/2466/2466 2455/2455/2455 2467/2467/2467
f 2466/2466/2466 2467/2467/2467 2478/2478/2478
f 2479/2479/2479 2480/2480/2480 2481/2481/2481
f 2479/2479/2479 2481/2481/2481 2482/2482/2482
f 2483/2483/2483 2484/2484/2484 2485/2485/2485
f 2483/2483/2483 2485/2485/2485 2486/2486/2486
f 2487/2487/2487 2488/2488/2488 2489/2489/2489
f 2487/2487/2487 2489/2489/2489 2490/2490/2490
f 2491/2491/2491 2492/2492/2492 2493/2493/2493
f 2491/2491/2491 2493/2493/2493 2494/2494/2494
f 2495/2495/2495 2496/2496/2496 2497/2497/2497
f 2495/2495/2495 2497/2497/2497 2498/2498/2498
f 2499/2499/2499 2500/2500/2500 2501/2501/2501
f 2499/2499/2499 2501/2501/2501 2502/2502/2502
f 2503/2503/2503 2504/2504/2504 2505/2505/2505
f 2503/2503/2503 2505/2505/2505 2506/2506/2506
f 2507/2507/2507 2510/2510/2510 2509/2509/2509
f 2507/2507/2507 2509/2509/2509 2508/2508/2508
f 2511/2511/2511 2514/2514/2514 2513/2513/2513
f 2511/2511/2511 2513/2513/2513 2512/2512/2512
f 2515/2515/2515 2518/2518/2518 2517/2517/2517
f 2515/2515/2515 2517/2517/2517 2516/2516/2516
f 2519/2519/2519 2522/2522/2522 2521/2521/2521
f 2519/2519/2519 2521/2521/2521 2520/2520/2520
f 2523/2523/2523 2526/2526/2526 2525/2525/2525
f 2523/2523/2523 2525/2525/2525 2524/2524/2524
f 2527/2527/2527 2528/2528/2528 2556/2556/2556
f 2527/2527/2527 2556/2556/2556 2555/2555/2555
f 2528/2528/2528 2529/2529/2529 2557/2557/2557
f 2528/2528/2528 2557/2557/2557 2556/2556/2556
f 2529/2529/2529 2530/2530/2530 2558/2558/2558
f 2529/2529/2529 2558/2558/2558 2557/2557/2557
f 2530/2530/2530 2531/2531/2531 2559/2559/2559
f 2530/2530/2530 2559/2559/2559 2558/2558/2558
f 2531/2531/2531 2532/2532/2532 2560/2560/2560
f 2531/2531/2531 2560/2560/2560 2559/2559/2559
f 2532/2532/2532 2533/2533/2533 2561/2561/2561
f 2532/2532/2532 2561/2561/2561 2560/2560/2560
f 2533/2533/2533 2534/2534/2534 2562/2562/2562
f 2533/2533/2533 2562/2562/2562 2561/2561/2561
f 2534/2534/2534 2535/2535/2535 2563/2563/2563
f 2534/2534/2534 2563/2563/2563 2562/2562/2562
f 2535/2535/2535 2536/2536/2536 2564/2564/2564
f 2535/2535/2535 2564/2564/2564 2563/2563/2563
f 2536/2536/2536 2537/2537/2537 2565/2565/2565
f 2536/2536/2536 2565/2565/2565 2564/2564/2564
f 2537/2537/2537 2538/2538/2538 2566/2566/2566
f 2537/2537/2537 2566/2566/2566 2565/2565/2565
f 2538/2538/2538 2539/2539/2539 2567/2567/2567
f 2538/2538/2538 2567/2567/2567 2566/2566/2566
f 2539/2539/2539 2540/2540/2540 2568/2568/2568
f 2539/2539/2539 2568/2568/2568 2567/2567/2567
f 2540/2540/2540 2541/2541/2541 2569/2569/2569
f 2540/2540/2540 2569/2569/2569 2568/2568/2568
f 2541/2541/2541 2542/2542/2542 2570/2570/2570
f 2541/2541/2541 2570/2570/2570 2569/2569/2569
f 2542/2542/2542 2543/2543/2543 2571/2571/2571
f 2542/2542/2542 2571/2571/2571 2570/2570/2570
f 2543/2543/2543 2544/2544/2544 2572/2572/2572
f 2543/2543/2543 2572/2572/2572 2571/2571/2571
f 2544/2544/2544 2545/2545/2545 2573/2573/2573
f 2544/2544/2544 2573/2573/2573 2572/2572/2572
f 2545/2545/2545 2546/2546/2546 2574/2574/2574
f 2545/2545/2545 2574/2574/2574 2573/2573/2573
f 2546/2546/2546 2547/2547/2547 2575/2575/2575
f 2546/2546/2546 2575/2575/2575 2574/2574/2574
f 2547/2547/2547 2548/2548/2548 2576/2576/2576
f 2547/2547/2547 2576/2576/2576 2575/2575/2575
f 2548/2548/2548 2549/2549/2549 2577/2577/2577
f 2548/2548/2548 2577/2577/2577 2576/2576/2576
f 2549/2549/2549 2550/2550/2550 2578/2578/2578
f 2549/2549/2549 2578/2578/2578 2577/2577/2577
f 2550/2550/2550 2551/2551/2551 2579/2579/2579
f 2550/2550/2550 2579/2579/2579 2578/2578/2578
f 2551/2551/2551 2552/2552/2552 2580/2580/2580
f 2551/2551/2551 2580/2580/2580 2579/2579/2579
f 2552/2552/2552 2553/2553/2553 2581/2581/2581
f 2552/2552/2552 2581/2581/2581 2580/2580/2580
f 2553/2553/2553 2554/2554/2554 2582/2582/2582
f 2553/2553/2553 2582/2582/2582 2581/2581/2581
f 2554/2554/2554 2527/2527/2527 2555/2555/2555
f 2554/2554/2554 2555/2555/2555 2582/2582/2582
f 2555/2555/2555 2556/2556/2556 2584/2584/2584
f 2555/2555/2555 2584/2584/2584 2583/2583/2583
f 2556/2556/2556 2557/2557/2557 2585/2585/2585
f 2556/2556/2556 2585/2585/2585 2584/2584/2584
f 2557/2557/2557 2558/2558/2558 2586/2586/2586
f 2557/2557/2557 2586/2586/2586 2585/2585/2585
f 2558/2558/2558 2559/2559/2559 2587/2587/2587
f 2558/2558/2558 2587/2587/2587 2586/2586/2586
f 2559/2559/2559 2560/2560/2560 2588/2588/2588
f 2559/2559/2559 2588/2588/2588 2587/2587/2587
f 2560/2560/2560 2561/2561/2561 2589/2589/2589
f 2560/2560/2560 2589/2589/2589 2588/2588/2588
f 2561/2561/2561 2562/2562/2562 2590/2590/2590
f 2561/2561/2561 2590/2590/2590 2589/2589/2589
f 2562/2562/2562 2563/2563/2563 2591/2591/2591
f 2562/2562/2562 2591/2591/2591 2590/2590/2590
f 2563/2563/2563 2564/2564/2564 2592/2592/2592
f 2563/2563/2563 2592/2592/2592 2591/2591/2591
f 2564/2564/2564 2565/2565/2565 2593/2593/2593
f 2564/2564/2564 2593/2593/2593 2592/2592/2592
f 2565/2565/2565 2566/2566/2566 2594/2594/2594
f 2565/2565/2565 2594/2594/2594 2593/2593/2593
f 2566/2566/2566 2567/2567/2567 2595/2595/2595
f 2566/2566/2566 2595/2595/2595 2594/2594/2594
f 2567/2567/2567 2568/2568/2568 2596/2596/2596
f 2567/2567/2567 2596/2596/2596 2595/2595/2595
f 2568/2568/2568 2569/2569/2569 2597/2597/2597
f 2568/2568/2568 2597/2597/2597 2596/2596/2596
f 2569/2569/2569 2570/2570/2570 2598/2598/2598
f 2569/2569/2569 2598/2598/2598 2597/2597/2597
f 2570/2570/2570 2571/2571/2571 2599/2599/2599
f 2570/2570/2570 2599/2599/2599 2598/2598/2598
f 2571/2571/2571 2572/2572/2572 2600/2600/2600
f 2571/2571/2571 2600/2600/2600 2599/2599/2599
f 2572/2572/2572 2573/2573/2573 2601/2601/2601
f 2572/2572/2572 2601/2601/2601 2600/2600/2600
f 2573/2573/2573 2574/2574/2574 2602/2602/2602
f 2573/2573/2573 2602/2602/2602 2601/2601/2601
f 2574/2574/2574 2575/2575/2575 2603/2603/2603
f 2574/2574/2574 2603/2603/2603 2602/2602/2602
f 2575/2575/2575 2576/2576/2576 2604/2604/2604
f 2575/2575/2575 2604/2604/2604 2603/2603/2603
f 2576/2576/2576 2577/2577/2577 2605/2605/2605
f 2576/2576/2576 2605/2605/2605 2604/2604/2604
f 2577/2577/2577 2578/2578/2578 2606/2606/2606
f 2577/2577/2577 2606/2606/2606 2605/2605/2605
f 2578/2578/2578 2579/2579/2579 2607/2607/2607
f 2578/2578/2578 2607/2607/2607 2606/2606/2606
f 2579/2579/2579 2580/2580/2580 2608/2608/2608
f 2579/2579/2579 2608/2608/2608 2607/2607/2607
f 2580/2580/2580 2581/2581/2581 2609/2609/2609
f 2580/2580/2580 2609/2609/2609 2608/2608/2608
f 2581/2581/2581 2582/2582/2582 2610/2610/2610
f 2581/2581/2581 2610/2610/2610 2609/2609/2609
f 2582/2582/2582 2555/2555/2555 2583/2583/2583
f 2582/2582/2582 2583/2583/2583 2610/2610/2610
f 2583/2583/2583 2584/2584/2584 2612/2612/2612
f 2583/2583/2583 2612/2612/2612 2611/2611/2611
f 2584/2584/2584 2585/2585/2585 2613/2613/2613
f 2584/2584/2584 2613/2613/2613 2612/2612/2612
f 2585/2585/2585 2586/2586/2586 2614/2614/2614
f 2585/2585/2585 2614/2614/2614 2613/2613/2613
f 2586/2586/2586 2587/2587/2587 2615/2615/2615
f 2586/2586/2586 2615/2615/2615 2614/2614/2614
f 2587/2587/2587 2588/2588/2588 2616/2616/2616
f 2587/2587/2587 2616/2616/2616 2615/2615/2615
f 2588/2588/2588 2589/2589/2589 2617/2617/2617
f 2588/2588/2588 2617/2617/2617 2616/2616/2616
f 2589/2589/2589 2590/2590/2590 2618/2618/2618
f 2589/2589/2589 2618/2618/2618 2617/2617/2617
f 2590/2590/2590 2591/2591/2591 2619/2619/2619
f 2590/2590/2590 2619/2619/2619 2618/2618/2618
f 2591/2591/2591 2592/2592/2592 2620/2620/2620
f 2591/2591/2591 2620/2620/2620 2619/2619/2619
f 2592/2592/2592 2593/2593/2593 2621/2621/2621
f 2592/2592/2592 2621/2621/2621 2620/2620/2620
f 2593/2593/2593 2594/2594/2594 2622/2622/2622
f 2593/2593/2593 2622/2622/2622 2621/2621/2621
f 2594/2594/2594 2595/2595/2595 2623/2623/2623
f 2594/2594/2594 2623/2623/2623 2622/2622/2622
f 2595/2595/2595 2596/2596/2596 2624/2624/2624
f 2595/2595/2595 2624/2624/2624 2623/2623/2623
f 2596/2596/2596 2597/2597/2597 2625/2625/2625
f 2596/2596/2596 2625/2625/2625 2624/2624/2624
f 2597/2597/2597 2598/2598/2598 2626/2626/2626
f 2597/2597/2597 2626/2626/2626 2625/2625/2625
f 2598/2598/2598 2599/2599/2599 2627/2627/2627
f 2598/2598/2598 2627/2627/2627 2626/2626/2626
f 2599/2599/2599 2600/2600/2600 2628/2628/2628
f 2599/2599/2599 2628/2628/2628 2627/2627/2627
f 2600/2600/2600 2601/2601/2601 2629/2629/2629
f 2600/2600/2600 2629/2629/2629 2628/2628/2628
f 2601/2601/2601 2602/2602/2602 2630/2630/2630
f 2601/2601/2601 2630/2630/2630 2629/2629/2629
f 2602/2602/2602 2603/2603/2603 2631/2631/2631
f 2602/2602/2602 2631/2631/2631 2630/2630/2630
f 2603/2603/2603 2604/2604/2604 2632/2632/2632
f 2603/2603/2603 2632/2632/2632 2631/2631/2631
f 2604/2604/2604 2605/2605/2605 2633/2633/2633
f 2604/2604/2604 2633/2633/2633 2632/2632/2632
f 2605/2605/2605 2606/2606/2606 2634/2634/2634
f 2605/2605/2605 2634/2634/2634 2633/2633/2633
f 2606/2606/2606 2607/2607/2607 2635/2635/2635
f 2606/2606/2606 2635/2635/2635 2634/2634/2634
f 2607/2607/2607 2608/2608/2608 2636/2636/2636
f 2607/2607/2607 2636/2636/2636 2635/2635/2635
f 2608/2608/2608 2609/2609/2609 2637/2637/2637
f 2608/2608/2608 2637/2637/2637 2636/2636/2636
f 2609/2609/2609 2610/2610/2610 2638/2638/2638
f 2609/2609/2609 2638/2638/2638 2637/2637/2637
f 2610/2610/2610 2583/2583/2583 2611/2611/2611
f 2610/2610/2610 2611/2611/2611 2638/2638/2638
f 2611/2611/2611 2612/2612/2612 2640/2640/2640
f 2611/2611/2611 2640/2640/2640 2639/2639/2639
f 2612/2612/2612 2613/2613/2613 2641/2641/2641
f 2612/2612/2612 2641/2641/2641 2640/2640/2640
f 2613/2613/2613 2614/2614/2614 2642/2642/2642
f 2613/2613/2613 2642/2642/2642 2641/2641/2641
f 2614/2614/2614 2615/2615/2615 2643/2643/2643
f 2614/2614/2614 2643/2643/2643 2642/2642/2642
f 2615/2615/2615 2616/2616/2616 2644/2644/2644
f 2615/2615/2615 2644/2644/2644 2643/2643/2643
f 2616/2616/2616 2617/2617/2617 2645/2645/2645
f 2616/2616/2616 2645/2645/2645 2644/2644/2644
f 2617/2617/2617 2618/2618/2618 2646/2646/2646
f 2617/2617/2617 2646/2646/2646 2645/2645/2645
f 2618/2618/2618 2619/2619/2619 2647/2647/2647
f 2618/2618/2618 2647/2647/2647 2646/2646/2646
f 2619/2619/2619 2620/2620/2620 2648/2648/2648
f 2619/2619/2619 2648/2648/2648 2647/2647/2647
f 2620/2620/2620 2621/2621/2621 2649/2649/2649
f 2620/2620/2620 2649/2649/2649 2648/2648/2648
f 2621/2621/2621 2622/2622/2622 2650/2650/2650
f 2621/2621/2621 2650/2650/2650 2649/2649/2649
f 2622/2622/2622 2623/2623/2623 2651/2651/2651
f 2622/2622/2622 2651/2651/2651 2650/2650/2650
f 2623/2623/2623 2624/2624/2624 2652/2652/2652
f 2623/2623/2623 2652/2652/2652 2651/2651/2651
f 2624/2624/2624 2625/2625/2625 2653/2653/2653
f 2624/2624/2624 2653/2653/2653 2652/2652/2652
f 2625/2625/2625 2626/2626/2626 2654/2654/2654
f 2625/2625/2625 2654/2654/2654 2653/2653/2653
f 2626/2626/2626 2627/2627/2627 2655/2655/2655
f 2626/2626/2626 2655/2655/2655 2654/2654/2654
f 2627/2627/2627 2628/2628/2628 2656/2656/2656
f 2627/2627/2627 2656/2656/2656 2655/2655/2655
f 2628/2628/2628 2629/2629/2629 2657/2657/2657
f 2628/2628/2628 2657/2657/2657 2656/2656/2656
f 2629/2629/2629 2630/2630/2630 2658/2658/2658
f 2629/2629/2629 2658/2658/2658 2657/2657/2657
f 2630/2630/2630 2631/2631/2631 2659/2659/2659
f 2630/2630/2630 2659/2659/2659 2658/2658/2658
f 2631/2631/2631 2632/2632/2632 2660/2660/2660
f 2631/2631/2631 2660/2660/2660 2659/2659/2659
f 2632/2632/2632 2633/2633/2633 2661/2661/2661
f 2632/2632/2632 2661/2661/2661 2660/2660/2660
f 2633/2633/2633 2634/2634/2634 2662/2662/2662
f 2633/2633/2633 2662/2662/2662 2661/2661/2661
f 2634/2634/2634 2635/2635/2635 2663/2663/2663
f 2634/2634/2634 2663/2663/2663 2662/2662/2662
f 2635/2635/2635 2636/2636/2636 2664/2664/2664
f 2635/2635/2635 2664/2664/2664 2663/2663/2663
f 2636/2636/2636 2637/2637/2637 2665/2665/2665
f 2636/2636/2636 2665/2665/2665 2664/2664/2664
f 2637/2637/2637 2638/2638/2638 2666/2666/2666
f 2637/2637/2637 2666/2666/2666 2665/2665/2665
f 2638/2638/2638 2611/2611/2611 2639/2639/2639
f 2638/2638/2638 2639/2639/2639 2666/2666/2666
f 2639/2639/2639 2640/2640/2640 2668/2668/2668
f 2639/2639/2639 2668/2668/2668 2667/2667/2667
f 2640/2640/2640 2641/2641/2641 2669/2669/2669
f 2640/2640/2640 2669/2669/2669 2668/2668/2668
f 2641/2641/2641 2642/2642/2642 2670/2670/2670
f 2641/2641/2641 2670/2670/2670 2669/2669/2669
f 2642/2642/2642 2643/2643/2643 2671/2671/2671
f 2642/2642/2642 2671/2671/2671 2670/2670/2670
f 2643/2643/2643 2644/2644/2644 2672/2672/2672
f 2643/2643/2643 2672/2672/2672 2671/2671/2671
f 2644/2644/2644 2645/2645/2645 2673/2673/2673
f 2644/2644/2644 2673/2673/2673 2672/2672/2672
f 2645/2645/2645 2646/2646/2646 2674/2674/2674
f 2645/2645/2645 2674/2674/2674 2673/2673/2673
f 2646/2646/2646 2647/2647/2647 2675/2675/2675
f 2646/2646/2646 2675/2675/2675 2674/2674/2674
f 2647/2647/2647 2648/2648/2648 2676/2676/2676
f 2647/2647/2647 2676/2676/2676 2675/2675/2675
f 2648/2648/2648 2649/2649/2649 2677/2677/2677
f 2648/2648/2648 2677/2677/2677 2676/2676/2676
f 2649/2649/2649 2650/2650/2650 2678/2678/2678
f 2649/2649/2649 2678/2678/2678 2677/2677/2677
f 2650/2650/2650 2651/2651/2651 2679/2679/2679
f 2650/2650/2650 2679/2679/2679 2678/2678/2678
f 2651/2651/2651 2652/2652/2652 2680/2680/2680
f 2651/2651/2651 2680/2680/2680 2679/2679/2679
f 2652/2652/2652 2653/2653/2653 2681/2681/2681
f 2652/2652/2652 2681/2681/2681 2680/2680/2680
f 2653/2653/2653 2654/2654/2654 2682/2682/2682
f 2653/2653/2653 2682/2682/2682 2681/2681/2681
f 2654/2654/2654 2655/2655/2655 2683/2683/2683
f 2654/2654/2654 2683/2683/2683 2682/2682/2682
f 2655/2655/2655 2656/2656/2656 2684/2684/2684
f 2655/2655/2655 2684/2684/2684 2683/2683/2683
f 2656/2656/2656 2657/2657/2657 2685/2685/2685
f 2656/2656/2656 2685/2685/2685 2684/2684/2684
f 2657/2657/2657 2658/2658/2658 2686/2686/2686
f 2657/2657/2657 2686/2686/2686 2685/2685/2685
f 2658/2658/2658 2659/2659/2659 2687/2687/2687
f 2658/2658/2658 2687/2687/2687 2686/2686/2686
f 2659/2659/2659 2660/2660/2660 2688/2688/2688
f 2659/2659/2659 2688/2688/2688 2687/2687/2687
f 2660/2660/2660 2661/2661/2661 2689/2689/2689
f 2660/2660/2660 2689/2689/2689 2688/2688/2688
f 2661/2661/2661 2662/2662/2662 2690/2690/2690
f 2661/2661/2661 2690/2690/2690 2689/2689/2689
f 2662/2662/2662 2663/2663/2663 2691/2691/2691
f 2662/2662/2662 2691/2691/2691 2690/2690/2690
f 2663/2663/2663 2664/2664/2664 2692/2692/2692
f 2663/2663/2663 2692/2692/2692 2691/2691/2691
f 2664/2664/2664 2665/2665/2665 2693/2693/2693
f 2664/2664/2664 2693/2693/2693 2692/2692/2692
f 2665/2665/2665 2666/2666/2666 2694/2694/2694
f 2665/2665/2665 2694/2694/2694 2693/2693/2693
f 2666/2666/2666 2639/2639/2639 2667/2667/2667
f 2666/2666/2666 2667/2667/2667 2694/2694/2694
f 2667/2667/2667 2668/2668/2668 2696/2696/2696
f 2667/2667/2667 2696/2696/2696 2695/2695/2695
f 2668/2668/2668 2669/2669/2669 2697/2697/2697
f 2668/2668/2668 2697/2697/2697 2696/2696/2696
f 2669/2669/2669 2670/2670/2670 2698/2698/2698
f 2669/2669/2669 2698/2698/2698 2697/2697/2697
f 2670/2670/2670 2671/2671/2671 2699/2699/2699
f 2670/2670/2670 2699/2699/2699 2698/2698/2698
f 2671/2671/2671 2672/2672/2672 2700/2700/2700
f 2671/2671/2671 2700/2700/2700 2699/2699/2699
f 2672/2672/2672 2673/2673/2673 2701/2701/2701
f 2672/2672/2672 2701/2701/2701 2700/2700/2700
f 2673/2673/2673 2674/2674/2674 2702/2702/2702
f 2673/2673/2673 2702/2702/2702 2701/2701/2701
f 2674/2674/2674 2675/2675/2675 2703/2703/2703
f 2674/2674/2674 2703/2703/2703 2702/2702/2702
f 2675/2675/2675 2676/2676/2676 2704/2704/2704
f 2675/2675/2675 2704/2704/2704 2703/2703/2703
f 2676/2676/2676 2677/2677/2677 2705/2705/2705
f 2676/2676/2676 2705/2705/2705 2704/2704/2704
f 2677/2677/2677 2678/2678/2678 2706/2706/2706
f 2677/2677/2677 2706/2706/2706 2705/2705/2705
f 2678/2678/2678 2679/2679/2679 2707/2707/2707
f 2678/2678/2678 2707/2707/2707 2706/2706/2706
f 2679/2679/2679 2680/2680/2680 2708/2708/2708
f 2679/2679/2679 2708/2708/2708 2707/2707/2707
f 2680/2680/2680 2681/2681/2681 2709/2709/2709
f 2680/2680/2680 2709/2709/2709 2708/2708/2708
f 2681/2681/2681 2682/2682/2682 2710/2710/2710
f 2681/2681/2681 2710/2710/2710 2709/2709/2709
f 2682/2682/2682 2683/2683/2683 2711/2711/2711
f 2682/2682/2682 2711/2711/2711 2710/2710/2710
f 2683/2683/2683 2684/2684/2684 2712/2712/2712
f 2683/2683/2683 2712/2712/2712 2711/2711/2711
f 2684/2684/2684 2685/2685/2685 2713/2713/2713
f 2684/2684/2684 2713/2713/2713 2712/2712/2712
f 2685/2685/2685 2686/2686/2686 2714/2714/2714
f 2685/2685/2685 2714/2714/2714 2713/2713/2713
f 2686/2686/2686 2687/2687/2687 2715/2715/2715
f 2686/2686/2686 2715/2715/2715 2714/2714/2714
f 2687/2687/2687 2688/2688/2688 2716/2716/2716
f 2687/2687/2687 2716/2716/2716 2715/2715/2715
f 2688/2688/2688 2689/2689/2689 2717/2717/2717
f 2688/2688/2688 2717/2717/2717 2716/2716/2716
f 2689/2689/2689 2690/2690/2690 2718/2718/2718
f 2689/2689/2689 2718/2718/2718 2717/2717/2717
f 2690/2690/2690 2691/2691/2691 2719/2719/2719
f 2690/2690/2690 2719/2719/2719 2718/2718/2718
f 2691/2691/2691 2692/2692/2692 2720/2720/2720
f 2691/2691/2691 2720/2720/2720 2719/2719/2719
f 2692/2692/2692 2693/2693/2693 2721/2721/2721
f 2692/2692/2692 2721/2721/2721 2720/2720/2720
f 2693/2693/2693 2694/2694/2694 2722/2722/2722
f 2693/2693/2693 2722/2722/2722 2721/2721/2721
f 2694/2694/2694 2667/2667/2667 2695/2695/2695
f 2694/2694/2694 2695/2695/2695 2722/2722/2722
f 2695/2695/2695 2696/2696/2696 2724/2724/2724
f 2695/2695/2695 2724/2724/2724 2723/2723/2723
f 2696/2696/2696 2697/2697/2697 2725/2725/2725
f 2696/2696/2696 2725/2725/2725 2724/2724/2724
f 2697/2697/2697 2698/2698/2698 2726/2726/2726
f 2697/2697/2697 2726/2726/2726 2725/2725/2725
f 2698/2698/2698 2699/2699/2699 2727/2727/2727
f 2698/2698/2698 2727/2727/2727 2726/2726/2726
f 2699/2699/2699 2700/2700/2700 2728/2728/2728
f 2699/2699/2699 2728/2728/2728 2727/2727/2727
f 2700/2700/2700 2701/2701/2701 2729/2729/2729
f 2700/2700/2700 2729/2729/2729 2728/2728/2728
f 2701/2701/2701 2702/2702/2702 2730/2730/2730
f 2701/2701/2701 2730/2730/2730 2729/2729/2729
f 2702/2702/2702 2703/2703/2703 2731/2731/2731
f 2702/2702/2702 2731/2731/2731 2730/2730/2730
f 2703/2703/2703 2704/2704/2704 2732/2732/2732
f 2703/2703/2703 2732/2732/2732 2731/2731/2731
f 2704/2704/2704 2705/2705/2705 2733/2733/2733
f 2704/2704/2704 2733/2733/2733 2732/2732/2732
f 2705/2705/2705 2706/2706/2706 2734/2734/2734
f 2705/2705/2705 2734/2734/2734 2733/2733/2733
f 2706/2706/2706 2707/2707/2707 2735/2735/2735
f 2706/2706/2706 2735/2735/2735 2734/2734/2734
f 2707/2707/2707 2708/2708/2708 2736/2736/2736
f 2707/2707/2707 2736/2736/2736 2735/2735/2735
f 2708/2708/2708 2709/2709/2709 2737/2737/2737
f 2708/2708/2708 2737/2737/2737 2736/2736/2736
f 2709/2709/2709 2710/2710/2710 2738/2738/2738
f 2709/2709/2709 2738/2738/2738 2737/2737/2737
f 2710/2710/2710 2711/2711/2711 2739/2739/2739
f 2710/2710/2710 2739/2739/2739 2738/2738/2738
f 2711/2711/2711 2712/2712/2712 2740/2740/2740
f 2711/2711/2711 2740/2740/2740 2739/2739/2739
f 2712/2712/2712 2713/2713/2713 2741/2741/2741
f 2712/2712/2712 2741/2741/2741 2740/2740/2740
f 2713/2713/2713 2714/2714/2714 2742/2742/2742
f 2713/2713/2713 2742/2742/2742 2741/2741/2741
f 2714/2714/2714 2715/2715/2715 2743/2743/2743
f 2714/2714/2714 2743/2743/2743 2742/2742/2742
f 2715/2715/2715 2716/2716/2716 2744/2744/2744
f 2715/2715/2715 2744/2744/2744 2743/2743/2743
f 2716/2716/2716 2717/2717/2717 2745/2745/2745
f 2716/2716/2716 2745/2745/2745 2744/2744/2744
f 2717/2717/2717 2718/2718/2718 2746/2746/2746
f 2717/2717/2717 2746/2746/2746 2745/2745/2745
f 2718/2718/2718 2719/2719/2719 2747/2747/2747
f 2718/2718/2718 2747/2747/2747 2746/2746/2746
f 2719/2719/2719 2720/2720/2720 2748/2748/2748
f 2719/2719/2719 2748/2748/2748 2747/2747/2747
f 2720/2720/2720 2721/2721/2721 2749/2749/2749
f 2720/2720/2720 2749/2749/2749 2748/2748/2748
f 2721/2721/2721 2722/2722/2722 2750/2750/2750
f 2721/2721/2721 2750/2750/2750 2749/2749/2749
f 2722/2722/2722 2695/2695/2695 2723/2723/2723
f 2722/2722/2722 2723/2723/2723 2750/2750/2750
f 2723/2723/2723 2724/2724/2724 2752/2752/2752
f 2723/2723/2723 2752/2752/2752 2751/2751/2751
f 2724/2724/2724 2725/2725/2725 2753/2753/2753
f 2724/2724/2724 2753/2753/2753 2752/2752/2752
f 2725/2725/2725 2726/2726/2726 2754/2754/2754
f 2725/2725/2725 2754/2754/2754 2753/2753/2753
f 2726/2726/2726 2727/2727/2727 2755/2755/2755
f 2726/2726/2726 2755/2755/2755 2754/2754/2754
f 2727/2727/2727 2728/2728/2728 2756/2756/2756
f 2727/2727/2727 2756/2756/2756 2755/2755/2755
f 2728/2728/2728 2729/2729/2729 2757/2757/2757
f 2728/2728/2728 2757/2757/2757 2756/2756/2756
f 2729/2729/2729 2730/2730/2730 2758/2758/2758
f 2729/2729/2729 2758/2758/2758 2757/2757/2757
f 2730/2730/2730 2731/2731/2731 2759/2759/2759
f 2730/2730/2730 2759/2759/2759 2758/2758/2758
f 2731/2731/2731 2732/2732/2732 2760/2760/2760
f 2731/2731/2731 2760/2760/2760 2759/2759/2759
f 2732/2732/2732 2733/2733/2733 2761/2761/2761
f 2732/2732/2732 2761/2761/2761 2760/2760/2760
f 2733/2733/2733 2734/2734/2734 2762/2762/2762
f 2733/2733/2733 2762/2762/2762 2761/2761/2761
f 2734/2734/2734 2735/2735/2735 2763/2763/2763
f 2734/2734/2734 2763/2763/2763 2762/2762/2762
f 2735/2735/2735 2736/2736/2736 2764/2764/2764
f 2735/2735/2735 2764/2764/2764 2763/2763/2763
f 2736/2736/2736 2737/2737/2737 2765/2765/2765
f 2736/2736/2736 2765/2765/2765 2764/2764/2764
f 2737/2737/2737 2738/2738/2738 2766/2766/2766
f 2737/2737/2737 2766/2766/2766 2765/2765/2765
f 2738/2738/2738 2739/2739/2739 2767/2767/2767
f 2738/2738/2738 2767/2767/2767 2766/2766/2766
f 2739/2739/2739 2740/2740/2740 2768/2768/2768
f 2739/2739/2739 2768/2768/2768 2767/2767/2767
f 2740/2740/2740 2741/2741/2741 2769/2769/2769
f 2740/2740/2740 2769/2769/2769 2768/2768/2768
f 2741/2741/2741 2742/2742/2742 2770/2770/2770
f 2741/2741/2741 2770/2770/2770 2769/2769/2769
f 2742/2742/2742 2743/2743/2743 2771/2771/2771
f 2742/2742/2742 2771/2771/2771 2770/2770/2770
f 2743/2743/2743 2744/2744/2744 2772/2772/2772
f 2743/2743/2743 2772/2772/2772 2771/2771/2771
f 2744/2744/2744 2745/2745/2745 2773/2773/2773
f 2744/2744/2744 2773/2773/2773 2772/2772/2772
f 2745/2745/2745 2746/2746/2746 2774/2774/2774
f 2745/2745/2745 2774/2774/2774 2773/2773/2773
f 2746/2746/2746 2747/2747/2747 2775/2775/2775
f 2746/2746/2746 2775/2775/2775 2774/2774/2774
f 2747/2747/2747 2748/2748/2748 2776/2776/2776
f 2747/2747/2747 2776/2776/2776 2775/2775/2775
f 2748/2748/2748 2749/2749/2749 2777/2777/2777
f 2748/2748/2748 2777/2777/2777 2776/2776/2776
f 2749/2749/2749 2750/2750/2750 2778/2778/2778
f 2749/2749/2749 2778/2778/2778 2777/2777/2777
f 2750/2750/2750 2723/2723/2723 2751/2751/2751
f 2750/2750/2750 2751/2751/2751 2778/2778/2778
f 2751/2751/2751 2752/2752/2752 2780/2780/2780
f 2751/2751/2751 2780/2780/2780 2779/2779/2779
f 2752/2752/2752 2753/2753/2753 2781/2781/2781
f 2752/2752/2752 2781/2781/2781 2780/2780/2780
f 2753/2753/2753 2754/2754/2754 2782/2782/2782
f 2753/2753/2753 2782/2782/2782 2781/2781/2781
f 2754/2754/2754 2755/2755/2755 2783/2783/2783
f 2754/2754/2754 2783/2783/2783 2782/2782/2782
f 2755/2755/2755 2756/2756/2756 2784/2784/2784
f 2755/2755/2755 2784/2784/2784 2783/2783/2783
f 2756/2756/2756 2757/2757/2757 2785/2785/2785
f 2756/2756/2756 2785/2785/2785 2784/2784/2784
f 2757/2757/2757 2758/2758/2758 2786/2786/2786
f 2757/2757/2757 2786/2786/2786 2785/2785/2785
f 2758/2758/2758 2759/2759/2759 2787/2787/2787
f 2758/2758/2758 2787/2787/2787 2786/2786/2786
f 2759/2759/2759 2760/2760/2760 2788/2788/2788
f 2759/2759/2759 2788/2788/2788 2787/2787/2787
f 2760/2760/2760 2761/2761/2761 2789/2789/2789
f 2760/2760/2760 2789/2789/2789 2788/2788/2788
f 2761/2761/2761 2762/2762/2762 2790/2790/2790
f 2761/2761/2761 2790/2790/2790 2789/2789/2789
f 2762/2762/2762 2763/2763/2763 2791/2791/2791
f 2762/2762/2762 2791/2791/2791 2790/2790/2790
f 2763/2763/2763 2764/2764/2764 2792/2792/2792
f 2763/2763/2763 2792/2792/2792 2791/2791/2791
f 2764/2764/2764 2765/2765/2765 2793/2793/2793
f 2764/2764/2764 2793/2793/2793 2792/2792/2792
f 2765/2765/2765 2766/2766/2766 2794/2794/2794
f 2765/2765/2765 2794/2794/2794 2793/2793/2793
f 2766/2766/2766 2767/2767/2767 2795/2795/2795
f 2766/2766/2766 2795/2795/2795 2794/2794/2794
f 2767/2767/2767 2768/2768/2768 2796/2796/2796
f 2767/2767/2767 2796/2796/2796 2795/2795/2795
f 2768/2768/2768 2769/2769/2769 2797/2797/2797
f 2768/2768/2768 2797/2797/2797 2796/2796/2796
f 2769/2769/2769 2770/2770/2770 2798/2798/2798
f 2769/2769/2769 2798/2798/2798 2797/2797/2797
f 2770/2770/2770 2771/2771/2771 2799/2799/2799
f 2770/2770/2770 2799/2799/2799 2798/2798/2798
f 2771/2771/2771 2772/2772/2772 2800/2800/2800
f 2771/2771/2771 2800/2800/2800 2799/2799/2799
f 2772/2772/2772 2773/2773/2773 2801/2801/2801
f 2772/2772/2772 2801/2801/2801 2800/2800/2800
f 2773/2773/2773 2774/2774/2774 2802/2802/2802
f 2773/2773/2773 2802/2802/2802 2801/2801/2801
f 2774/2774/2774 2775/2775/2775 2803/2803/2803
f 2774/2774/2774 2803/2803/2803 2802/2802/2802
f 2775/2775/2775 2776/2776/2776 2804/2804/2804
f 2775/2775/2775 2804/2804/2804 2803/2803/2803
f 2776/2776/2776 2777/2777/2777 2805/2805/2805
f 2776/2776/2776 2805/2805/2805 2804/2804/2804
f 2777/2777/2777 2778/2778/2778 2806/2806/2806
f 2777/2777/2777 2806/2806/2806 2805/2805/2805
f 2778/2778/2778 2751/2751/2751 2779/2779/2779
f 2778/2778/2778 2779/2779/2779 2806/2806/2806
f 2779/2779/2779 2780/2780/2780 2808/2808/2808
f 2779/2779/2779 2808/2808/2808 2807/2807/2807
f 2780/2780/2780 2781/2781/2781 2809/2809/2809
f 2780/2780/2780 2809/2809/2809 2808/2808/2808
f 2781/2781/2781 2782/2782/2782 2810/2810/2810
f 2781/2781/2781 2810/2810/2810 2809/2809/2809
f 2782/2782/2782 2783/2783/2783 2811/2811/2811
f 2782/2782/2782 2811/2811/2811 2810/2810/2810
f 2783/2783/2783 2784/2784/2784 2812/2812/2812
f 2783/2783/2783 2812/2812/2812 2811/2811/2811
f 2784/2784/2784 2785/2785/2785 2813/2813/2813
f 2784/2784/2784 2813/2813/2813 2812/2812/2812
f 2785/2785/2785 2786/2786/2786 2814/2814/2814
f 2785/2785/2785 2814/2814/2814 2813/2813/2813
f 2786/2786/2786 2787/2787/2787 2815/2815/2815
f 2786/2786/2786 2815/2815/2815 2814/2814/2814
f 2787/2787/2787 2788/2788/2788 2816/2816/2816
f 2787/2787/2787 2816/2816/2816 2815/2815/2815
f 2788/2788/2788 2789/2789/2789 2817/2817/2817
f 2788/2788/2788 2817/2817/2817 2816/2816/2816
f 2789/2789/2789 2790/2790/2790 2818/2818/2818
f 2789/2789/2789 2818/2818/2818 2817/2817/2817
f 2790/2790/2790 2791/2791/2791 2819/2819/2819
f 2790/2790/2790 2819/2819/2819 2818/2818/2818
f 2791/2791/2791 2792/2792/2792 2820/2820/2820
f 2791/2791/2791 2820/2820/2820 2819/2819/2819
f 2792/2792/2792 2793/2793/2793 2821/2821/2821
f 2792/2792/2792 2821/2821/2821 2820/2820/2820
f 2793/2793/2793 2794/2794/2794 2822/2822/2822
f 2793/2793/2793 2822/2822/2822 2821/2821/2821
f 2794/2794/2794 2795/2795/2795 2823/2823/2823
f 2794/2794/2794 2823/2823/2823 2822/2822/2822
f 2795/2795/2795 2796/2796/2796 2824/2824/2824
f 2795/2795/2795 2824/2824/2824 2823/2823/2823
f 2796/2796/2796 2797/2797/2797 2825/2825/2825
f 2796/2796/2796 2825/2825/2825 2824/2824/2824
f 2797/2797/2797 2798/2798/2798 2826/2826/2826
f 2797/2797/2797 2826/2826/2826 2825/2825/2825
f 2798/2798/2798 2799/2799/2799 2827/2827/2827
f 2798/2798/2798 2827/2827/2827 2826/2826/2826
f 2799/2799/2799 2800/2800/2800 2828/2828/2828
f 2799/2799/2799 2828/2828/2828 2827/2827/2827
f 2800/2800/2800 2801/2801/2801 2829/2829/2829
f 2800/2800/2800 2829/2829/2829 2828/2828/2828
f 2801/2801/2801 2802/2802/2802 2830/2830/2830
f 2801/2801/2801 2830/2830/2830 2829/2829/2829
f 2802/2802/2802 2803/2803/2803 2831/2831/2831
f 2802/2802/2802 2831/2831/2831 2830/2830/2830
f 2803/2803/2803 2804/2804/2804 2832/2832/2832
f 2803/2803/2803 2832/2832/2832 2831/2831/2831
f 2804/2804/2804 2805/2805/2805 2833/2833/2833
f 2804/2804/2804 2833/2833/2833 2832/2832/2832
f 2805/2805/2805 2806/2806/2806 2834/2834/2834
f 2805/2805/2805 2834/2834/2834 2833/2833/2833
f 2806/2806/2806 2779/2779/2779 2807/2807/2807
f 2806/2806/2806 2807/2807/2807 2834/2834/2834
f 2807/2807/2807 2808/2808/2808 2836/2836/2836
f 2807/2807/2807 2836/2836/2836 2835/2835/2835
f 2808/2808/2808 2809/2809/2809 2837/2837/2837
f 2808/2808/2808 2837/2837/2837 2836/2836/2836
f 2809/2809/2809 2810/2810/2810 2838/2838/2838
f 2809/2809/2809 2838/2838/2838 2837/2837/2837
f 2810/2810/2810 2811/2811/2811 2839/2839/2839
f 2810/2810/2810 2839/2839/2839 2838/2838/2838
f 2811/2811/2811 2812/2812/2812 2840/2840/2840
f 2811/2811/2811 2840/2840/2840 2839/2839/2839
f 2812/2812/2812 2813/2813/2813 2841/2841/2841
f 2812/2812/2812 2841/2841/2841 2840/2840/2840
f 2813/2813/2813 2814/2814/2814 2842/2842/2842
f 2813/2813/2813 2842/2842/2842 2841/2841/2841
f 2814/2814/2814 2815/2815/2815 2843/2843/2843
f 2814/2814/2814 2843/2843/2843 2842/2842/2842
f 2815/2815/2815 2816/2816/2816 2844/2844/2844
f 2815/2815/2815 2844/2844/2844 2843/2843/2843
f 2816/2816/2816 2817/2817/2817 2845/2845/2845
f 2816/2816/2816 2845/2845/2845 2844/2844/2844
f 2817/2817/2817 2818/2818/2818 2846/2846/2846
f 2817/2817/2817 2846/2846/2846 2845/2845/2845
f 2818/2818/2818 2819/2819/2819 2847/2847/2847
f 2818/2818/2818 2847/2847/2847 2846/2846/2846
f 2819/2819/2819 2820/2820/2820 2848/2848/2848
f 2819/2819/2819 2848/2848/2848 2847/2847/2847
f 2820/2820/2820 2821/2821/2821 2849/2849/2849
f 2820/2820/2820 2849/2849/2849 2848/2848/2848
f 2821/2821/2821 2822/2822/2822 2850/2850/2850
f 2821/2821/2821 2850/2850/2850 2849/2849/2849
f 2822/2822/2822 2823/2823/2823 2851/2851/2851
f 2822/2822/2822 2851/2851/2851 2850/2850/2850
f 2823/2823/2823 2824/2824/2824 2852/2852/2852
f 2823/2823/2823 2852/2852/2852 2851/2851/2851
f 2824/2824/2824 2825/2825/2825 2853/2853/2853
f 2824/2824/2824 2853/2853/2853 2852/2852/2852
f 2825/2825/2825 2826/2826/2826 2854/2854/2854
f 2825/2825/2825 2854/2854/2854 2853/2853/2853
f 2826/2826/2826 2827/2827/2827 2855/2855/2855
f 2826/2826/2826 2855/2855/2855 2854/2854/2854
f 2827/2827/2827 2828/2828/2828 2856/2856/2856
f 2827/2827/2827 2856/2856/2856 2855/2855/2855
f 2828/2828/2828 2829/2829/2829 2857/2857/2857
f 2828/2828/2828 2857/2857/2857 2856/2856/2856
f 2829/2829/2829 2830/2830/2830 2858/2858/2858
f 2829/2829/2829 2858/2858/2858 2857/2857/2857
f 2830/2830/2830 2831/2831/2831 2859/2859/2859
f 2830/2830/2830 2859/2859/2859 2858/2858/2858
f 2831/2831/2831 2832/2832/2832 2860/2860/2860
f 2831/2831/2831 2860/2860/2860 2859/2859/2859
f 2832/2832/2832 2833/2833/2833 2861/2861/2861
f 2832/2832/2832 2861/2861/2861 2860/2860/2860
f 2833/2833/2833 2834/2834/2834 2862/2862/2862
f 2833/2833/2833 2862/2862/2862 2861/2861/2861
f 2834/2834/2834 2807/2807/2807 2835/2835/2835
f 2834/2834/2834 2835/2835/2835 2862/2862/2862
f 2835/2835/2835 2836/2836/2836 2864/2864/2864
f 2835/2835/2835 2864/2864/2864 2863/2863/2863
f 2836/2836/2836 2837/2837/2837 2865/2865/2865
f 2836/2836/2836 2865/2865/2865 2864/2864/2864
f 2837/2837/2837 2838/2838/2838 2866/2866/2866
f 2837/2837/2837 2866/2866/2866 2865/2865/2865
f 2838/2838/2838 2839/2839/2839 2867/2867/2867
f 2838/2838/2838 2867/2867/2867 2866/2866/2866
f 2839/2839/2839 2840/2840/2840 2868/2868/2868
f 2839/2839/2839 2868/2868/2868 2867/2867/2867
f 2840/2840/2840 2841/2841/2841 2869/2869/2869
f 2840/2840/2840 2869/2869/2869 2868/2868/2868
f 2841/2841/2841 2842/2842/2842 2870/2870/2870
f 2841/2841/2841 2870/2870/2870 2869/2869/2869
f 2842/2842/2842 2843/2843/2843 2871/2871/2871
f 2842/2842/2842 2871/2871/2871 2870/2870/2870
f 2843/2843/2843 2844/2844/2844 2872/2872/2872
f 2843/2843/2843 2872/2872/2872 2871/2871/2871
f 2844/2844/2844 2845/2845/2845 2873/2873/2873
f 2844/2844/2844 2873/2873/2873 2872/2872/2872
f 2845/2845/2845 2846/2846/2846 2874/2874/2874
f 2845/2845/2845 2874/2874/2874 2873/2873/2873
f 2846/2846/2846 2847/2847/2847 2875/2875/2875
f 2846/2846/2846 2875/2875/2875 2874/2874/2874
f 2847/2847/2847 2848/2848/2848 2876/2876/2876
f 2847/2847/2847 2876/2876/2876 2875/2875/2875
f 2848/2848/2848 2849/2849/2849 2877/2877/2877
f 2848/2848/2848 2877/2877/2877 2876/2876/2876
f 2849/2849/2849 2850/2850/2850 2878/2878/2878
f 2849/2849/2849 2878/2878/2878 2877/2877/2877
f 2850/2850/2850 2851/2851/2851 2879/2879/2879
f 2850/2850/2850 2879/2879/2879 2878/2878/2878
f 2851/2851/2851 2852/2852/2852 2880/2880/2880
f 2851/2851/2851 2880/2880/2880 2879/2879/2879
f 2852/2852/2852 2853/2853/2853 2881/2881/2881
f 2852/2852/2852 2881/2881/2881 2880/2880/2880
f 2853/2853/2853 2854/2854/2854 2882/2882/2882
f 2853/2853/2853 2882/2882/2882 2881/2881/2881
f 2854/2854/2854 2855/2855/2855 2883/2883/2883
f 2854/2854/2854 2883/2883/2883 2882/2882/2882
f 2855/2855/2855 2856/2856/2856 2884/2884/2884
f 2855/2855/2855 2884/2884/2884 2883/2883/2883
f 2856/2856/2856 2857/2857/2857 2885/2885/2885
f 2856/2856/2856 2885/2885/2885 2884/2884/2884
f 2857/2857/2857 2858/2858/2858 2886/2886/2886
f 2857/2857/2857 2886/2886/2886 2885/2885/2885
f 2858/2858/2858 2859/2859/2859 2887/2887/2887
f 2858/2858/2858 2887/2887/2887 2886/2886/2886
f 2859/2859/2859 2860/2860/2860 2888/2888/2888
f 2859/2859/2859 2888/2888/2888 2887/2887/2887
f 2860/2860/2860 2861/2861/2861 2889/2889/2889
f 2860/2860/2860 2889/2889/2889 2888/2888/2888
f 2861/2861/2861 2862/2862/2862 2890/2890/2890
f 2861/2861/2861 2890/2890/2890 2889/2889/2889
f 2862/2862/2862 2835/2835/2835 2863/2863/2863
f 2862/2862/2862 2863/2863/2863 2890/2890/2890
f 2863/2863/2863 2864/2864/2864 2892/2892/2892
f 2863/2863/2863 2892/2892/2892 2891/2891/2891
f 2864/2864/2864 2865/2865/2865 2893/2893/2893
f 2864/2864/2864 2893/2893/2893 2892/2892/2892
f 2865/2865/2865 2866/2866/2866 2894/2894/2894
f 2865/2865/2865 2894/2894/2894 2893/2893/2893
f 2866/2866/2866 2867/2867/2867 2895/2895/2895
f 2866/2866/2866 2895/2895/2895 2894/2894/2894
f 2867/2867/2867 2868/2868/2868 2896/2896/2896
f 2867/2867/2867 2896/2896/2896 2895/2895/2895
f 2868/2868/2868 2869/2869/2869 2897/2897/2897
f 2868/2868/2868 2897/2897/2897 2896/2896/2896
f 2869/2869/2869 2870/2870/2870 2898/2898/2898
f 2869/2869/2869 2898/2898/2898 2897/2897/2897
f 2870/2870/2870 2871/2871/2871 2899/2899/2899
f 2870/2870/2870 2899/2899/2899 2898/2898/2898
f 2871/2871/2871 2872/2872/2872 2900/2900/2900
f 2871/2871/2871 2900/2900/2900 2899/2899/2899
f 2872/2872/2872 2873/2873/2873 2901/2901/2901
f 2872/2872/2872 2901/2901/2901 2900/2900/2900
f 2873/2873/2873 2874/2874/2874 2902/2902/2902
f 2873/2873/2873 2902/2902/2902 2901/2901/2901
f 2874/2874/2874 2875/2875/2875 2903/2903/2903
f 2874/2874/2874 2903/2903/2903 2902/2902/2902
f 2875/2875/2875 2876/2876/2876 2904/2904/2904
f 2875/2875/2875 2904/2904/2904 2903/2903/2903
f 2876/2876/2876 2877/2877/2877 2905/2905/2905
f 2876/2876/2876 2905/2905/2905 2904/2904/2904
f 2877/2877/2877 2878/2878/2878 2906/2906/2906
f 2877/2877/2877 2906/2906/2906 2905/2905/2905
f 2878/2878/2878 2879/2879/2879 2907/2907/2907
f 2878/2878/2878 2907/2907/2907 2906/2906/2906
f 2879/2879/2879 2880/2880/2880 2908/2908/2908
f 2879/2879/2879 2908/2908/2908 2907/2907/2907
f 2880/2880/2880 2881/2881/2881 2909/2909/2909
f 2880/2880/2880 2909/2909/2909 2908/2908/2908
f 2881/2881/2881 2882/2882/2882 2910/2910/2910
f 2881/2881/2881 2910/2910/2910 2909/2909/2909
f 2882/2882/2882 2883/2883/2883 2911/2911/2911
f 2882/2882/2882 2911/2911/2911 2910/2910/2910
f 2883/2883/2883 2884/2884/2884 2912/2912/2912
f 2883/2883/2883 2912/2912/2912 2911/2911/2911
f 2884/2884/2884 2885/2885/2885 2913/2913/2913
f 2884/2884/2884 2913/2913/2913 2912/2912/2912
f 2885/2885/2885 2886/2886/2886 2914/2914/2914
f 2885/2885/2885 2914/2914/2914 2913/2913/2913
f 2886/2886/2886 2887/2887/2887 2915/2915/2915
f 2886/2886/2886 2915/2915/2915 2914/2914/2914
f 2887/2887/2887 2888/2888/2888 2916/2916/2916
f 2887/2887/2887 2916/2916/2916 2915/2915/2915
f 2888/2888/2888 2889/2889/2889 2917/2917/2917
f 2888/2888/2888 2917/2917/2917 2916/2916/2916
f 2889/2889/2889 2890/2890/2890 2918/2918/2918
f 2889/2889/2889 2918/2918/2918 2917/2917/2917
f 2890/2890/2890 2863/2863/2863 2891/2891/2891
f 2890/2890/2890 2891/2891/2891 2918/2918/2918
f 2891/2891/2891 2892/2892/2892 2920/2920/2920
f 2891/2891/2891 2920/2920/2920 2919/2919/2919
f 2892/2892/2892 2893/2893/2893 2921/2921/2921
f 2892/2892/2892 2921/2921/2921 2920/2920/2920
f 2893/2893/2893 2894/2894/2894 2922/2922/2922
f 2893/2893/2893 2922/2922/2922 2921/2921/2921
f 2894/2894/2894 2895/2895/2895 2923/2923/2923
f 2894/2894/2894 2923/2923/2923 2922/2922/2922
f 2895/2895/2895 2896/2896/2896 2924/2924/2924
f 2895/2895/2895 2924/2924/2924 2923/2923/2923
f 2896/2896/2896 2897/2897/2897 2925/2925/2925
f 2896/2896/2896 2925/2925/2925 2924/2924/2924
f 2897/2897/2897 2898/2898/2898 2926/2926/2926
f 2897/2897/2897 2926/2926/2926 2925/2925/2925
f 2898/2898/2898 2899/2899/2899 2927/2927/2927
f 2898/2898/2898 2927/2927/2927 2926/2926/2926
f 2899/2899/2899 2900/2900/2900 2928/2928/2928
f 2899/2899/2899 2928/2928/2928 2927/2927/2927
f 2900/2900/2900 2901/2901/2901 2929/2929/2929
f 2900/2900/2900 2929/2929/2929 2928/2928/2928
f 2901/2901/2901 2902/2902/2902 2930/2930/2930
f 2901/2901/2901 2930/2930/2930 2929/2929/2929
f 2902/2902/2902 2903/2903/2903 2931/2931/2931
f 2902/2902/2902 2931/2931/2931 2930/2930/2930
f 2903/2903/2903 2904/2904/2904 2932/2932/2932
f 2903/2903/2903 2932/2932/2932 2931/2931/2931
f 2904/2904/2904 2905/2905/2905 2933/2933/2933
f 2904/2904/2904 2933/2933/2933 2932/2932/2932
f 2905/2905/2905 2906/2906/2906 2934/2934/2934
f 2905/2905/2905 2934/2934/2934 2933/2933/2933
f 2906/2906/2906 2907/2907/2907 2935/2935/2935
f 2906/2906/2906 2935/2935/2935 2934/2934/2934
f 2907/2907/2907 2908/2908/2908 2936/2936/2936
f 2907/2907/2907 2936/2936/2936 2935/2935/2935
f 2908/2908/2908 2909/2909/2909 2937/2937/2937
f 2908/2908/2908 2937/2937/2937 2936/2936/2936
f 2909/2909/2909 2910/2910/2910 2938/2938/2938
f 2909/2909/2909 2938/2938/2938 2937/2937/2937
f 2910/2910/2910 2911/2911/2911 2939/2939/2939
f 2910/2910/2910 2939/2939/2939 2938/2938/2938
f 2911/2911/2911 2912/2912/2912 2940/2940/2940
f 2911/2911/2911 2940/2940/2940 2939/2939/2939
f 2912/2912/2912 2913/2913/2913 2941/2941/2941
f 2912/2912/2912 2941/2941/2941 2940/2940/2940
f 2913/2913/2913 2914/2914/2914 2942/2942/2942
f 2913/2913/2913 2942/2942/2942 2941/2941/2941
f 2914/2914/2914 2915/2915/2915 2943/2943/2943
f 2914/2914/2914 2943/2943/2943 2942/2942/2942
f 2915/2915/2915 2916/2916/2916 2944/2944/2944
f 2915/2915/2915 2944/2944/2944 2943/2943/2943
f 2916/2916/2916 2917/2917/2917 2945/2945/2945
f 2916/2916/2916 2945/2945/2945 2944/2944/2944
f 2917/2917/2917 2918/2918/2918 2946/2946/2946
f 2917/2917/2917 2946/2946/2946 2945/2945/2945
f 2918/2918/2918 2891/2891/2891 2919/2919/2919
f 2918/2918/2918 2919/2919/2919 2946/2946/2946
f 2919/2919/2919 2920/2920/2920 2948/2948/2948
f 2919/2919/2919 2948/2948/2948 2947/2947/2947
f 2920/2920/2920 2921/2921/2921 2949/2949/2949
f 2920/2920/2920 2949/2949/2949 2948/2948/2948
f 2921/2921/2921 2922/2922/2922 2950/2950/2950
f 2921/2921/2921 2950/2950/2950 2949/2949/2949
f 2922/2922/2922 2923/2923/2923 2951/2951/2951
f 2922/2922/2922 2951/2951/2951 2950/2950/2950
f 2923/2923/2923 2924/2924/2924 2952/2952/2952
f 2923/2923/2923 2952/2952/2952 2951/2951/2951
f 2924/2924/2924 2925/2925/2925 2953/2953/2953
f 2924/2924/2924 2953/2953/2953 2952/2952/2952
f 2925/2925/2925 2926/2926/2926 2954/2954/2954
f 2925/2925/2925 2954/2954/2954 2953/2953/2953
f 2926/2926/2926 2927/2927/2927 2955/2955/2955
f 2926/2926/2926 2955/2955/2955 2954/2954/2954
f 2927/2927/2927 2928/2928/2928 2956/2956/2956
f 2927/2927/2927 2956/2956/2956 2955/2955/2955
f 2928/2928/2928 2929/2929/2929 2957/2957/2957
f 2928/2928/2928 2957/2957/2957 2956/2956/2956
f 2929/2929/2929 2930/2930/2930 2958/2958/2958
f 2929/2929/2929 2958/2958/2958 2957/2957/2957
f 2930/2930/2930 2931/2931/2931 2959/2959/2959
f 2930/2930/2930 2959/2959/2959 2958/2958/2958
f 2931/2931/2931 2932/2932/2932 2960/2960/2960
f 2931/2931/2931 2960/2960/2960 2959/2959/2959
f 2932/2932/2932 2933/2933/2933 2961/2961/2961
f 2932/2932/2932 2961/2961/2961 2960/2960/2960
f 2933/2933/2933 2934/2934/2934 2962/2962/2962
f 2933/2933/2933 2962/2962/2962 2961/2961/2961
f 2934/2934/2934 2935/2935/2935 2963/2963/2963
f 2934/2934/2934 2963/2963/2963 2962/2962/2962
f 2935/2935/2935 2936/2936/2936 2964/2964/2964
f 2935/2935/2935 2964/2964/2964 2963/2963/2963
f 2936/2936/2936 2937/2937/2937 2965/2965/2965
f 2936/2936/2936 2965/2965/2965 2964/2964/2964
f 2937/2937/2937 2938/2938/2938 2966/2966/2966
f 2937/2937/2937 2966/2966/2966 2965/2965/2965
f 2938/2938/2938 2939/2939/2939 2967/2967/2967
f 2938/2938/2938 2967/2967/2967 2966/2966/2966
f 2939/2939/2939 2940/2940/2940 2968/2968/2968
f 2939/2939/2939 2968/2968/2968 2967/2967/2967
f 2940/2940/2940 2941/2941/2941 2969/2969/2969
f 2940/2940/2940 2969/2969/2969 2968/2968/2968
f 2941/2941/2941 2942/2942/2942 2970/2970/2970
f 2941/2941/2941 2970/2970/2970 2969/2969/2969
f 2942/2942/2942 2943/2943/2943 2971/2971/2971
f 2942/2942/2942 2971/2971/2971 2970/2970/2970
f 2943/2943/2943 2944/2944/2944 2972/2972/2972
f 2943/2943/2943 2972/2972/2972 2971/2971/2971
f 2944/2944/2944 2945/2945/2945 2973/2973/2973
f 2944/2944/2944 2973/2973/2973 2972/2972/2972
f 2945/2945/2945 2946/2946/2946 2974/2974/2974
f 2945/2945/2945 2974/2974/2974 2973/2973/2973
f 2946/2946/2946 2919/2919/2919 2947/2947/2947
f 2946/2946/2946 2947/2947/2947 2974/2974/2974
f 2947/2947/2947 2948/2948/2948 2976/2976/2976
f 2947/2947/2947 2976/2976/2976 2975/2975/2975
f 2948/2948/2948 2949/2949/2949 2977/2977/2977
f 2948/2948/2948 2977/2977/2977 2976/2976/2976
f 2949/2949/2949 2950/2950/2950 2978/2978/2978
f 2949/2949/2949 2978/2978/2978 2977/2977/2977
f 2950/2950/2950 2951/2951/2951 2979/2979/2979
f 2950/2950/2950 2979/2979/2979 2978/2978/2978
f 2951/2951/2951 2952/2952/2952 2980/2980/2980
f 2951/2951/2951 2980/2980/2980 2979/2979/2979
f 2952/2952/2952 2953/2953/2953 2981/2981/2981
f 2952/2952/2952 2981/2981/2981 2980/2980/2980
f 2953/2953/2953 2954/2954/2954 2982/2982/2982
f 2953/2953/2953 2982/2982/2982 2981/2981/2981
f 2954/2954/2954 2955/2955/2955 2983/2983/2983
f 2954/2954/2954 2983/2983/2983 2982/2982/2982
f 2955/2955/2955 2956/2956/2956 2984/2984/2984
f 2955/2955/2955 2984/2984/2984 2983/2983/2983
f 2956/2956/2956 2957/2957/2957 2985/2985/2985
f 2956/2956/2956 2985/2985/2985 2984/2984/2984
f 2957/2957/2957 2958/2958/2958 2986/2986/2986
f 2957/2957/2957 2986/2986/2986 2985/2985/2985
f 2958/2958/2958 2959/2959/2959 2987/2987/2987
f 2958/2958/2958 2987/2987/2987 2986/2986/2986
f 2959/2959/2959 2960/2960/2960 2988/2988/2988
f 2959/2959/2959 2988/2988/2988 2987/2987/2987
f 2960/2960/2960 2961/2961/2961 2989/2989/2989
f 2960/2960/2960 2989/2989/2989 2988/2988/2988
f 2961/2961/2961 2962/2962/2962 2990/2990/2990
f 2961/2961/2961 2990/2990/2990 2989/2989/2989
f 2962/2962/2962 2963/2963/2963 2991/2991/2991
f 2962/2962/2962 2991/2991/2991 2990/2990/2990
f 2963/2963/2963 2964/2964/2964 2992/2992/2992
f 2963/2963/2963 2992/2992/2992 2991/2991/2991
f 2964/2964/2964 2965/2965/2965 2993/2993/2993
f 2964/2964/2964 2993/2993/2993 2992/2992/2992
f 2965/2965/2965 2966/2966/2966 2994/2994/2994
f 2965/2965/2965 2994/2994/2994 2993/2993/2993
f 2966/2966/2966 2967/2967/2967 2995/2995/2995
f 2966/2966/2966 2995/2995/2995 2994/2994/2994
f 2967/2967/2967 2968/2968/2968 2996/2996/2996
f 2967/2967/2967 2996/2996/2996 2995/2995/2995
f 2968/2968/2968 2969/2969/2969 2997/2997/2997
f 2968/2968/2968 2997/2997/2997 2996/2996/2996
f 2969/2969/2969 2970/2970/2970 2998/2998/2998
f 2969/2969/2969 2998/2998/2998 2997/2997/2997
f 2970/2970/2970 2971/2971/2971 2999/2999/2999
f 2970/2970/2970 2999/2999/2999 2998/2998/2998
f 2971/2971/2971 2972/2972/2972 3000/3000/3000
f 2971/2971/2971 3000/3000/3000 2999/2999/2999
f 2972/2972/2972 2973/2973/2973 3001/3001/3001
f 2972/2972/2972 3001/3001/3001 3000/3000/3000
f 2973/2973/2973 2974/2974/2974 3002/3002/3002
f 2973/2973/2973 3002/3002/3002 3001/3001/3001
f 2974/2974/2974 2947/2947/2947 2975/2975/2975
f 2974/2974/2974 2975/2975/2975 3002/3002/3002
f 2975/2975/2975 2976/2976/2976 3004/3004/3004
f 2975/2975/2975 3004/3004/3004 3003/3003/3003
f 2976/2976/2976 2977/2977/2977 3005/3005/3005
f 2976/2976/2976 3005/3005/3005 3004/3004/3004
f 2977/2977/2977 2978/2978/2978 3006/3006/3006
f 2977/2977/2977 3006/3006/3006 3005/3005/3005
f 2978/2978/2978 2979/2979/2979 3007/3007/3007
f 2978/2978/2978 3007/3007/3007 3006/3006/3006
f 2979/2979/2979 2980/2980/2980 3008/3008/3008
f 2979/2979/2979 3008/3008/3008 3007/3007/3007
f 2980/2980/2980 2981/2981/2981 3009/3009/3009
f 2980/2980/2980 3009/3009/3009 3008/3008/3008
f 2981/2981/2981 2982/2982/2982 3010/3010/3010
f 2981/2981/2981 3010/3010/3010 3009/3009/3009
f 2982/2982/2982 2983/2983/2983 3011/3011/3011
f 2982/2982/2982 3011/3011/3011 3010/3010/3010
f 2983/2983/2983 2984/2984/2984 3012/3012/3012
f 2983/2983/2983 3012/3012/3012 3011/3011/3011
f 2984/2984/2984 2985/2985/2985 3013/3013/3013
f 2984/2984/2984 3013/3013/3013 3012/3012/3012
f 2985/2985/2985 2986/2986/2986 3014/3014/3014
f 2985/2985/2985 3014/3014/3014 3013/3013/3013
f 2986/2986/2986 2987/2987/2987 3015/3015/3015
f 2986/2986/2986 3015/3015/3015 3014/3014/3014
f 2987/2987/2987 2988/2988/2988 3016/3016/3016
f 2987/2987/2987 3016/3016/3016 3015/3015/3015
f 2988/2988/2988 2989/2989/2989 3017/3017/3017
f 2988/2988/2988 3017/3017/3017 3016/3016/3016
f 2989/2989/2989 2990/2990/2990 3018/3018/3018
f 2989/2989/2989 3018/3018/3018 3017/3017/3017
f 2990/2990/2990 2991/2991/2991 3019/3019/3019
f 2990/2990/2990 3019/3019/3019 3018/3018/3018
f 2991/2991/2991 2992/2992/2992 3020/3020/3020
f 2991/2991/2991 3020/3020/3020 3019/3019/3019
f 2992/2992/2992 2993/2993/2993 3021/3021/3021
f 2992/2992/2992 3021/3021/3021 3020/3020/3020
f 2993/2993/2993 2994/2994/2994 3022/3022/3022
f 2993/2993/2993 3022/3022/3022 3021/3021/3021
f 2994/2994/2994 2995/2995/2995 3023/3023/3023
f 2994/2994/2994 3023/3023/3023 3022/3022/3022
f 2995/2995/2995 2996/2996/2996 3024/3024/3024
f 2995/2995/2995 3024/3024/3024 3023/3023/3023
f 2996/2996/2996 2997/2997/2997 3025/3025/3025
f 2996/2996/2996 3025/3025/3025 3024/3024/3024
f 2997/2997/2997 2998/2998/2998 3026/3026/3026
f 2997/2997/2997 3026/3026/3026 3025/3025/3025
f 2998/2998/2998 2999/2999/2999 3027/3027/3027
f 2998/2998/2998 3027/3027/3027 3026/3026/3026
f 2999/2999/2999 3000/3000/3000 3028/3028/3028
f 2999/2999/2999 3028/3028/3028 3027/3027/3027
f 3000/3000/3000 3001/3001/3001 3029/3029/3029
f 3000/3000/3000 3029/3029/3029 3028/3028/3028
f 3001/3001/3001 3002/3002/3002 3030/3030/3030
f 3001/3001/3001 3030/3030/3030 3029/3029/3029
f 3002/3002/3002 2975/2975/2975 3003/3003/3003
f 3002/3002/3002 3003/3003/3003 3030/3030/3030
f 3003/3003/3003 3004/3004/3004 3032/3032/3032
f 3003/3003/3003 3032/3032/3032 3031/3031/3031
f 3004/3004/3004 3005/3005/3005 3033/3033/3033
f 3004/3004/3004 3033/3033/3033 3032/3032/3032
f 3005/3005/3005 3006/3006/3006 3034/3034/3034
f 3005/3005/3005 3034/3034/3034 3033/3033/3033
f 3006/3006/3006 3007/3007/3007 3035/3035/3035
f 3006/3006/3006 3035/3035/3035 3034/3034/3034
f 3007/3007/3007 3008/3008/3008 3036/3036/3036
f 3007/3007/3007 3036/3036/3036 3035/3035/3035
f 3008/3008/3008 3009/3009/3009 3037/3037/3037
f 3008/3008/3008 3037/3037/3037 3036/3036/3036
f 3009/3009/3009 3010/3010/3010 3038/3038/3038
f 3009/3009/3009 3038/3038/3038 3037/3037/3037
f 3010/3010/3010 3011/3011/3011 3039/3039/3039
f 3010/3010/3010 3039/3039/3039 3038/3038/3038
f 3011/3011/3011 3012/3012/3012 3040/3040/3040
f 3011/3011/3011 3040/3040/3040 3039/3039/3039
f 3012/3012/3012 3013/3013/3013 3041/3041/3041
f 3012/3012/3012 3041/3041/3041 3040/3040/3040
f 3013/3013/3013 3014/3014/3014 3042/3042/3042
f 3013/3013/3013 3042/3042/3042 3041/3041/3041
f 3014/3014/3014 3015/3015/3015 3043/3043/3043
f 3014/3014/3014 3043/3043/3043 3042/3042/3042
f 3015/3015/3015 3016/3016/3016 3044/3044/3044
f 3015/3015/3015 3044/3044/3044 3043/3043/3043
f 3016/3016/3016 3017/3017/3017 3045/3045/3045
f 3016/3016/3016 3045/3045/3045 3044/3044/3044
f 3017/3017/3017 3018/3018/3018 3046/3046/3046
f 3017/3017/3017 3046/3046/3046 3045/3045/3045
f 3018/3018/3018 3019/3019/3019 3047/3047/3047
f 3018/3018/3018 3047/3047/3047 3046/3046/3046
f 3019/3019/3019 3020/3020/3020 3048/3048/3048
f 3019/3019/3019 3048/3048/3048 3047/3047/3047
f 3020/3020/3020 3021/3021/3021 3049/3049/3049
f 3020/3020/3020 3049/3049/3049 3048/3048/3048
f 3021/3021/3021 3022/3022/3022 3050/3050/3050
f 3021/3021/3021 3050/3050/3050 3049/3049/3049
f 3022/3022/3022 3023/3023/3023 3051/3051/3051
f 3022/3022/3022 3051/3051/3051 3050/3050/3050
f 3023/3023/3023 3024/3024/3024 3052/3052/3052
f 3023/3023/3023 3052/3052/3052 3051/3051/3051
f 3024/3024/3024 3025/3025/3025 3053/3053/3053
f 3024/3024/3024 3053/3053/3053 3052/3052/3052
f 3025/3025/3025 3026/3026/3026 3054/3054/3054
f 3025/3025/3025 3054/3054/3054 3053/3053/3053
f 3026/3026/3026 3027/3027/3027 3055/3055/3055
f 3026/3026/3026 3055/3055/3055 3054/3054/3054
f 3027/3027/3027 3028/3028/3028 3056/3056/3056
f 3027/3027/3027 3056/3056/3056 3055/3055/3055
f 3028/3028/3028 3029/3029/3029 3057/3057/3057
f 3028/3028/3028 3057/3057/3057 3056/3056/3056
f 3029/3029/3029 3030/3030/3030 3058/3058/3058
f 3029/3029/3029 3058/3058/3058 3057/3057/3057
f 3030/3030/3030 3003/3003/3003 3031/3031/3031
f 3030/3030/3030 3031/3031/3031 3058/3058/3058
f 3031/3031/3031 3032/3032/3032 3060/3060/3060
f 3031/3031/3031 3060/3060/3060 3059/3059/3059
f 3032/3032/3032 3033/3033/3033 3061/3061/3061
f 3032/3032/3032 3061/3061/3061 3060/3060/3060
f 3033/3033/3033 3034/3034/3034 3062/3062/3062
f 3033/3033/3033 3062/3062/3062 3061/3061/3061
f 3034/3034/3034 3035/3035/3035 3063/3063/3063
f 3034/3034/3034 3063/3063/3063 3062/3062/3062
f 3035/3035/3035 3036/3036/3036 3064/3064/3064
f 3035/3035/3035 3064/3064/3064 3063/3063/3063
f 3036/3036/3036 3037/3037/3037 3065/3065/3065
f 3036/3036/3036 3065/3065/3065 3064/3064/3064
f 3037/3037/3037 3038/3038/3038 3066/3066/3066
f 3037/3037/3037 3066/3066/3066 3065/3065/3065
f 3038/3038/3038 3039/3039/3039 3067/3067/3067
f 3038/3038/3038 3067/3067/3067 3066/3066/3066
f 3039/3039/3039 3040/3040/3040 3068/3068/3068
f 3039/3039/3039 3068/3068/3068 3067/3067/3067
f 3040/3040/3040 3041/3041/3041 3069/3069/3069
f 3040/3040/3040 3069/3069/3069 3068/3068/3068
f 3041/3041/3041 3042/3042/3042 3070/3070/3070
f 3041/3041/3041 3070/3070/3070 3069/3069/3069
f 3042/3042/3042 3043/3043/3043 3071/3071/3071
f 3042/3042/3042 3071/3071/3071 3070/3070/3070
f 3043/3043/3043 3044/3044/3044 3072/3072/3072
f 3043/3043/3043 3072/3072/3072 3071/3071/3071
f 3044/3044/3044 3045/3045/3045 3073/3073/3073
f 3044/3044/3044 3073/3073/3073 3072/3072/3072
f 3045/3045/3045 3046/3046/3046 3074/3074/3074
f 3045/3045/3045 3074/3074/3074 3073/3073/3073
f 3046/3046/3046 3047/3047/3047 3075/3075/3075
f 3046/3046/3046 3075/3075/3075 3074/3074/3074
f 3047/3047/3047 3048/3048/3048 3076/3076/3076
f 3047/3047/3047 3076/3076/3076 3075/3075/3075
f 3048/3048/3048 3049/3049/3049 3077/3077/3077
f 3048/3048/3048 3077/3077/3077 3076/3076/3076
f 3049/3049/3049 3050/3050/3050 3078/3078/3078
f 3049/3049/3049 3078/3078/3078 3077/3077/3077
f 3050/3050/3050 3051/3051/3051 3079/3079/3079
f 3050/3050/3050 3079/3079/3079 3078/3078/3078
f 3051/3051/3051 3052/3052/3052 3080/3080/3080
f 3051/3051/3051 3080/3080/3080 3079/3079/3079
f 3052/3052/3052 3053/3053/3053 3081/3081/3081
f 3052/3052/3052 3081/3081/3081 3080/3080/3080
f 3053/3053/3053 3054/3054/3054 3082/3082/3082
f 3053/3053/3053 3082/3082/3082 3081/3081/3081
f 3054/3054/3054 3055/3055/3055 3083/3083/3083
f 3054/3054/3054 3083/3083/3083 3082/3082/3082
f 3055/3055/3055 3056/3056/3056 3084/3084/3084
f 3055/3055/3055 3084/3084/3084 3083/3083/3083
f 3056/3056/3056 3057/3057/3057 3085/3085/3085
f 3056/3056/3056 3085/3085/3085 3084/3084/3084
f 3057/3057/3057 3058/3058/3058 3086/3086/3086
f 3057/3057/3057 3086/3086/3086 3085/3085/3085
f 3058/3058/3058 3031/3031/3031 3059/3059/3059
f 3058/3058/3058 3059/3059/3059 3086/3086/3086
f 3059/3059/3059 3060/3060/3060 3088/3088/3088
f 3059/3059/3059 3088/3088/3088 3087/3087/3087
f 3060/3060/3060 3061/3061/3061 3089/3089/3089
f 3060/3060/3060 3089/3089/3089 3088/3088/3088
f 3061/3061/3061 3062/3062/3062 3090/3090/3090
f 3061/3061/3061 3090/3090/3090 3089/3089/3089
f 3062/3062/3062 3063/3063/3063 3091/3091/3091
f 3062/3062/3062 3091/3091/3091 3090/3090/3090
f 3063/3063/3063 3064/3064/3064 3092/3092/3092
f 3063/3063/3063 3092/3092/3092 3091/3091/3091
f 3064/3064/3064 3065/3065/3065 3093/3093/3093
f 3064/3064/3064 3093/3093/3093 3092/3092/3092
f 3065/3065/3065 3066/3066/3066 3094/3094/3094
f 3065/3065/3065 3094/3094/3094 3093/3093/3093
f 3066/3066/3066 3067/3067/3067 3095/3095/3095
f 3066/3066/3066 3095/3095/3095 3094/3094/3094
f 3067/3067/3067 3068/3068/3068 3096/3096/3096
f 3067/3067/3067 3096/3096/3096 3095/3095/3095
f 3068/3068/3068 3069/3069/3069 3097/3097/3097
f 3068/3068/3068 3097/3097/3097 3096/3096/3096
f 3069/3069/3069 3070/3070/3070 3098/3098/3098
f 3069/3069/3069 3098/3098/3098 3097/3097/3097
f 3070/3070/3070 3071/3071/3071 3099/3099/3099
f 3070/3070/3070 3099/3099/3099 3098/3098/3098
f 3071/3071/3071 3072/3072/3072 3100/3100/3100
f 3071/3071/3071 3100/3100/3100 3099/3099/3099
f 3072/3072/3072 3073/3073/3073 3101/3101/3101
f 3072/3072/3072 3101/3101/3101 3100/3100/3100
f 3073/3073/3073 3074/3074/3074 3102/3102/3102
f 3073/3073/3073 3102/3102/3102 3101/3101/3101
f 3074/3074/3074 3075/3075/3075 3103/3103/3103
f 3074/3074/3074 3103/3103/3103 3102/3102/3102
f 3075/3075/3075 3076/3076/3076 3104/3104/3104
f 3075/3075/3075 3104/3104/3104 3103/3103/3103
f 3076/3076/3076 3077/3077/3077 3105/3105/3105
f 3076/3076/3076 3105/3105/3105 3104/3104/3104
f 3077/3077/3077 3078/3078/3078 3106/3106/3106
f 3077/3077/3077 3106/3106/3106 3105/3105/3105
f 3078/3078/3078 3079/3079/3079 3107/3107/3107
f 3078/3078/3078 3107/3107/3107 3106/3106/3106
f 3079/3079/3079 3080/3080/3080 3108/3108/3108
f 3079/3079/3079 3108/3108/3108 3107/3107/3107
f 3080/3080/3080 3081/3081/3081 3109/3109/3109
f 3080/3080/3080 3109/3109/3109 3108/3108/3108
f 3081/3081/3081 3082/3082/3082 3110/3110/3110
f 3081/3081/3081 3110/3110/3110 3109/3109/3109
f 3082/3082/3082 3083/3083/3083 3111/3111/3111
f 3082/3082/3082 3111/3111/3111 3110/3110/3110
f 3083/3083/3083 3084/3084/3084 3112/3112/3112
f 3083/3083/3083 3112/3112/3112 3111/3111/3111
f 3084/3084/3084 3085/3085/3085 3113/3113/3113
f 3084/3084/3084 3113/3113/3113 3112/3112/3112
f 3085/3085/3085 3086/3086/3086 3114/3114/3114
f 3085/3085/3085 3114/3114/3114 3113/3113/3113
f 3086/3086/3086 3059/3059/3059 3087/3087/3087
f 3086/3086/3086 3087/3087/3087 3114/3114/3114
f 3087/3087/3087 3088/3088/3088 3116/3116/3116
f 3087/3087/3087 3116/3116/3116 3115/3115/3115
f 3088/3088/3088 3089/3089/3089 3117/3117/3117
f 3088/3088/3088 3117/3117/3117 3116/3116/3116
f 3089/3089/3089 3090/3090/3090 3118/3118/3118
f 3089/3089/3089 3118/3118/3118 3117/3117/3117
f 3090/3090/3090 3091/3091/3091 3119/3119/3119
f 3090/3090/3090 3119/3119/3119 3118/3118/3118
f 3091/3091/3091 3092/3092/3092 3120/3120/3120
f 3091/3091/3091 3120/3120/3120 3119/3119/3119
f 3092/3092/3092 3093/3093/3093 3121/3121/3121
f 3092/3092/3092 3121/3121/3121 3120/3120/3120
f 3093/3093/3093 3094/3094/3094 3122/3122/3122
f 3093/3093/3093 3122/3122/3122 3121/3121/3121
f 3094/3094/3094 3095/3095/3095 3123/3123/3123
f 3094/3094/3094 3123/3123/3123 3122/3122/3122
f 3095/3095/3095 3096/3096/3096 3124/3124/3124
f 3095/3095/3095 3124/3124/3124 3123/3123/3123
f 3096/3096/3096 3097/3097/3097 3125/3125/3125
f 3096/3096/3096 3125/3125/3125 3124/3124/3124
f 3097/3097/3097 3098/3098/3098 3126/3126/3126
f 3097/3097/3097 3126/3126/3126 3125/3125/3125
f 3098/3098/3098 3099/3099/3099 3127/3127/3127
f 3098/3098/3098 3127/3127/3127 3126/3126/3126
f 3099/3099/3099 3100/3100/3100 3128/3128/3128
f 3099/3099/3099 3128/3128/3128 3127/3127/3127
f 3100/3100/3100 3101/3101/3101 3129/3129/3129
f 3100/3100/3100 3129/3129/3129 3128/3128/3128
f 3101/3101/3101 3102/3102/3102 3130/3130/3130
f 3101/3101/3101 3130/3130/3130 3129/3129/3129
f 3102/3102/3102 3103/3103/3103 3131/3131/3131
f 3102/3102/3102 3131/3131/3131 3130/3130/3130
f 3103/3103/3103 3104/3104/3104 3132/3132/3132
f 3103/3103/3103 3132/3132/3132 3131/3131/3131
f 3104/3104/3104 3105/3105/3105 3133/3133/3133
f 3104/3104/3104 3133/3133/3133 3132/3132/3132
f 3105/3105/3105 3106/3106/3106 3134/3134/3134
f 3105/3105/3105 3134/3134/3134 3133/3133/3133
f 3106/3106/3106 3107/3107/3107 3135/3135/3135
f 3106/3106/3106 3135/3135/3135 3134/3134/3134
f 3107/3107/3107 3108/3108/3108 3136/3136/3136
f 3107/3107/3107 3136/3136/3136 3135/3135/3135
f 3108/3108/3108 3109/3109/3109 3137/3137/3137
f 3108/3108/3108 3137/3137/3137 3136/3136/3136
f 3109/3109/3109 3110/3110/3110 3138/3138/3138
f 3109/3109/3109 3138/3138/3138 3137/3137/3137
f 3110/3110/3110 3111/3111/3111 3139/3139/3139
f 3110/3110/3110 3139/3139/3139 3138/3138/3138
f 3111/3111/3111 3112/3112/3112 3140/3140/3140
f 3111/3111/3111 3140/3140/3140 3139/3139/3139
f 3112/3112/3112 3113/3113/3113 3141/3141/3141
f 3112/3112/3112 3141/3141/3141 3140/3140/3140
f 3113/3113/3113 3114/3114/3114 3142/3142/3142
f 3113/3113/3113 3142/3142/3142 3141/3141/3141
f 3114/3114/3114 3087/3087/3087 3115/3115/3115
f 3114/3114/3114 3115/3115/3115 3142/3142/3142
f 3143/3143/3143 3145/3145/3145 3144/3144/3144
f 3143/3143/3143 3146/3146/3146 3145/3145/3145
f 3143/3143/3143 3147/3147/3147 3146/3146/3146
f 3143/3143/3143 3148/3148/3148 3147/3147/3147
f 3143/3143/3143 3149/3149/3149 3148/3148/3148
f 3143/3143/3143 3150/3150/3150 3149/3149/3149
f 3143/3143/3143 3151/3151/3151 3150/3150/3150
f 3143/3143/3143 3152/3152/3152 3151/3151/3151
f 3143/3143/3143 3153/3153/3153 3152/3152/3152
f 3143/3143/3143 3154/3154/3154 3153/3153/3153
f 3143/3143/3143 3155/3155/3155 3154/3154/3154
f 3143/3143/3143 3156/3156/3156 3155/3155/3155
f 3143/3143/3143 3157/3157/3157 3156/3156/3156
f 3143/3143/3143 3158/3158/3158 3157/3157/3157
f 3143/3143/3143 3159/3159/3159 3158/3158/3158
f 3143/3143/3143 3160/3160/3160 3159/3159/3159
f 3143/3143/3143 3161/3161/3161 3160/3160/3160
f 3143/3143/3143 3162/3162/3162 3161/3161/3161
f 3143/3143/3143 3163/3163/3163 3162/3162/3162
f 3143/3143/3143 3164/3164/3164 3163/3163/3163
f 3143/3143/3143 3165/3165/3165 3164/3164/3164
f 3143/3143/3143 3166/3166/3166 3165/3165/3165
f 3143/3143/3143 3167/3167/3167 3166/3166/3166
f 3143/3143/3143 3168/3168/3168 3167/3167/3167
f 3143/3143/3143 3169/3169/3169 3168/3168/3168
f 3143/3143/3143 3170/3170/3170 3169/3169/3169
f 3143/3143/3143 3171/3171/3171 3170/3170/3170
f 3143/3143/3143 3144/3144/3144 3171/3171/3171
f 3172/3172/3172 3173/3173/3173 3185/3185/3185
f 3172/3172/3172 3185/3185/3185 3184/3184/3184
f 3173/3173/3173 3174/3174/3174 3186/3186/3186
f 3173/3173/3173 3186/3186/3186 3185/3185/3185
f 3174/3174/3174 3175/3175/3175 3187/3187/3187
f 3174/3174/3174 3187/3187/3187 3186/3186/3186
f 3175/3175/3175 3176/3176/3176 3188/3188/3188
f 3175/3175/3175 3188/3188/3188 3187/3187/3187
f 3176/3176/3176 3177/3177/3177 3189/3189/3189
f 3176/3176/3176 3189/3189/3189 3188/3188/3188
f 3177/3177/3177 3178/3178/3178 3190/3190/3190
f 3177/3177/3177 3190/3190/3190 3189/3189/3189
f 3178/3178/3178 3179/3179/3179 3191/3191/3191
f 3178/3178/3178 3191/3191/3191 3190/3190/3190
f 3179/3179/3179 3180/3180/3180 3192/3192/3192
f 3179/3179/3179 3192/3192/3192 3191/3191/3191
f 3180/3180/3180 3181/3181/3181 3193/3193/3193
f 3180/3180/3180 3193/3193/3193 3192/3192/3192
f 3181/3181/3181 3182/3182/3182 3194/3194/3194
f 3181/3181/3181 3194/3194/3194 3193/3193/3193
f 3182/3182/3182 3183/3183/3183 3195/3195/3195
f 3182/3182/3182 3195/3195/3195 3194/3194/3194
f 3183/3183/3183 3172/3172/3172 3184/3184/3184
f 3183/3183/3183 3184/3184/3184 3195/3195/3195
f 3184/3184/3184 3185/3185/3185 3197/3197/3197
f 3184/3184/3184 3197/3197/3197 3196/3196/3196
f 3185/3185/3185 3186/3186/3186 3198/3198/3198
f 3185/3185/3185 3198/3198/3198 3197/3197/3197
f 3186/3186/3186 3187/3187/3187 3199/3199/3199
f 3186/3186/3186 3199/3199/3199 3198/3198/3198
f 3187/3187/3187 3188/3188/3188 3200/3200/3200
f 3187/3187/3187 3200/3200/3200 3199/3199/3199
f 3188/3188/3188 3189/3189/3189 3201/3201/3201
f 3188/3188/3188 3201/3201/3201 3200/3200/3200
f 3189/3189/3189 3190/3190/3190 3202/3202/3202
f 3189/3189/3189 3202/3202/3202 3201/3201/3201
f 3190/3190/3190 3191/3191/3191 3203/3203/3203
f 3190/3190/3190 3203/3203/3203 3202/3202/3202
f 3191/3191/3191 3192/3192/3192 3204/3204/3204
f 3191/3191/3191 3204/3204/3204 3203/3203/3203
f 3192/3192/3192 3193/3193/3193 3205/3205/3205
f 3192/3192/3192 3205/3205/3205 3204/3204/3204
f 3193/3193/3193 3194/3194/3194 3206/3206/3206
f 3193/3193/3193 3206/3206/3206 3205/3205/3205
f 3194/3194/3194 3195/3195/3195 3207/3207/3207
f 3194/3194/3194 3207/3207/3207 3206/3206/3206
f 3195/3195/3195 3184/3184/3184 3196/3196/3196
f 3195/3195/3195 3196/3196/3196 3207/3207/3207
f 3196/3196/3196 3197/3197/3197 3209/3209/3209
f 3196/3196/3196 3209/3209/3209 3208/3208/3208
f 3197/3197/3197 3198/3198/3198 3210/3210/3210
f 3197/3197/3197 3210/3210/3210 3209/3209/3209
f 3198/3198/3198 3199/3199/3199 3211/3211/3211
f 3198/3198/3198 3211/3211/3211 3210/3210/3210
f 3199/3199/3199 3200/3200/3200 3212/3212/3212
f 3199/3199/3199 3212/3212/3212 3211/3211/3211
f 3200/3200/3200 3201/3201/3201 3213/3213/3213
f 3200/3200/3200 3213/3213/3213 3212/3212/3212
f 3201/3201/3201 3202/3202/3202 3214/3214/3214
f 3201/3201/3201 3214/3214/3214 3213/3213/3213
f 3202/3202/3202 3203/3203/3203 3215/3215/3215
f 3202/3202/3202 3215/3215/3215 3214/3214/3214
f 3203/3203/3203 3204/3204/3204 3216/3216/3216
f 3203/3203/3203 3216/3216/3216 3215/3215/3215
f 3204/3204/3204 3205/3205/3205 3217/3217/3217
f 3204/3204/3204 3217/3217/3217 3216/3216/3216
f 3205/3205/3205 3206/3206/3206 3218/3218/3218
f 3205/3205/3205 3218/3218/3218 3217/3217/3217
f 3206/3206/3206 3207/3207/3207 3219/3219/3219
f 3206/3206/3206 3219/3219/3219 3218/3218/3218
f 3207/3207/3207 3196/3196/3196 3208/3208/3208
f 3207/3207/3207 3208/3208/3208 3219/3219/3219
f 3208/3208/3208 3209/3209/3209 3221/3221/3221
f 3208/3208/3208 3221/3221/3221 3220/3220/3220
f 3209/3209/3209 3210/3210/3210 3222/3222/3222
f 3209/3209/3209 3222/3222/3222 3221/3221/3221
f 3210/3210/3210 3211/3211/3211 3223/3223/3223
f 3210/3210/3210 3223/3223/3223 3222/3222/3222
f 3211/3211/3211 3212/3212/3212 3224/3224/3224
f 3211/3211/3211 3224/3224/3224 3223/3223/3223
f 3212/3212/3212 3213/3213/3213 3225/3225/3225
f 3212/3212/3212 3225/3225/3225 3224/3224/3224
f 3213/3213/3213 3214/3214/3214 3226/3226/3226
f 3213/3213/3213 3226/3226/3226 3225/3225/3225
f 3214/3214/3214 3215/3215/3215 3227/3227/3227
f 3214/3214/3214 3227/3227/3227 3226/3226/3226
f 3215/3215/3215 3216/3216/3216 3228/3228/3228
f 3215/3215/3215 3228/3228/3228 3227/3227/3227
f 3216/3216/3216 3217/3217/3217 3229/3229/3229
f 3216/3216/3216 3229/3229/3229 3228/3228/3228
f 3217/3217/3217 3218/3218/3218 3230/3230/3230
f 3217/3217/3217 3230/3230/3230 3229/3229/3229
f 3218/3218/3218 3219/3219/3219 3231/3231/3231
f 3218/3218/3218 3231/3231/3231 3230/3230/3230
f 3219/3219/3219 3208/3208/3208 3220/3220/3220
f 3219/3219/3219 3220/3220/3220 3231/3231/3231
f 3220/3220/3220 3221/3221/3221 3233/3233/3233
f 3220/3220/3220 3233/3233/3233 3232/3232/3232
f 3221/3221/3221 3222/3222/3222 3234/3234/3234
f 3221/3221/3221 3234/3234/3234 3233/3233/3233
f 3222/3222/3222 3223/3223/3223 3235/3235/3235
f 3222/3222/3222 3235/3235/3235 3234/3234/3234
f 3223/3223/3223 3224/3224/3224 3236/3236/3236
f 3223/3223/3223 3236/3236/3236 3235/3235/3235
f 3224/3224/3224 3225/3225/3225 3237/3237/3237
f 3224/3224/3224 3237/3237/3237 3236/3236/3236
f 3225/3225/3225 3226/3226/3226 3238/3238/3238
f 3225/3225/3225 3238/3238/3238 3237/3237/3237
f 3226/3226/3226 3227/3227/3227 3239/3239/3239
f 3226/3226/3226 3239/3239/3239 3238/3238/3238
f 3227/3227/3227 3228/3228/3228 3240/3240/3240
f 3227/3227/3227 3240/3240/3240 3239/3239/3239
f 3228/3228/3228 3229/3229/3229 3241/3241/3241
f 3228/3228/3228 3241/3241/3241 3240/3240/3240
f 3229/3229/3229 3230/3230/3230 3242/3242/3242
f 3229/3229/3229 3242/3242/3242 3241/3241/3241
f 3230/3230/3230 3231/3231/3231 3243/3243/3243
f 3230/3230/3230 3243/3243/3243 3242/3242/3242
f 3231/3231/3231 3220/3220/3220 3232/3232/3232
f 3231/3231/3231 3232/3232/3232 3243/3243/3243
f 3232/3232/3232 3233/3233/3233 3245/3245/3245
f 3232/3232/3232 3245/3245/3245 3244/3244/3244
f 3233/3233/3233 3234/3234/3234 3246/3246/3246
f 3233/3233/3233 3246/3246/3246 3245/3245/3245
f 3234/3234/3234 3235/3235/3235 3247/3247/3247
f 3234/3234/3234 3247/3247/3247 3246/3246/3246
f 3235/3235/3235 3236/3236/3236 3248/3248/3248
f 3235/3235/3235 3248/3248/3248 3247/3247/3247
f 3236/3236/3236 3237/3237/3237 3249/3249/3249
f 3236/3236/3236 3249/3249/3249 3248/3248/3248
f 3237/3237/3237 3238/3238/3238 3250/3250/3250
f 3237/3237/3237 3250/3250/3250 3249/3249/3249
f 3238/3238/3238 3239/3239/3239 3251/3251/3251
f 3238/3238/3238 3251/3251/3251 3250/3250/3250
f 3239/3239/3239 3240/3240/3240 3252/3252/3252
f 3239/3239/3239 3252/3252/3252 3251/3251/3251
f 3240/3240/3240 3241/3241/3241 3253/3253/3253
f 3240/3240/3240 3253/3253/3253 3252/3252/3252
f 3241/3241/3241 3242/3242/3242 3254/3254/3254
f 3241/3241/3241 3254/3254/3254 3253/3253/3253
f 3242/3242/3242 3243/3243/3243 3255/3255/3255
f 3242/3242/3242 3255/3255/3255 3254/3254/3254
f 3243/3243/3243 3232/3232/3232 3244/3244/3244
f 3243/3243/3243 3244/3244/3244 3255/3255/3255
f 3244/3244/3244 3245/3245/3245 3257/3257/3257
f 3244/3244/3244 3257/3257/3257 3256/3256/3256
f 3245/3245/3245 3246/3246/3246 3258/3258/3258
f 3245/3245/3245 3258/3258/3258 3257/3257/3257
f 3246/3246/3246 3247/3247/3247 3259/3259/3259
f 3246/3246/3246 3259/3259/3259 3258/3258/3258
f 3247/3247/3247 3248/3248/3248 3260/3260/3260
f 3247/3247/3247 3260/3260/3260 3259/3259/3259
f 3248/3248/3248 3249/3249/3249 3261/3261/3261
f 3248/3248/3248 3261/3261/3261 3260/3260/3260
f 3249/3249/3249 3250/3250/3250 3262/3262/3262
f 3249/3249/3249 3262/3262/3262 3261/3261/3261
f 3250/3250/3250 3251/3251/3251 3263/3263/3263
f 3250/3250/3250 3263/3263/3263 3262/3262/3262
f 3251/3251/3251 3252/3252/3252 3264/3264/3264
f 3251/3251/3251 3264/3264/3264 3263/3263/3263
f 3252/3252/3252 3253/3253/3253 3265/3265/3265
f 3252/3252/3252 3265/3265/3265 3264/3264/3264
f 3253/3253/3253 3254/3254/3254 3266/3266/3266
f 3253/3253/3253 3266/3266/3266 3265/3265/3265
f 3254/3254/3254 3255/3255/3255 3267/3267/3267
f 3254/3254/3254 3267/3267/3267 3266/3266/3266
f 3255/3255/3255 3244/3244/3244 3256/3256/3256
f 3255/3255/3255 3256/3256/3256 3267/3267/3267
f 3256/3256/3256 3257/3257/3257 3269/3269/3269
f 3256/3256/3256 3269/3269/3269 3268/3268/3268
f 3257/3257/3257 3258/3258/3258 3270/3270/3270
f 3257/3257/3257 3270/3270/3270 3269/3269/3269
f 3258/3258/3258 3259/3259/3259 3271/3271/3271
f 3258/3258/3258 3271/3271/3271 3270/3270/3270
f 3259/3259/3259 3260/3260/3260 3272/3272/3272
f 3259/3259/3259 3272/3272/3272 3271/3271/3271
f 3260/3260/3260 3261/3261/3261 3273/3273/3273
f 3260/3260/3260 3273/3273/3273 3272/3272/3272
f 3261/3261/3261 3262/3262/3262 3274/3274/3274
f 3261/3261/3261 3274/3274/3274 3273/3273/3273
f 3262/3262/3262 3263/3263/3263 3275/3275/3275
f 3262/3262/3262 3275/3275/3275 3274/3274/3274
f 3263/3263/3263 3264/3264/3264 3276/3276/3276
f 3263/3263/3263 3276/3276/3276 3275/3275/3275
f 3264/3264/3264 3265/3265/3265 3277/3277/3277
f 3264/3264/3264 3277/3277/3277 3276/3276/3276
f 3265/3265/3265 3266/3266/3266 3278/3278/3278
f 3265/3265/3265 3278/3278/3278 3277/3277/3277
f 3266/3266/3266 3267/3267/3267 3279/3279/3279
f 3266/3266/3266 3279/3279/3279 3278/3278/3278
f 3267/3267/3267 3256/3256/3256 3268/3268/3268
f 3267/3267/3267 3268/3268/3268 3279/3279/3279
f 3268/3268/3268 3269/3269/3269 3281/3281/3281
f 3268/3268/3268 3281/3281/3281 3280/3280/3280
f 3269/3269/3269 3270/3270/3270 3282/3282/3282
f 3269/3269/3269 3282/3282/3282 3281/3281/3281
f 3270/3270/3270 3271/3271/3271 3283/3283/3283
f 3270/3270/3270 3283/3283/3283 3282/3282/3282
f 3271/3271/3271 3272/3272/3272 3284/3284/3284
f 3271/3271/3271 3284/3284/3284 3283/3283/3283
f 3272/3272/3272 3273/3273/3273 3285/3285/3285
f 3272/3272/3272 3285/3285/3285 3284/3284/3284
f 3273/3273/3273 3274/3274/3274 3286/3286/3286
f 3273/3273/3273 3286/3286/3286 3285/3285/3285
f 3274/3274/3274 3275/3275/3275 3287/3287/3287
f 3274/3274/3274 3287/3287/3287 3286/3286/3286
f 3275/3275/3275 3276/3276/3276 3288/3288/3288
f 3275/3275/3275 3288/3288/3288 3287/3287/3287
f 3276/3276/3276 3277/3277/3277 3289/3289/3289
f 3276/3276/3276 3289/3289/3289 3288/3288/3288
f 3277/3277/3277 3278/3278/3278 3290/3290/3290
f 3277/3277/3277 3290/3290/3290 3289/3289/3289
f 3278/3278/3278 3279/3279/3279 3291/3291/3291
f 3278/3278/3278 3291/3291/3291 3290/3290/3290
f 3279/3279/3279 3268/3268/3268 3280/3280/3280
f 3279/3279/3279 3280/3280/3280 3291/3291/3291
f 3280/3280/3280 3281/3281/3281 3293/3293/3293
f 3280/3280/3280 3293/3293/3293 3292/3292/3292
f 3281/3281/3281 3282/3282/3282 3294/3294/3294
f 3281/3281/3281 3294/3294/3294 3293/3293/3293
f 3282/3282/3282 3283/3283/3283 3295/3295/3295
f 3282/3282/3282 3295/3295/3295 3294/3294/3294
f 3283/3283/3283 3284/3284/3284 3296/3296/3296
f 3283/3283/3283 3296/3296/3296 3295/3295/3295
f 3284/3284/3284 3285/3285/3285 3297/3297/3297
f 3284/3284/3284 3297/3297/3297 3296/3296/3296
f 3285/3285/3285 3286/3286/3286 3298/3298/3298
f 3285/3285/3285 3298/3298/3298 3297/3297/3297
f 3286/3286/3286 3287/3287/3287 3299/3299/3299
f 3286/3286/3286 3299/3299/3299 3298/3298/3298
f 3287/3287/3287 3288/3288/3288 3300/3300/3300
f 3287/3287/3287 3300/3300/3300 3299/3299/3299
f 3288/3288/3288 3289/3289/3289 3301/3301/3301
f 3288/3288/3288 3301/3301/3301 3300/3300/3300
f 3289/3289/3289 3290/3290/3290 3302/3302/3302
f 3289/3289/3289 3302/3302/3302 3301/3301/3301
f 3290/3290/3290 3291/3291/3291 3303/3303/3303
f 3290/3290/3290 3303/3303/3303 3302/3302/3302
f 3291/3291/3291 3280/3280/3280 3292/3292/3292
f 3291/3291/3291 3292/3292/3292 3303/3303/3303
f 3292/3292/3292 3293/3293/3293 3305/3305/3305
f 3292/3292/3292 3305/3305/3305 3304/3304/3304
f 3293/3293/3293 3294/3294/3294 3306/3306/3306
f 3293/3293/3293 3306/3306/3306 3305/3305/3305
f 3294/3294/3294 3295/3295/3295 3307/3307/3307
f 3294/3294/3294 3307/3307/3307 3306/3306/3306
f 3295/3295/3295 3296/3296/3296 3308/3308/3308
f 3295/3295/3295 3308/3308/3308 3307/3307/3307
f 3296/3296/3296 3297/3297/3297 3309/3309/3309
f 3296/3296/3296 3309/3309/3309 3308/3308/3308
f 3297/3297/3297 3298/3298/3298 3310/3310/3310
f 3297/3297/3297 3310/3310/3310 3309/3309/3309
f 3298/3298/3298 3299/3299/3299 3311/3311/3311
f 3298/3298/3298 3311/3311/3311 3310/3310/3310
f 3299/3299/3299 3300/3300/3300 3312/3312/3312
f 3299/3299/3299 3312/3312/3312 3311/3311/3311
f 3300/3300/3300 3301/3301/3301 3313/3313/3313
f 3300/3300/3300 3313/3313/3313 3312/3312/3312
f 3301/3301/3301 3302/3302/3302 3314/3314/3314
f 3301/3301/3301 3314/3314/3314 3313/3313/3313
f 3302/3302/3302 3303/3303/3303 3315/3315/3315
f 3302/3302/3302 3315/3315/3315 3314/3314/3314
f 3303/3303/3303 3292/3292/3292 3304/3304/3304
f 3303/3303/3303 3304/3304/3304 3315/3315/3315
f 3304/3304/3304 3305/3305/3305 3317/3317/3317
f 3304/3304/3304 3317/3317/3317 3316/3316/3316
f 3305/3305/3305 3306/3306/3306 3318/3318/3318
f 3305/3305/3305 3318/3318/3318 3317/3317/3317
f 3306/3306/3306 3307/3307/3307 3319/3319/3319
f 3306/3306/3306 3319/3319/3319 3318/3318/3318
f 3307/3307/3307 3308/3308/3308 3320/3320/3320
f 3307/3307/3307 3320/3320/3320 3319/3319/3319
f 3308/3308/3308 3309/3309/3309 3321/3321/3321
f 3308/3308/3308 3321/3321/3321 3320/3320/3320
f 3309/3309/3309 3310/3310/3310 3322/3322/3322
f 3309/3309/3309 3322/3322/3322 3321/3321/3321
f 3310/3310/3310 3311/3311/3311 3323/3323/3323
f 3310/3310/3310 3323/3323/3323 3322/3322/3322
f 3311/3311/3311 3312/3312/3312 3324/3324/3324
f 3311/3311/3311 3324/3324/3324 3323/3323/3323
f 3312/3312/3312 3313/3313/3313 3325/3325/3325
f 3312/3312/3312 3325/3325/3325 3324/3324/3324
f 3313/3313/3313 3314/3314/3314 3326/3326/3326
f 3313/3313/3313 3326/3326/3326 3325/3325/3325
f 3314/3314/3314 3315/3315/3315 3327/3327/3327
f 3314/3314/3314 3327/3327/3327 3326/3326/3326
f 3315/3315/3315 3304/3304/3304 3316/3316/3316
f 3315/3315/3315 3316/3316/3316 3327/3327/3327
f 3316/3316/3316 3317/3317/3317 3329/3329/3329
f 3316/3316/3316 3329/3329/3329 3328/3328/3328
f 3317/3317/3317 3318/3318/3318 3330/3330/3330
f 3317/3317/3317 3330/3330/3330 3329/3329/3329
f 3318/3318/3318 3319/3319/3319 3331/3331/3331
f 3318/3318/3318 3331/3331/3331 3330/3330/3330
f 3319/3319/3319 3320/3320/3320 3332/3332/3332
f 3319/3319/3319 3332/3332/3332 3331/3331/3331
f 3320/3320/3320 3321/3321/3321 3333/3333/3333
f 3320/3320/3320 3333/3333/3333 3332/3332/3332
f 3321/3321/3321 3322/3322/3322 3334/3334/3334
f 3321/3321/3321 3334/3334/3334 3333/3333/3333
f 3322/3322/3322 3323/3323/3323 3335/3335/3335
f 3322/3322/3322 3335/3335/3335 3334/3334/3334
f 3323/3323/3323 3324/3324/3324 3336/3336/3336
f 3323/3323/3323 3336/3336/3336 3335/3335/3335
f 3324/3324/3324 3325/3325/3325 3337/3337/3337
f 3324/3324/3324 3337/3337/3337 3336/3336/3336
f 3325/3325/3325 3326/3326/3326 3338/3338/3338
f 3325/3325/3325 3338/3338/3338 3337/3337/3337
f 3326/3326/3326 3327/3327/3327 3339/3339/3339
f 3326/3326/3326 3339/3339/3339 3338/3338/3338
f 3327/3327/3327 3316/3316/3316 3328/3328/3328
f 3327/3327/3327 3328/3328/3328 3339/3339/3339
f 3328/3328/3328 3329/3329/3329 3341/3341/3341
f 3328/3328/3328 3341/3341/3341 3340/3340/3340
f 3329/3329/3329 3330/3330/3330 3342/3342/3342
f 3329/3329/3329 3342/3342/3342 3341/3341/3341
f 3330/3330/3330 3331/3331/3331 3343/3343/3343
f 3330/3330/3330 3343/3343/3343 3342/3342/3342
f 3331/3331/3331 3332/3332/3332 3344/3344/3344
f 3331/3331/3331 3344/3344/3344 3343/3343/3343
f 3332/3332/3332 3333/3333/3333 3345/3345/3345
f 3332/3332/3332 3345/3345/3345 3344/3344/3344
f 3333/3333/3333 3334/3334/3334 3346/3346/3346
f 3333/3333/3333 3346/3346/3346 3345/3345/3345
f 3334/3334/3334 3335/3335/3335 3347/3347/3347
f 3334/3334/3334 3347/3347/3347 3346/3346/3346
f 3335/3335/3335 3336/3336/3336 3348/3348/3348
f 3335/3335/3335 3348/3348/3348 3347/3347/3347
f 3336/3336/3336 3337/3337/3337 3349/3349/3349
f 3336/3336/3336 3349/3349/3349 3348/3348/3348
f 3337/3337/3337 3338/3338/3338 3350/3350/3350
f 3337/3337/3337 3350/3350/3350 3349/3349/3349
f 3338/3338/3338 3339/3339/3339 3351/3351/3351
f 3338/3338/3338 3351/3351/3351 3350/3350/3350
f 3339/3339/3339 3328/3328/3328 3340/3340/3340
f 3339/3339/3339 3340/3340/3340 3351/3351/3351
f 3340/3340/3340 3341/3341/3341 3353/3353/3353
f 3340/3340/3340 3353/3353/3353 3352/3352/3352
f 3341/3341/3341 3342/3342/3342 3354/3354/3354
f 3341/3341/3341 3354/3354/3354 3353/3353/3353
f 3342/3342/3342 3343/3343/3343 3355/3355/3355
f 3342/3342/3342 3355/3355/3355 3354/3354/3354
f 3343/3343/3343 3344/3344/3344 3356/3356/3356
f 3343/3343/3343 3356/3356/3356 3355/3355/3355
f 3344/3344/3344 3345/3345/3345 3357/3357/3357
f 3344/3344/3344 3357/3357/3357 3356/3356/3356
f 3345/3345/3345 3346/3346/3346 3358/3358/3358
f 3345/3345/3345 3358/3358/3358 3357/3357/3357
f 3346/3346/3346 3347/3347/3347 3359/3359/3359
f 3346/3346/3346 3359/3359/3359 3358/3358/3358
f 3347/3347/3347 3348/3348/3348 3360/3360/3360
f 3347/3347/3347 3360/3360/3360 3359/3359/3359
f 3348/3348/3348 3349/3349/3349 3361/3361/3361
f 3348/3348/3348 3361/3361/3361 3360/3360/3360
f 3349/3349/3349 3350/3350/3350 3362/3362/3362
f 3349/3349/3349 3362/3362/3362 3361/3361/3361
f 3350/3350/3350 3351/3351/3351 3363/3363/3363
f 3350/3350/3350 3363/3363/3363 3362/3362/3362
f 3351/3351/3351 3340/3340/3340 3352/3352/3352
f 3351/3351/3351 3352/3352/3352 3363/3363/3363
f 3364/3364/3364 3365/3365/3365 3366/3366/3366
f 3364/3364/3364 3366/3366/3366 3367/3367/3367
f 3368/3368/3368 3369/3369/3369 3370/3370/3370
f 3368/3368/3368 3370/3370/3370 3371/3371/3371
f 3372/3372/3372 3373/3373/3373 3374/3374/3374
f 3372/3372/3372 3374/3374/3374 3375/3375/3375
f 3376/3376/3376 3377/3377/3377 3378/3378/3378
f 3376/3376/3376 3378/3378/3378 3379/3379/3379
f 3380/3380/3380 3381/3381/3381 3382/3382/3382
f 3380/3380/3380 3382/3382/3382 3383/3383/3383
f 3384/3384/3384 3385/3385/3385 3386/3386/3386
f 3384/3384/3384 3386/3386/3386 3387/3387/3387
f 3388/3388/3388 3391/3391/3391 3390/3390/3390
f 3388/3388/3388 3390/3390/3390 3389/3389/3389
f 3392/3392/3392 3393/3393/3393 3394/3394/3394
f 3392/3392/3392 3394/3394/3394 3395/3395/3395
f 3396/3396/3396 3397/3397/3397 3398/3398/3398
f 3396/3396/3396 3398/3398/3398 3399/3399/3399
f 3400/3400/3400 3401/3401/3401 3402/3402/3402
f 3400/3400/3400 3402/3402/3402 3403/3403/3403
f 3404/3404/3404 3405/3405/3405 3406/3406/3406
f 3404/3404/3404 3406/3406/3406 3407/3407/3407
f 3408/3408/3408 3409/3409/3409 3410/3410/3410
f 3408/3408/3408 3410/3410/3410 3411/3411/3411
f 3412/3412/3412 3413/3413/3413 3433/3433/3433
f 3412/3412/3412 3433/3433/3433 3432/3432/3432
f 3413/3413/3413 3414/3414/3414 3434/3434/3434
f 3413/3413/3413 3434/3434/3434 3433/3433/3433
f 3414/3414/3414 3415/3415/3415 3435/3435/3435
f 3414/3414/3414 3435/3435/3435 3434/3434/3434
f 3415/3415/3415 3416/3416/3416 3436/3436/3436
f 3415/3415/3415 3436/3436/3436 3435/3435/3435
f 3416/3416/3416 3417/3417/3417 3437/3437/3437
f 3416/3416/3416 3437/3437/3437 3436/3436/3436
f 3417/3417/3417 3418/3418/3418 3438/3438/3438
f 3417/3417/3417 3438/3438/3438 3437/3437/3437
f 3418/3418/3418 3419/3419/3419 3439/3439/3439
f 3418/3418/3418 3439/3439/3439 3438/3438/3438
f 3419/3419/3419 3420/3420/3420 3440/3440/3440
f 3419/3419/3419 3440/3440/3440 3439/3439/3439
f 3420/3420/3420 3421/3421/3421 3441/3441/3441
f 3420/3420/3420 3441/3441/3441 3440/3440/3440
f 3421/3421/3421 3422/3422/3422 3442/3442/3442
f 3421/3421/3421 3442/3442/3442 3441/3441/3441
f 3422/3422/3422 3423/3423/3423 3443/3443/3443
f 3422/3422/3422 3443/3443/3443 3442/3442/3442
f 3423/3423/3423 3424/3424/3424 3444/3444/3444
f 3423/3423/3423 3444/3444/3444 3443/3443/3443
f 3424/3424/3424 3425/3425/3425 3445/3445/3445
f 3424/3424/3424 3445/3445/3445 3444/3444/3444
f 3425/3425/3425 3426/3426/3426 3446/3446/3446
f 3425/3425/3425 3446/3446/3446 3445/3445/3445
f 3426/3426/3426 3427/3427/3427 3447/3447/3447
f 3426/3426/3426 3447/3447/3447 3446/3446/3446
f 3427/3427/3427 3428/3428/3428 3448/3448/3448
f 3427/3427/3427 3448/3448/3448 3447/3447/3447
f 3428/3428/3428 3429/3429/3429 3449/3449/3449
f 3428/3428/3428 3449/3449/3449 3448/3448/3448
f 3429/3429/3429 3430/3430/3430 3450/3450/3450
f 3429/3429/3429 3450/3450/3450 3449/3449/3449
f 3430/3430/3430 3431/3431/3431 3451/3451/3451
f 3430/3430/3430 3451/3451/3451 3450/3450/3450
f 3431/3431/3431 3412/3412/3412 3432/3432/3432
f 3431/3431/3431 3432/3432/3432 3451/3451/3451
f 3432/3432/3432 3433/3433/3433 3453/3453/3453
f 3432/3432/3432 3453/3453/3453 3452/3452/3452
f 3433/3433/3433 3434/3434/3434 3454/3454/3454
f 3433/3433/3433 3454/3454/3454 3453/3453/3453
f 3434/3434/3434 3435/3435/3435 3455/3455/3455
f 3434/3434/3434 3455/3455/3455 3454/3454/3454
f 3435/3435/3435 3436/3436/3436 3456/3456/3456
f 3435/3435/3435 3456/3456/3456 3455/3455/3455
f 3436/3436/3436 3437/3437/3437 3457/3457/3457
f 3436/3436/3436 3457/3457/3457 3456/3456/3456
f 3437/3437/3437 3438/3438/3438 3458/3458/3458
f 3437/3437/3437 3458/3458/3458 3457/3457/3457
f 3438/3438/3438 3439/3439/3439 3459/3459/3459
f 3438/3438/3438 3459/3459/3459 3458/3458/3458
f 3439/3439/3439 3440/3440/3440 3460/3460/3460
f 3439/3439/3439 3460/3460/3460 3459/3459/3459
f 3440/3440/3440 3441/3441/3441 3461/3461/3461
f 3440/3440/3440 3461/3461/3461 3460/3460/3460
f 3441/3441/3441 3442/3442/3442 3462/3462/3462
f 3441/3441/3441 3462/3462/3462 3461/3461/3461
f 3442/3442/3442 3443/3443/3443 3463/3463/3463
f 3442/3442/3442 3463/3463/3463 3462/3462/3462
f 3443/3443/3443 3444/3444/3444 3464/3464/3464
f 3443/3443/3443 3464/3464/3464 3463/3463/3463
f 3444/3444/3444 3445/3445/3445 3465/3465/3465
f 3444/3444/3444 3465/3465/3465 3464/3464/3464
f 3445/3445/3445 3446/3446/3446 3466/3466/3466
f 3445/3445/3445 3466/3466/3466 3465/3465/3465
f 3446/3446/3446 3447/3447/3447 3467/3467/3467
f 3446/3446/3446 3467/3467/3467 3466/3466/3466
f 3447/3447/3447 3448/3448/3448 3468/3468/3468
f 3447/3447/3447 3468/3468/3468 3467/3467/3467
f 3448/3448/3448 3449/3449/3449 3469/3469/3469
f 3448/3448/3448 3469/3469/3469 3468/3468/3468
f 3449/3449/3449 3450/3450/3450 3470/3470/3470
f 3449/3449/3449 3470/3470/3470 3469/3469/3469
f 3450/3450/3450 3451/3451/3451 3471/3471/3471
f 3450/3450/3450 3471/3471/3471 3470/3470/3470
f 3451/3451/3451 3432/3432/3432 3452/3452/3452
f 3451/3451/3451 3452/3452/3452 3471/3471/3471
f 3452/3452/3452 3453/3453/3453 3473/3473/3473
f 3452/3452/3452 3473/3473/3473 3472/3472/3472
f 3453/3453/3453 3454/3454/3454 3474/3474/3474
f 3453/3453/3453 3474/3474/3474 3473/3473/3473
f 3454/3454/3454 3455/3455/3455 3475/3475/3475
f 3454/3454/3454 3475/3475/3475 3474/3474/3474
f 3455/3455/3455 3456/3456/3456 3476/3476/3476
f 3455/3455/3455 3476/3476/3476 3475/3475/3475
f 3456/3456/3456 3457/3457/3457 3477/3477/3477
f 3456/3456/3456 3477/3477/3477 3476/3476/3476
f 3457/3457/3457 3458/3458/3458 3478/3478/3478
f 3457/3457/3457 3478/3478/3478 3477/3477/3477
f 3458/3458/3458 3459/3459/3459 3479/3479/3479
f 3458/3458/3458 3479/3479/3479 3478/3478/3478
f 3459/3459/3459 3460/3460/3460 3480/3480/3480
f 3459/3459/3459 3480/3480/3480 3479/3479/3479
f 3460/3460/3460 3461/3461/3461 3481/3481/3481
f 3460/3460/3460 3481/3481/3481 3480/3480/3480
f 3461/3461/3461 3462/3462/3462 3482/3482/3482
f 3461/3461/3461 3482/3482/3482 3481/3481/3481
f 3462/3462/3462 3463/3463/3463 3483/3483/3483
f 3462/3462/3462 3483/3483/3483 3482/3482/3482
f 3463/3463/3463 3464/3464/3464 3484/3484/3484
f 3463/3463/3463 3484/3484/3484 3483/3483/3483
f 3464/3464/3464 3465/3465/3465 3485/3485/3485
f 3464/3464/3464 3485/3485/3485 3484/3484/3484
f 3465/3465/3465 3466/3466/3466 3486/3486/3486
f 3465/3465/3465 3486/3486/3486 3485/3485/3485
f 3466/3466/3466 3467/3467/3467 3487/3487/3487
f 3466/3466/3466 3487/3487/3487 3486/3486/3486
f 3467/3467/3467 3468/3468/3468 3488/3488/3488
f 3467/3467/3467 3488/3488/3488 3487/3487/3487
f 3468/3468/3468 3469/3469/3469 3489/3489/3489
f 3468/3468/3468 3489/3489/3489 3488/3488/3488
f 3469/3469/3469 3470/3470/3470 3490/3490/3490
f 3469/3469/3469 3490/3490/3490 3489/3489/3489
f 3470/3470/3470 3471/3471/3471 3491/3491/3491
f 3470/3470/3470 3491/3491/3491 3490/3490/3490
f 3471/3471/3471 3452/3452/3452 3472/3472/3472
f 3471/3471/3471 3472/3472/3472 3491/3491/3491
f 3472/3472/3472 3473/3473/3473 3493/3493/3493
f 3472/3472/3472 3493/3493/3493 3492/3492/3492
f 3473/3473/3473 3474/3474/3474 3494/3494/3494
f 3473/3473/3473 3494/3494/3494 3493/3493/3493
f 3474/3474/3474 3475/3475/3475 3495/3495/3495
f 3474/3474/3474 3495/3495/3495 3494/3494/3494
f 3475/3475/3475 3476/3476/3476 3496/3496/3496
f 3475/3475/3475 3496/3496/3496 3495/3495/3495
f 3476/3476/3476 3477/3477/3477 3497/3497/3497
f 3476/3476/3476 3497/3497/3497 3496/3496/3496
f 3477/3477/3477 3478/3478/3478 3498/3498/3498
f 3477/3477/3477 3498/3498/3498 3497/3497/3497
f 3478/3478/3478 3479/3479/3479 3499/3499/3499
f 3478/3478/3478 3499/3499/3499 3498/3498/3498
f 3479/3479/3479 3480/3480/3480 3500/3500/3500
f 3479/3479/3479 3500/3500/3500 3499/3499/3499
f 3480/3480/3480 3481/3481/3481 3501/3501/3501
f 3480/3480/3480 3501/3501/3501 3500/3500/3500
f 3481/3481/3481 3482/3482/3482 3502/3502/3502
f 3481/3481/3481 3502/3502/3502 3501/3501/3501
f 3482/3482/3482 3483/3483/3483 3503/3503/3503
f 3482/3482/3482 3503/3503/3503 3502/3502/3502
f 3483/3483/3483 3484/3484/3484 3504/3504/3504
f 3483/3483/3483 3504/3504/3504 3503/3503/3503
f 3484/3484/3484 3485/3485/3485 3505/3505/3505
f 3484/3484/3484 3505/3505/3505 3504/3504/3504
f 3485/3485/3485 3486/3486/3486 3506/3506/3506
f 3485/3485/3485 3506/3506/3506 3505/3505/3505
f 3486/3486/3486 3487/3487/3487 3507/3507/3507
f 3486/3486/3486 3507/3507/3507 3506/3506/3506
f 3487/3487/3487 3488/3488/3488 3508/3508/3508
f 3487/3487/3487 3508/3508/3508 3507/3507/3507
f 3488/3488/3488 3489/3489/3489 3509/3509/3509
f 3488/3488/3488 3509/3509/3509 3508/3508/3508
f 3489/3489/3489 3490/3490/3490 3510/3510/3510
f 3489/3489/3489 3510/3510/3510 3509/3509/3509
f 3490/3490/3490 3491/3491/3491 3511/3511/3511
f 3490/3490/3490 3511/3511/3511 3510/3510/3510
f 3491/3491/3491 3472/3472/3472 3492/3492/3492
f 3491/3491/3491 3492/3492/3492 3511/3511/3511
f 3492/3492/3492 3493/3493/3493 3513/3513/3513
f 3492/3492/3492 3513/3513/3513 3512/3512/3512
f 3493/3493/3493 3494/3494/3494 3514/3514/3514
f 3493/3493/3493 3514/3514/3514 3513/3513/3513
f 3494/3494/3494 3495/3495/3495 3515/3515/3515
f 3494/3494/3494 3515/3515/3515 3514/3514/3514
f 3495/3495/3495 3496/3496/3496 3516/3516/3516
f 3495/3495/3495 3516/3516/3516 3515/3515/3515
f 3496/3496/3496 3497/3497/3497 3517/3517/3517
f 3496/3496/3496 3517/3517/3517 3516/3516/3516
f 3497/3497/3497 3498/3498/3498 3518/3518/3518
f 3497/3497/3497 3518/3518/3518 3517/3517/3517
f 3498/3498/3498 3499/3499/3499 3519/3519/3519
f 3498/3498/3498 3519/3519/3519 3518/3518/3518
f 3499/3499/3499 3500/3500/3500 3520/3520/3520
f 3499/3499/3499 3520/3520/3520 3519/3519/3519
f 3500/3500/3500 3501/3501/3501 3521/3521/3521
f 3500/3500/3500 3521/3521/3521 3520/3520/3520
f 3501/3501/3501 3502/3502/3502 3522/3522/3522
f 3501/3501/3501 3522/3522/3522 3521/3521/3521
f 3502/3502/3502 3503/3503/3503 3523/3523/3523
f 3502/3502/3502 3523/3523/3523 3522/3522/3522
f 3503/3503/3503 3504/3504/3504 3524/3524/3524
f 3503/3503/3503 3524/3524/3524 3523/3523/3523
f 3504/3504/3504 3505/3505/3505 3525/3525/3525
f 3504/3504/3504 3525/3525/3525 3524/3524/3524
f 3505/3505/3505 3506/3506/3506 3526/3526/3526
f 3505/3505/3505 3526/3526/3526 3525/3525/3525
f 3506/3506/3506 3507/3507/3507 3527/3527/3527
f 3506/3506/3506 3527/3527/3527 3526/3526/3526
f 3507/3507/3507 3508/3508/3508 3528/3528/3528
f 3507/3507/3507 3528/3528/3528 3527/3527/3527
f 3508/3508/3508 3509/3509/3509 3529/3529/3529
f 3508/3508/3508 3529/3529/3529 3528/3528/3528
f 3509/3509/3509 3510/3510/3510 3530/3530/3530
f 3509/3509/3509 3530/3530/3530 3529/3529/3529
f 3510/3510/3510 3511/3511/3511 3531/3531/3531
f 3510/3510/3510 3531/3531/3531 3530/3530/3530
f 3511/3511/3511 3492/3492/3492 3512/3512/3512
f 3511/3511/3511 3512/3512/3512 3531/3531/3531
f 3512/3512/3512 3513/3513/3513 3533/3533/3533
f 3512/3512/3512 3533/3533/3533 3532/3532/3532
f 3513/3513/3513 3514/3514/3514 3534/3534/3534
f 3513/3513/3513 3534/3534/3534 3533/3533/3533
f 3514/3514/3514 3515/3515/3515 3535/3535/3535
f 3514/3514/3514 3535/3535/3535 3534/3534/3534
f 3515/3515/3515 3516/3516/3516 3536/3536/3536
f 3515/3515/3515 3536/3536/3536 3535/3535/3535
f 3516/3516/3516 3517/3517/3517 3537/3537/3537
f 3516/3516/3516 3537/3537/3537 3536/3536/3536
f 3517/3517/3517 3518/3518/3518 3538/3538/3538
f 3517/3517/3517 3538/3538/3538 3537/3537/3537
f 3518/3518/3518 3519/3519/3519 3539/3539/3539
f 3518/3518/3518 3539/3539/3539 3538/3538/3538
f 3519/3519/3519 3520/3520/3520 3540/3540/3540
f 3519/3519/3519 3540/3540/3540 3539/3539/3539
f 3520/3520/3520 3521/3521/3521 3541/3541/3541
f 3520/3520/3520 3541/3541/3541 3540/3540/3540
f 3521/3521/3521 3522/3522/3522 3542/3542/3542
f 3521/3521/3521 3542/3542/3542 3541/3541/3541
f 3522/3522/3522 3523/3523/3523 3543/3543/3543
f 3522/3522/3522 3543/3543/3543 3542/3542/3542
f 3523/3523/3523 3524/3524/3524 3544/3544/3544
f 3523/3523/3523 3544/3544/3544 3543/3543/3543
f 3524/3524/3524 3525/3525/3525 3545/3545/3545
f 3524/3524/3524 3545/3545/3545 3544/3544/3544
f 3525/3525/3525 3526/3526/3526 3546/3546/3546
f 3525/3525/3525 3546/3546/3546 3545/3545/3545
f 3526/3526/3526 3527/3527/3527 3547/3547/3547
f 3526/3526/3526 3547/3547/3547 3546/3546/3546
f 3527/3527/3527 3528/3528/3528 3548/3548/3548
f 3527/3527/3527 3548/3548/3548 3547/3547/3547
f 3528/3528/3528 3529/3529/3529 3549/3549/3549
f 3528/3528/3528 3549/3549/3549 3548/3548/3548
f 3529/3529/3529 3530/3530/3530 3550/3550/3550
f 3529/3529/3529 3550/3550/3550 3549/3549/3549
f 3530/3530/3530 3531/3531/3531 3551/3551/3551
f 3530/3530/3530 3551/3551/3551 3550/3550/3550
f 3531/3531/3531 3512/3512/3512 3532/3532/3532
f 3531/3531/3531 3532/3532/3532 3551/3551/3551
f 3532/3532/3532 3533/3533/3533 3553/3553/3553
f 3532/3532/3532 3553/3553/3553 3552/3552/3552
f 3533/3533/3533 3534/3534/3534 3554/3554/3554
f 3533/3533/3533 3554/3554/3554 3553/3553/3553
f 3534/3534/3534 3535/3535/3535 3555/3555/3555
f 3534/3534/3534 3555/3555/3555 3554/3554/3554
f 3535/3535/3535 3536/3536/3536 3556/3556/3556
f 3535/3535/3535 3556/3556/3556 3555/3555/3555
f 3536/3536/3536 3537/3537/3537 3557/3557/3557
f 3536/3536/3536 3557/3557/3557 3556/3556/3556
f 3537/3537/3537 3538/3538/3538 3558/3558/3558
f 3537/3537/3537 3558/3558/3558 3557/3557/3557
f 3538/3538/3538 3539/3539/3539 3559/3559/3559
f 3538/3538/3538 3559/3559/3559 3558/3558/3558
f 3539/3539/3539 3540/3540/3540 3560/3560/3560
f 3539/3539/3539 3560/3560/3560 3559/3559/3559
f 3540/3540/3540 3541/3541/3541 3561/3561/3561
f 3540/3540/3540 3561/3561/3561 3560/3560/3560
f 3541/3541/3541 3542/3542/3542 3562/3562/3562
f 3541/3541/3541 3562/3562/3562 3561/3561/3561
f 3542/3542/3542 3543/3543/3543 3563/3563/3563
f 3542/3542/3542 3563/3563/3563 3562/3562/3562
f 3543/3543/3543 3544/3544/3544 3564/3564/3564
f 3543/3543/3543 3564/3564/3564 3563/3563/3563
f 3544/3544/3544 3545/3545/3545 3565/3565/3565
f 3544/3544/3544 3565/3565/3565 3564/3564/3564
f 3545/3545/3545 3546/3546/3546 3566/3566/3566
f 3545/3545/3545 3566/3566/3566 3565/3565/3565
f 3546/3546/3546 3547/3547/3547 3567/3567/3567
f 3546/3546/3546 3567/3567/3567 3566/3566/3566
f 3547/3547/3547 3548/3548/3548 3568/3568/3568
f 3547/3547/3547 3568/3568/3568 3567/3567/3567
f 3548/3548/3548 3549/3549/3549 3569/3569/3569
f 3548/3548/3548 3569/3569/3569 3568/3568/3568
f 3549/3549/3549 3550/3550/3550 3570/3570/3570
f 3549/3549/3549 3570/3570/3570 3569/3569/3569
f 3550/3550/3550 3551/3551/3551 3571/3571/3571
f 3550/3550/3550 3571/3571/3571 3570/3570/3570
f 3551/3551/3551 3532/3532/3532 3552/3552/3552
f 3551/3551/3551 3552/3552/3552 3571/3571/3571
f 3552/3552/3552 3553/3553/3553 3573/3573/3573
f 3552/3552/3552 3573/3573/3573 3572/3572/3572
f 3553/3553/3553 3554/3554/3554 3574/3574/3574
f 3553/3553/3553 3574/3574/3574 3573/3573/3573
f 3554/3554/3554 3555/3555/3555 3575/3575/3575
f 3554/3554/3554 3575/3575/3575 3574/3574/3574
f 3555/3555/3555 3556/3556/3556 3576/3576/3576
f 3555/3555/3555 3576/3576/3576 3575/3575/3575
f 3556/3556/3556 3557/3557/3557 3577/3577/3577
f 3556/3556/3556 3577/3577/3577 3576/3576/3576
f 3557/3557/3557 3558/3558/3558 3578/3578/3578
f 3557/3557/3557 3578/3578/3578 3577/3577/3577
f 3558/3558/3558 3559/3559/3559 3579/3579/3579
f 3558/3558/3558 3579/3579/3579 3578/3578/3578
f 3559/3559/3559 3560/3560/3560 3580/3580/3580
f 3559/3559/3559 3580/3580/3580 3579/3579/3579
f 3560/3560/3560 3561/3561/3561 3581/3581/3581
f 3560/3560/3560 3581/3581/3581 3580/3580/3580
f 3561/3561/3561 3562/3562/3562 3582/3582/3582
f 3561/3561/3561 3582/3582/3582 3581/3581/3581
f 3562/3562/3562 3563/3563/3563 3583/3583/3583
f 3562/3562/3562 3583/3583/3583 3582/3582/3582
f 3563/3563/3563 3564/3564/3564 3584/3584/3584
f 3563/3563/3563 3584/3584/3584 3583/3583/3583
f 3564/3564/3564 3565/3565/3565 3585/3585/3585
f 3564/3564/3564 3585/3585/3585 3584/3584/3584
f 3565/3565/3565 3566/3566/3566 3586/3586/3586
f 3565/3565/3565 3586/3586/3586 3585/3585/3585
f 3566/3566/3566 3567/3567/3567 3587/3587/3587
f 3566/3566/3566 3587/3587/3587 3586/3586/3586
f 3567/3567/3567 3568/3568/3568 3588/3588/3588
f 3567/3567/3567 3588/3588/3588 3587/3587/3587
f 3568/3568/3568 3569/3569/3569 3589/3589/3589
f 3568/3568/3568 3589/3589/3589 3588/3588/3588
f 3569/3569/3569 3570/3570/3570 3590/3590/3590
f 3569/3569/3569 3590/3590/3590 3589/3589/3589
f 3570/3570/3570 3571/3571/3571 3591/3591/3591
f 3570/3570/3570 3591/3591/3591 3590/3590/3590
f 3571/3571/3571 3552/3552/3552 3572/3572/3572
f 3571/3571/3571 3572/3572/3572 3591/3591/3591
f 3572/3572/3572 3573/3573/3573 3593/3593/3593
f 3572/3572/3572 3593/3593/3593 3592/3592/3592
f 3573/3573/3573 3574/3574/3574 3594/3594/3594
f 3573/3573/3573 3594/3594/3594 3593/3593/3593
f 3574/3574/3574 3575/3575/3575 3595/3595/3595
f 3574/3574/3574 3595/3595/3595 3594/3594/3594
f 3575/3575/3575 3576/3576/3576 3596/3596/3596
f 3575/3575/3575 3596/3596/3596 3595/3595/3595
f 3576/3576/3576 3577/3577/3577 3597/3597/3597
f 3576/3576/3576 3597/3597/3597 3596/3596/3596
f 3577/3577/3577 3578/3578/3578 3598/3598/3598
f 3577/3577/3577 3598/3598/3598 3597/3597/3597
f 3578/3578/3578 3579/3579/3579 3599/3599/3599
f 3578/3578/3578 3599/3599/3599 3598/3598/3598
f 3579/3579/3579 3580/3580/3580 3600/3600/3600
f 3579/3579/3579 3600/3600/3600 3599/3599/3599
f 3580/3580/3580 3581/3581/3581 3601/3601/3601
f 3580/3580/3580 3601/3601/3601 3600/3600/3600
f 3581/3581/3581 3582/3582/3582 3602/3602/3602
f 3581/3581/3581 3602/3602/3602 3601/3601/3601
f 3582/3582/3582 3583/3583/3583 3603/3603/3603
f 3582/3582/3582 3603/3603/3603 3602/3602/3602
f 3583/3583/3583 3584/3584/3584 3604/3604/3604
f 3583/3583/3583 3604/3604/3604 3603/3603/3603
f 3584/3584/3584 3585/3585/3585 3605/3605/3605
f 3584/3584/3584 3605/3605/3605 3604/3604/3604
f 3585/3585/3585 3586/3586/3586 3606/3606/3606
f 3585/3585/3585 3606/3606/3606 3605/3605/3605
f 3586/3586/3586 3587/3587/3587 3607/3607/3607
f 3586/3586/3586 3607/3607/3607 3606/3606/3606
f 3587/3587/3587 3588/3588/3588 3608/3608/3608
f 3587/3587/3587 3608/3608/3608 3607/3607/3607
f 3588/3588/3588 3589/3589/3589 3609/3609/3609
f 3588/3588/3588 3609/3609/3609 3608/3608/3608
f 3589/3589/3589 3590/3590/3590 3610/3610/3610
f 3589/3589/3589 3610/3610/3610 3609/3609/3609
f 3590/3590/3590 3591/3591/3591 3611/3611/3611
f 3590/3590/3590 3611/3611/3611 3610/3610/3610
f 3591/3591/3591 3572/3572/3572 3592/3592/3592
f 3591/3591/3591 3592/3592/3592 3611/3611/3611
f 3612/3612/3612 3613/3613/3613 3614/3614/3614
f 3612/3612/3612 3614/3614/3614 3615/3615/3615
f 3612/3612/3612 3615/3615/3615 3616/3616/3616
f 3612/3612/3612 3616/3616/3616 3617/3617/3617
f 3612/3612/3612 3617/3617/3617 3618/3618/3618
f 3612/3612/3612 3618/3618/3618 3619/3619/3619
f 3612/3612/3612 3619/3619/3619 3620/3620/3620
f 3612/3612/3612 3620/3620/3620 3621/3621/3621
f 3612/3612/3612 3621/3621/3621 3622/3622/3622
f 3612/3612/3612 3622/3622/3622 3623/3623/3623
f 3612/3612/3612 3623/3623/3623 3624/3624/3624
f 3612/3612/3612 3624/3624/3624 3625/3625/3625
f 3612/3612/3612 3625/3625/3625 3626/3626/3626
f 3612/3612/3612 3626/3626/3626 3627/3627/3627
f 3612/3612/3612 3627/3627/3627 3628/3628/3628
f 3612/3612/3612 3628/3628/3628 3629/3629/3629
f 3612/3612/3612 3629/3629/3629 3630/3630/3630
f 3612/3612/3612 3630/3630/3630 3631/3631/3631
f 3612/3612/3612 3631/3631/3631 3632/3632/3632
f 3612/3612/3612 3632/3632/3632 3613/3613/3613
